<?xml version="1.0"?>
<!--<!DOCTYPE metadata SYSTEM "http://www.esri.com/metadata/esriprof80.dtd">-->
<metadata xml:lang="en"><Esri><CreaDate>20090918</CreaDate><CreaTime>11393300</CreaTime><SyncOnce>FALSE</SyncOnce><DataProperties><lineage><Process Name="Create Feature Class" ToolSource="C:\Program Files\ArcGIS\ArcToolbox\Toolboxes\Data Management Tools.tbx\CreateFeatureclass" Date="20051229" Time="160030">CreateFeatureclass "Database Connections\Connection to gis_dev.sde" schools_point # point_Layer SAME_AS_TEMPLATE SAME_AS_TEMPLATE "PROJCS['NAD_1983_StatePlane_Pennsylvania_South_FIPS_3702_Feet',GEOGCS['GCS_North_American_1983',DATUM['D_North_American_1983',SPHEROID['GRS_1980',6378137.0,298.257222101]],PRIMEM['Greenwich',0.0],UNIT['Degree',0.0174532925199433]],PROJECTION['Lambert_Conformal_Conic'],PARAMETER['False_Easting',1968500.0],PARAMETER['False_Northing',0.0],PARAMETER['Central_Meridian',-77.75],PARAMETER['Standard_Parallel_1',39.93333333333333],PARAMETER['Standard_Parallel_2',40.96666666666667],PARAMETER['Latitude_Of_Origin',39.33333333333334],UNIT['Foot_US',0.3048006096012192]];1211582.06971142 270321.668019019 7812.49999272404;0 100000;0 100000" # 0 0 0 "Database Connections\Connection to gis_dev.sde\GIS_DEV.schools_point"</Process><Process Name="Append" ToolSource="C:\Program Files\ArcGIS\ArcToolbox\Toolboxes\Data Management Tools.tbx\Append" Date="20051229" Time="160034">Append point_Layer "Database Connections\Connection to gis_dev.sde\GIS_DEV.schools_point" TEST "Database Connections\Connection to gis_dev.sde\GIS_DEV.schools_point"</Process><Process Name="FeatureClassToFeatureClass_56" ToolSource="C:\Program Files\ArcGIS\ArcToolbox\Toolboxes\Conversion Tools.tbx\FeatureClassToFeatureClass" Date="20051229" Time="160036">FeatureClassToFeatureClass P:\Citywide\Data\coverages\schools\point "Database Connections\Connection to gis_dev.sde" schools_point # "AREA AREA VISIBLE;PERIMETER PERIMETER VISIBLE;SCHOOLS# SCHOOLS_ VISIBLE;SCHOOLS-ID SCHOOLS_ID VISIBLE;NAME NAME VISIBLE;TYPE TYPE VISIBLE;STATUS STATUS VISIBLE;HOOD_NO HOOD_NO VISIBLE;HOOD HOOD VISIBLE;ADDRESS ADDRESS VISIBLE;ZIPCODE ZIPCODE VISIBLE;PHONE PHONE VISIBLE;CKPSITE CKPSITE VISIBLE;DISTRICT DISTRICT VISIBLE;ENROLL95 ENROLL95 VISIBLE;EMPLOY95 EMPLOY95 VISIBLE;EST EST VISIBLE;CITYDIST CITYDIST VISIBLE;$POLYGONID POLYGONID VISIBLE;$SCALE SCALE VISIBLE;$ANGLE ANGLE VISIBLE" SAME_AS_TEMPLATE SAME_AS_TEMPLATE # 0 "Database Connections\Connection to gis_dev.sde\GIS_DEV.schools_point"</Process><Process ToolSource="C:\Program Files\ArcGIS\ArcToolbox\Toolboxes\Data Management Tools.tbx\CopyFeatures" Date="20070222" Time="104500">CopyFeatures "Database Connections\GIS_PROD.sde\GIS_PROD.schools_point" "Database Connections\gisprod.sde\GIS_PROD.GIS_PROD_schools_point" # 0 0 0</Process><Process ToolSource="C:\Program Files\ArcGIS\ArcToolbox\Toolboxes\Data Management Tools.tbx\CopyFeatures" Date="20081118" Time="153933">CopyFeatures C:\Temp\schools.shp "Database Connections\Connection to gis0011.sde\GIS_PROD.schools" # 0 0 0</Process><Process ToolSource="C:\Program Files\ArcGIS\ArcToolbox\Toolboxes\Conversion Tools.tbx\FeatureClassToFeatureClass" Date="20091026" Time="111330">FeatureClassToFeatureClass V:\GIS-ADMIN\Workspaces\Reinhold\Shapefiles\SchoolsSDE.shp C:\Temp\Schools\Schools.mdb Schools # "OBJECTID_1 'OBJECTID_1' true true false 10 Double 0 10 ,First,#,V:\GIS-ADMIN\Workspaces\Reinhold\Shapefiles\SchoolsSDE.shp,OBJECTID_1,-1,-1;OBJECTID 'OBJECTID' true true false 10 Double 0 10 ,First,#,V:\GIS-ADMIN\Workspaces\Reinhold\Shapefiles\SchoolsSDE.shp,OBJECTID,-1,-1;NAME 'NAME' true true false 30 Text 0 0 ,First,#,V:\GIS-ADMIN\Workspaces\Reinhold\Shapefiles\SchoolsSDE.shp,NAME,-1,-1;TYPE 'TYPE' true true false 1 Text 0 0 ,First,#,V:\GIS-ADMIN\Workspaces\Reinhold\Shapefiles\SchoolsSDE.shp,TYPE,-1,-1;STATUS 'STATUS' true true false 6 Text 0 0 ,First,#,V:\GIS-ADMIN\Workspaces\Reinhold\Shapefiles\SchoolsSDE.shp,STATUS,-1,-1;HOOD_NO 'HOOD_NO' true true false 8 Long 0 8 ,First,#,V:\GIS-ADMIN\Workspaces\Reinhold\Shapefiles\SchoolsSDE.shp,HOOD_NO,-1,-1;HOOD 'HOOD' true true false 30 Text 0 0 ,First,#,V:\GIS-ADMIN\Workspaces\Reinhold\Shapefiles\SchoolsSDE.shp,HOOD,-1,-1;ADDRESS 'ADDRESS' true true false 30 Text 0 0 ,First,#,V:\GIS-ADMIN\Workspaces\Reinhold\Shapefiles\SchoolsSDE.shp,ADDRESS,-1,-1;ZIPCODE 'ZIPCODE' true true false 5 Long 0 5 ,First,#,V:\GIS-ADMIN\Workspaces\Reinhold\Shapefiles\SchoolsSDE.shp,ZIPCODE,-1,-1;PHONE 'PHONE' true true false 8 Text 0 0 ,First,#,V:\GIS-ADMIN\Workspaces\Reinhold\Shapefiles\SchoolsSDE.shp,PHONE,-1,-1;CKPSITE 'CKPSITE' true true false 1 Text 0 0 ,First,#,V:\GIS-ADMIN\Workspaces\Reinhold\Shapefiles\SchoolsSDE.shp,CKPSITE,-1,-1;DISTRICT 'DISTRICT' true true false 30 Text 0 0 ,First,#,V:\GIS-ADMIN\Workspaces\Reinhold\Shapefiles\SchoolsSDE.shp,DISTRICT,-1,-1;CITYDIST 'CITYDIST' true true false 1 Short 0 1 ,First,#,V:\GIS-ADMIN\Workspaces\Reinhold\Shapefiles\SchoolsSDE.shp,CITYDIST,-1,-1;FORMERNAME 'FORMERNAME' true true false 50 Text 0 0 ,First,#,V:\GIS-ADMIN\Workspaces\Reinhold\Shapefiles\SchoolsSDE.shp,FORMERNAME,-1,-1;Status0607 'Status0607' true true false 20 Text 0 0 ,First,#,V:\GIS-ADMIN\Workspaces\Reinhold\Shapefiles\SchoolsSDE.shp,Status0607,-1,-1;Status0708 'Status0708' true true false 20 Text 0 0 ,First,#,V:\GIS-ADMIN\Workspaces\Reinhold\Shapefiles\SchoolsSDE.shp,Status0708,-1,-1;Status0809 'Status0809' true true false 20 Text 0 0 ,First,#,V:\GIS-ADMIN\Workspaces\Reinhold\Shapefiles\SchoolsSDE.shp,Status0809,-1,-1;NameAddres 'NameAddres' true true false 100 Text 0 0 ,First,#,V:\GIS-ADMIN\Workspaces\Reinhold\Shapefiles\SchoolsSDE.shp,NameAddres,-1,-1;Class 'Class' true true false 10 Text 0 0 ,First,#,V:\GIS-ADMIN\Workspaces\Reinhold\Shapefiles\SchoolsSDE.shp,Class,-1,-1;ECC 'ECC' true true false 1 Text 0 0 ,First,#,V:\GIS-ADMIN\Workspaces\Reinhold\Shapefiles\SchoolsSDE.shp,ECC,-1,-1;ALA 'ALA' true true false 1 Text 0 0 ,First,#,V:\GIS-ADMIN\Workspaces\Reinhold\Shapefiles\SchoolsSDE.shp,ALA,-1,-1;Grades 'Grades' true true false 15 Text 0 0 ,First,#,V:\GIS-ADMIN\Workspaces\Reinhold\Shapefiles\SchoolsSDE.shp,Grades,-1,-1" # C:\Temp\Schools\Schools.mdb\Schools</Process><Process ToolSource="C:\Program Files\ArcGIS\ArcToolbox\Toolboxes\Data Management Tools.tbx\AddField" Date="20091026" Time="120447">AddField C:\Temp\Schools\Schools.mdb\Schools UniqueID LONG # # # # NULLABLE NON_REQUIRED # C:\Temp\Schools\Schools.mdb\Schools</Process><Process ToolSource="C:\Program Files\ArcGIS\ArcToolbox\Toolboxes\Data Management Tools.tbx\CalculateField" Date="20091026" Time="120510">CalculateField C:\Temp\Schools\Schools.mdb\Schools UniqueID [OBJECTID_12] VB # C:\Temp\Schools\Schools.mdb\Schools</Process><Process ToolSource="C:\Program Files\ArcGIS\ArcToolbox\Toolboxes\Conversion Tools.tbx\FeatureClassToFeatureClass" Date="20091026" Time="122001">FeatureClassToFeatureClass C:\Temp\Schools\Schools.mdb\Schools "V:\GIS-ADMIN\Current Data\Current_Data.gdb" Schools # "OBJECTID_1 'OBJECTID_1' true true false 8 Double 0 0 ,First,#,C:\Temp\Schools\Schools.mdb\Schools,OBJECTID_1,-1,-1;OBJECTID 'OBJECTID' true true false 8 Double 0 0 ,First,#,C:\Temp\Schools\Schools.mdb\Schools,OBJECTID,-1,-1;NAME 'NAME' true true false 30 Text 0 0 ,First,#,C:\Temp\Schools\Schools.mdb\Schools,NAME,-1,-1;TYPE 'TYPE' true true false 1 Text 0 0 ,First,#,C:\Temp\Schools\Schools.mdb\Schools,TYPE,-1,-1;STATUS 'STATUS' true true false 6 Text 0 0 ,First,#,C:\Temp\Schools\Schools.mdb\Schools,STATUS,-1,-1;HOOD_NO 'HOOD_NO' true true false 4 Long 0 0 ,First,#,C:\Temp\Schools\Schools.mdb\Schools,HOOD_NO,-1,-1;HOOD 'HOOD' true true false 30 Text 0 0 ,First,#,C:\Temp\Schools\Schools.mdb\Schools,HOOD,-1,-1;ADDRESS 'ADDRESS' true true false 30 Text 0 0 ,First,#,C:\Temp\Schools\Schools.mdb\Schools,ADDRESS,-1,-1;ZIPCODE 'ZIPCODE' true true false 4 Long 0 0 ,First,#,C:\Temp\Schools\Schools.mdb\Schools,ZIPCODE,-1,-1;PHONE 'PHONE' true true false 8 Text 0 0 ,First,#,C:\Temp\Schools\Schools.mdb\Schools,PHONE,-1,-1;CKPSITE 'CKPSITE' true true false 1 Text 0 0 ,First,#,C:\Temp\Schools\Schools.mdb\Schools,CKPSITE,-1,-1;DISTRICT 'DISTRICT' true true false 30 Text 0 0 ,First,#,C:\Temp\Schools\Schools.mdb\Schools,DISTRICT,-1,-1;CITYDIST 'CITYDIST' true true false 2 Short 0 0 ,First,#,C:\Temp\Schools\Schools.mdb\Schools,CITYDIST,-1,-1;FORMERNAME 'FORMERNAME' true true false 50 Text 0 0 ,First,#,C:\Temp\Schools\Schools.mdb\Schools,FORMERNAME,-1,-1;Class 'Class' true true false 10 Text 0 0 ,First,#,C:\Temp\Schools\Schools.mdb\Schools,Class,-1,-1;ECC 'ECC' true true false 1 Text 0 0 ,First,#,C:\Temp\Schools\Schools.mdb\Schools,ECC,-1,-1;ALA 'ALA' true true false 1 Text 0 0 ,First,#,C:\Temp\Schools\Schools.mdb\Schools,ALA,-1,-1;Grades 'Grades' true true false 15 Text 0 0 ,First,#,C:\Temp\Schools\Schools.mdb\Schools,Grades,-1,-1;UniqueID 'UniqueID' true true false 4 Long 0 0 ,First,#,C:\Temp\Schools\Schools.mdb\Schools,UniqueID,-1,-1" # "V:\GIS-ADMIN\Current Data\Current_Data.gdb\Schools"</Process><Process ToolSource="C:\Program Files\ArcGIS\ArcToolbox\Toolboxes\Conversion Tools.tbx\FeatureClassToFeatureClass" Date="20100416" Time="144656">FeatureClassToFeatureClass "V:\GIS-ADMIN\Current Data\Current_Data.gdb\Schools" C:\TempStreetGuidebook\Schools.mdb Schools # "OBJECTID_1 'OBJECTID_1' true true false 8 Double 0 0 ,First,#,V:\GIS-ADMIN\Current Data\Current_Data.gdb\Schools,OBJECTID_1,-1,-1;OBJECTID 'OBJECTID' true true false 8 Double 0 0 ,First,#,V:\GIS-ADMIN\Current Data\Current_Data.gdb\Schools,OBJECTID,-1,-1;NAME 'NAME' true true false 30 Text 0 0 ,First,#,V:\GIS-ADMIN\Current Data\Current_Data.gdb\Schools,NAME,-1,-1;TYPE 'TYPE' true true false 1 Text 0 0 ,First,#,V:\GIS-ADMIN\Current Data\Current_Data.gdb\Schools,TYPE,-1,-1;STATUS 'STATUS' true true false 6 Text 0 0 ,First,#,V:\GIS-ADMIN\Current Data\Current_Data.gdb\Schools,STATUS,-1,-1;HOOD_NO 'HOOD_NO' true true false 4 Long 0 0 ,First,#,V:\GIS-ADMIN\Current Data\Current_Data.gdb\Schools,HOOD_NO,-1,-1;HOOD 'HOOD' true true false 30 Text 0 0 ,First,#,V:\GIS-ADMIN\Current Data\Current_Data.gdb\Schools,HOOD,-1,-1;ADDRESS 'ADDRESS' true true false 30 Text 0 0 ,First,#,V:\GIS-ADMIN\Current Data\Current_Data.gdb\Schools,ADDRESS,-1,-1;ZIPCODE 'ZIPCODE' true true false 4 Long 0 0 ,First,#,V:\GIS-ADMIN\Current Data\Current_Data.gdb\Schools,ZIPCODE,-1,-1;PHONE 'PHONE' true true false 8 Text 0 0 ,First,#,V:\GIS-ADMIN\Current Data\Current_Data.gdb\Schools,PHONE,-1,-1;CKPSITE 'CKPSITE' true true false 1 Text 0 0 ,First,#,V:\GIS-ADMIN\Current Data\Current_Data.gdb\Schools,CKPSITE,-1,-1;DISTRICT 'DISTRICT' true true false 30 Text 0 0 ,First,#,V:\GIS-ADMIN\Current Data\Current_Data.gdb\Schools,DISTRICT,-1,-1;CITYDIST 'CITYDIST' true true false 2 Short 0 0 ,First,#,V:\GIS-ADMIN\Current Data\Current_Data.gdb\Schools,CITYDIST,-1,-1;FORMERNAME 'FORMERNAME' true true false 50 Text 0 0 ,First,#,V:\GIS-ADMIN\Current Data\Current_Data.gdb\Schools,FORMERNAME,-1,-1;Class 'Class' true true false 10 Text 0 0 ,First,#,V:\GIS-ADMIN\Current Data\Current_Data.gdb\Schools,Class,-1,-1;ECC 'ECC' true true false 1 Text 0 0 ,First,#,V:\GIS-ADMIN\Current Data\Current_Data.gdb\Schools,ECC,-1,-1;ALA 'ALA' true true false 1 Text 0 0 ,First,#,V:\GIS-ADMIN\Current Data\Current_Data.gdb\Schools,ALA,-1,-1;Grades 'Grades' true true false 15 Text 0 0 ,First,#,V:\GIS-ADMIN\Current Data\Current_Data.gdb\Schools,Grades,-1,-1;UniqueID 'UniqueID' true true false 4 Long 0 0 ,First,#,V:\GIS-ADMIN\Current Data\Current_Data.gdb\Schools,UniqueID,-1,-1;Label 'Label' true true false 60 Text 0 0 ,First,#,V:\GIS-ADMIN\Current Data\Current_Data.gdb\Schools,Label,-1,-1;Label2 'Label2' true true false 60 Text 0 0 ,First,#,V:\GIS-ADMIN\Current Data\Current_Data.gdb\Schools,Label2,-1,-1" # C:\TempStreetGuidebook\Schools.mdb\Schools</Process><Process ToolSource="C:\Program Files\ArcGIS\ArcToolbox\Toolboxes\Conversion Tools.tbx\FeatureClassToFeatureClass" Date="20100416" Time="162552">FeatureClassToFeatureClass C:\TempStreetGuidebook\Schools.mdb\Schools "V:\GIS-ADMIN\Current Data\Current_Data.gdb" Schools # "OBJECTID_1 'OBJECTID_1' true true false 8 Double 0 0 ,First,#,C:\TempStreetGuidebook\Schools.mdb\Schools,OBJECTID_1,-1,-1;OBJECTID 'OBJECTID' true true false 8 Double 0 0 ,First,#,C:\TempStreetGuidebook\Schools.mdb\Schools,OBJECTID,-1,-1;NAME 'NAME' true true false 50 Text 0 0 ,First,#,C:\TempStreetGuidebook\Schools.mdb\Schools,NAME,-1,-1;TYPE 'TYPE' true true false 2 Text 0 0 ,First,#,C:\TempStreetGuidebook\Schools.mdb\Schools,TYPE,-1,-1;STATUS 'STATUS' true true false 6 Text 0 0 ,First,#,C:\TempStreetGuidebook\Schools.mdb\Schools,STATUS,-1,-1;HOOD_NO 'HOOD_NO' true true false 4 Long 0 0 ,First,#,C:\TempStreetGuidebook\Schools.mdb\Schools,HOOD_NO,-1,-1;HOOD 'HOOD' true true false 30 Text 0 0 ,First,#,C:\TempStreetGuidebook\Schools.mdb\Schools,HOOD,-1,-1;ADDRESS 'ADDRESS' true true false 30 Text 0 0 ,First,#,C:\TempStreetGuidebook\Schools.mdb\Schools,ADDRESS,-1,-1;ZIPCODE 'ZIPCODE' true true false 4 Long 0 0 ,First,#,C:\TempStreetGuidebook\Schools.mdb\Schools,ZIPCODE,-1,-1;PHONE 'PHONE' true true false 8 Text 0 0 ,First,#,C:\TempStreetGuidebook\Schools.mdb\Schools,PHONE,-1,-1;CKPSITE 'CKPSITE' true true false 1 Text 0 0 ,First,#,C:\TempStreetGuidebook\Schools.mdb\Schools,CKPSITE,-1,-1;DISTRICT 'DISTRICT' true true false 30 Text 0 0 ,First,#,C:\TempStreetGuidebook\Schools.mdb\Schools,DISTRICT,-1,-1;CITYDIST 'CITYDIST' true true false 2 Short 0 0 ,First,#,C:\TempStreetGuidebook\Schools.mdb\Schools,CITYDIST,-1,-1;FORMERNAME 'FORMERNAME' true true false 50 Text 0 0 ,First,#,C:\TempStreetGuidebook\Schools.mdb\Schools,FORMERNAME,-1,-1;Class 'Class' true true false 10 Text 0 0 ,First,#,C:\TempStreetGuidebook\Schools.mdb\Schools,Class,-1,-1;ECC 'ECC' true true false 1 Text 0 0 ,First,#,C:\TempStreetGuidebook\Schools.mdb\Schools,ECC,-1,-1;ALA 'ALA' true true false 1 Text 0 0 ,First,#,C:\TempStreetGuidebook\Schools.mdb\Schools,ALA,-1,-1;Grades 'Grades' true true false 15 Text 0 0 ,First,#,C:\TempStreetGuidebook\Schools.mdb\Schools,Grades,-1,-1;UniqueID 'UniqueID' true true false 4 Long 0 0 ,First,#,C:\TempStreetGuidebook\Schools.mdb\Schools,UniqueID,-1,-1;Label 'Label' true true false 60 Text 0 0 ,First,#,C:\TempStreetGuidebook\Schools.mdb\Schools,Label,-1,-1;Label2 'Label2' true true false 60 Text 0 0 ,First,#,C:\TempStreetGuidebook\Schools.mdb\Schools,Label2,-1,-1" # "V:\GIS-ADMIN\Current Data\Current_Data.gdb\Schools"</Process><Process ToolSource="c:\program files\arcgis\desktop10.1\ArcToolbox\Toolboxes\Data Management Tools.tbx\CopyFeatures" Date="20121024" Time="130045">CopyFeatures Schools V:\GIS-ADMIN\google_shapefiles\Schools.shp # 0 0 0</Process></lineage><itemProps><itemName Sync="TRUE">Schools</itemName><imsContentType Sync="TRUE">002</imsContentType><itemSize Sync="TRUE">0.000</itemSize><itemLocation><linkage Sync="TRUE">file://\\gis0011\pgh-gis\GIS-ADMIN\google_shapefiles\Schools.shp</linkage><protocol Sync="TRUE">Local Area Network</protocol></itemLocation></itemProps><coordRef><type Sync="TRUE">Projected</type><geogcsn Sync="TRUE">GCS_North_American_1983</geogcsn><csUnits Sync="TRUE">Linear Unit: Foot_US (0.304801)</csUnits><projcsn Sync="TRUE">NAD_1983_StatePlane_Pennsylvania_South_FIPS_3702_Feet</projcsn><peXml Sync="TRUE">&lt;ProjectedCoordinateSystem xsi:type='typens:ProjectedCoordinateSystem' xmlns:xsi='http://www.w3.org/2001/XMLSchema-instance' xmlns:xs='http://www.w3.org/2001/XMLSchema' xmlns:typens='http://www.esri.com/schemas/ArcGIS/10.1'&gt;&lt;WKT&gt;PROJCS[&amp;quot;NAD_1983_StatePlane_Pennsylvania_South_FIPS_3702_Feet&amp;quot;,GEOGCS[&amp;quot;GCS_North_American_1983&amp;quot;,DATUM[&amp;quot;D_North_American_1983&amp;quot;,SPHEROID[&amp;quot;GRS_1980&amp;quot;,6378137.0,298.257222101]],PRIMEM[&amp;quot;Greenwich&amp;quot;,0.0],UNIT[&amp;quot;Degree&amp;quot;,0.0174532925199433]],PROJECTION[&amp;quot;Lambert_Conformal_Conic&amp;quot;],PARAMETER[&amp;quot;False_Easting&amp;quot;,1968500.0],PARAMETER[&amp;quot;False_Northing&amp;quot;,0.0],PARAMETER[&amp;quot;Central_Meridian&amp;quot;,-77.75],PARAMETER[&amp;quot;Standard_Parallel_1&amp;quot;,39.93333333333333],PARAMETER[&amp;quot;Standard_Parallel_2&amp;quot;,40.96666666666667],PARAMETER[&amp;quot;Latitude_Of_Origin&amp;quot;,39.33333333333334],UNIT[&amp;quot;Foot_US&amp;quot;,0.3048006096012192],AUTHORITY[&amp;quot;EPSG&amp;quot;,2272]]&lt;/WKT&gt;&lt;XOrigin&gt;-119214200&lt;/XOrigin&gt;&lt;YOrigin&gt;-96198500&lt;/YOrigin&gt;&lt;XYScale&gt;37163717.489134133&lt;/XYScale&gt;&lt;ZOrigin&gt;-100000&lt;/ZOrigin&gt;&lt;ZScale&gt;10000&lt;/ZScale&gt;&lt;MOrigin&gt;-100000&lt;/MOrigin&gt;&lt;MScale&gt;10000&lt;/MScale&gt;&lt;XYTolerance&gt;0.0032808333333333331&lt;/XYTolerance&gt;&lt;ZTolerance&gt;0.001&lt;/ZTolerance&gt;&lt;MTolerance&gt;0.001&lt;/MTolerance&gt;&lt;HighPrecision&gt;true&lt;/HighPrecision&gt;&lt;WKID&gt;102729&lt;/WKID&gt;&lt;LatestWKID&gt;2272&lt;/LatestWKID&gt;&lt;/ProjectedCoordinateSystem&gt;</peXml></coordRef></DataProperties><SyncDate>20121024</SyncDate><SyncTime>13004300</SyncTime><ModDate>20121024</ModDate><ModTime>13004300</ModTime><MetaID>{9064C550-BD42-416C-91D4-DE3DE3B9A20A}</MetaID></Esri><idinfo><citation><citeinfo><onlink Sync="TRUE">\\gis0011\pgh-gis\GIS-ADMIN\Current Data\Current_Data.gdb</onlink><origin>REQUIRED: The name of an organization or individual that developed the data set.</origin><pubdate>REQUIRED: The date when the data set is published or otherwise made available for release.</pubdate><title Sync="TRUE">Schools</title><ftname Sync="TRUE">Schools</ftname><geoform Sync="TRUE">vector digital data</geoform></citeinfo></citation><native Sync="TRUE">Microsoft Windows XP Version 5.1 (Build 2600) Service Pack 3; ESRI ArcCatalog 9.3.1.3500</native><descript><langdata Sync="TRUE">en</langdata><abstract>REQUIRED: A brief narrative summary of the data set.</abstract><purpose>REQUIRED: A summary of the intentions with which the data set was developed.</purpose></descript><timeperd><current>REQUIRED: The basis on which the time period of content information is determined.</current><timeinfo><sngdate><caldate>REQUIRED: The year (and optionally month, or month and day) for which the data set corresponds to the ground.</caldate></sngdate></timeinfo></timeperd><status><progress>REQUIRED: The state of the data set.</progress><update>REQUIRED: The frequency with which changes and additions are made to the data set after the initial data set is completed.</update></status><spdom><bounding><westbc Sync="TRUE">-80.081436</westbc><eastbc Sync="TRUE">-79.869912</eastbc><northbc Sync="TRUE">40.495529</northbc><southbc Sync="TRUE">40.366875</southbc></bounding><lboundng><leftbc Sync="TRUE">1320126.711704</leftbc><rightbc Sync="TRUE">1377884.657868</rightbc><bottombc Sync="TRUE">385048.677005</bottombc><topbc Sync="TRUE">430476.343695</topbc></lboundng></spdom><keywords><theme><themekt>REQUIRED: Reference to a formally registered thesaurus or a similar authoritative source of theme keywords.</themekt><themekey>REQUIRED: Common-use word or phrase used to describe the subject of the data set.</themekey></theme></keywords><accconst>REQUIRED: Restrictions and legal prerequisites for accessing the data set.</accconst><useconst>REQUIRED: Restrictions and legal prerequisites for using the data set after access is granted.</useconst><natvform Sync="TRUE">File Geodatabase Feature Class</natvform></idinfo><distInfo><distributor><distorTran><onLineSrc><linkage Sync="TRUE">file://\\gis0011\pgh-gis\GIS-ADMIN\Current Data\Current_Data.gdb</linkage><protocol Sync="TRUE">Local Area Network</protocol><orDesc Sync="TRUE">002</orDesc></onLineSrc></distorTran><distorFormat><formatName Sync="TRUE">File Geodatabase Feature Class</formatName></distorFormat></distributor><distFormat><formatName Sync="TRUE">Shapefile</formatName></distFormat><distTranOps><transSize Sync="TRUE">0.000</transSize></distTranOps></distInfo><dataqual><lineage><procstep><procdesc Sync="TRUE">Dataset copied.</procdesc><srcused Sync="TRUE">Server=gis0010; Service=esri_sde; Database=gis_dev; User=gis_dev; Version=SDE.DEFAULT</srcused><date Sync="TRUE">20060512</date><time Sync="TRUE">08234000</time></procstep><procstep><procdesc Sync="TRUE">Dataset copied.</procdesc><srcused Sync="TRUE">Server=gis0011; Service=esri_sde; Database=gisprod; User=GIS_PROD; Version=SDE.DEFAULT</srcused><date Sync="TRUE">20081113</date><time Sync="TRUE">15200800</time></procstep><procstep><procdesc Sync="TRUE">Dataset copied.</procdesc><srcused Sync="TRUE">Server=gis0011; Service=esri_sde; Database=gisprod; User=gis_prod; Version=SDE.DEFAULT</srcused><procdate Sync="TRUE">20090918</procdate><proctime Sync="TRUE">11393400</proctime></procstep></lineage></dataqual><dataIdInfo><envirDesc Sync="TRUE">Microsoft Windows XP Version 5.1 (Build 2600) Service Pack 3; Esri ArcGIS 10.1.0.3035</envirDesc><dataLang><languageCode Sync="TRUE" value="en"></languageCode><countryCode value="US" Sync="TRUE"></countryCode></dataLang><idCitation><resTitle Sync="TRUE">Schools</resTitle><presForm><PresFormCd Sync="TRUE" value="005"></PresFormCd></presForm></idCitation><spatRpType><SpatRepTypCd Sync="TRUE" value="001"></SpatRepTypCd></spatRpType><dataExt><geoEle><GeoBndBox esriExtentType="native"><westBL Sync="TRUE">1320126.711704</westBL><eastBL Sync="TRUE">1377884.657868</eastBL><northBL Sync="TRUE">430476.343695</northBL><southBL Sync="TRUE">385048.677005</southBL><exTypeCode Sync="TRUE">1</exTypeCode></GeoBndBox></geoEle></dataExt><geoBox esriExtentType="decdegrees"><westBL Sync="TRUE">-80.081436</westBL><eastBL Sync="TRUE">-79.869912</eastBL><northBL Sync="TRUE">40.495529</northBL><southBL Sync="TRUE">40.366875</southBL><exTypeCode Sync="TRUE">1</exTypeCode></geoBox></dataIdInfo><metainfo><langmeta Sync="TRUE">en</langmeta><metstdn Sync="TRUE">FGDC Content Standards for Digital Geospatial Metadata</metstdn><metstdv Sync="TRUE">FGDC-STD-001-1998</metstdv><mettc Sync="TRUE">local time</mettc><metc><cntinfo><cntorgp><cntper>REQUIRED: The person responsible for the metadata information.</cntper><cntorg>REQUIRED: The organization responsible for the metadata information.</cntorg></cntorgp><cntaddr><addrtype>REQUIRED: The mailing and/or physical address for the organization or individual.</addrtype><city>REQUIRED: The city of the address.</city><state>REQUIRED: The state or province of the address.</state><postal>REQUIRED: The ZIP or other postal code of the address.</postal></cntaddr><cntvoice>REQUIRED: The telephone number by which individuals can speak to the organization or individual.</cntvoice></cntinfo></metc><metd Sync="TRUE">20100416</metd></metainfo><mdLang><languageCode Sync="TRUE" value="en"></languageCode><countryCode value="US" Sync="TRUE"></countryCode></mdLang><mdStanName Sync="TRUE">ISO 19115 Geographic Information - Metadata</mdStanName><mdStanVer Sync="TRUE">DIS_ESRI1.0</mdStanVer><mdChar><CharSetCd Sync="TRUE" value="004"></CharSetCd></mdChar><mdHrLv><ScopeCd Sync="TRUE" value="005"></ScopeCd></mdHrLv><mdHrLvName Sync="TRUE">dataset</mdHrLvName><distinfo><resdesc Sync="TRUE">Downloadable Data</resdesc></distinfo><spdoinfo><direct Sync="TRUE">Vector</direct><ptvctinf><esriterm Name="Schools"><efeatyp Sync="TRUE">Simple</efeatyp><efeageom code="1" Sync="TRUE"></efeageom><esritopo Sync="TRUE">FALSE</esritopo><efeacnt Sync="TRUE">0</efeacnt><spindex Sync="TRUE">FALSE</spindex><linrefer Sync="TRUE">FALSE</linrefer></esriterm></ptvctinf></spdoinfo><spref><horizsys><cordsysn><geogcsn Sync="TRUE">GCS_North_American_1983</geogcsn><projcsn Sync="TRUE">NAD_1983_StatePlane_Pennsylvania_South_FIPS_3702_Feet</projcsn></cordsysn><planar><planci><plance Sync="TRUE">coordinate pair</plance><plandu Sync="TRUE">survey feet</plandu><coordrep><absres Sync="TRUE">0.000328</absres><ordres Sync="TRUE">0.000328</ordres></coordrep></planci></planar><geodetic><horizdn Sync="TRUE">North American Datum of 1983</horizdn><ellips Sync="TRUE">Geodetic Reference System 80</ellips><semiaxis Sync="TRUE">6378137.000000</semiaxis><denflat Sync="TRUE">298.257222</denflat></geodetic></horizsys><vertdef><altsys><altenc Sync="TRUE">Explicit elevation coordinate included with horizontal coordinates</altenc><altres Sync="TRUE">1.000000</altres></altsys></vertdef></spref><refSysInfo><RefSystem><refSysID><identCode Sync="TRUE" value="2272">NAD_1983_StatePlane_Pennsylvania_South_FIPS_3702_Feet</identCode><idCodeSpace Sync="TRUE">EPSG</idCodeSpace><idVersion Sync="TRUE">7.9.4</idVersion></refSysID></RefSystem></refSysInfo><spatRepInfo><VectSpatRep><geometObjs Name="Schools"><geoObjTyp><GeoObjTypCd value="004" Sync="TRUE"></GeoObjTypCd></geoObjTyp><geoObjCnt Sync="TRUE">0</geoObjCnt></geometObjs><topLvl><TopoLevCd value="001" Sync="TRUE"></TopoLevCd></topLvl></VectSpatRep></spatRepInfo><eainfo><detailed Name="Schools"><enttyp><enttypl Sync="TRUE">Schools</enttypl><enttypt Sync="TRUE">Feature Class</enttypt><enttypc Sync="TRUE">0</enttypc></enttyp><attr><attrlabl Sync="TRUE">FID</attrlabl><attalias Sync="TRUE">FID</attalias><attrtype Sync="TRUE">OID</attrtype><attwidth Sync="TRUE">4</attwidth><atprecis Sync="TRUE">0</atprecis><attscale Sync="TRUE">0</attscale><attrdef Sync="TRUE">Internal feature number.</attrdef><attrdefs Sync="TRUE">Esri</attrdefs><attrdomv><udom Sync="TRUE">Sequential unique whole numbers that are automatically generated.</udom></attrdomv></attr><attr><attrlabl Sync="TRUE">OBJECTID</attrlabl><attalias Sync="TRUE">OBJECTID</attalias><attrtype Sync="TRUE">Double</attrtype><attwidth Sync="TRUE">19</attwidth><atprecis Sync="TRUE">0</atprecis><attscale Sync="TRUE">0</attscale><attrdef Sync="TRUE">Internal feature number.</attrdef><attrdefs Sync="TRUE">ESRI</attrdefs><attrdomv><udom Sync="TRUE">Sequential unique whole numbers that are automatically generated.</udom></attrdomv></attr><attr><attrlabl Sync="TRUE">OBJECTID_2</attrlabl><attalias Sync="TRUE">OBJECTID_2</attalias><attrtype Sync="TRUE">Double</attrtype><attwidth Sync="TRUE">19</attwidth><atprecis Sync="TRUE">0</atprecis><attscale Sync="TRUE">0</attscale></attr><attr><attrlabl Sync="TRUE">NAME</attrlabl><attalias Sync="TRUE">NAME</attalias><attrtype Sync="TRUE">String</attrtype><attwidth Sync="TRUE">50</attwidth><atprecis Sync="TRUE">0</atprecis><attscale Sync="TRUE">0</attscale></attr><attr><attrlabl Sync="TRUE">TYPE</attrlabl><attalias Sync="TRUE">TYPE</attalias><attrtype Sync="TRUE">String</attrtype><attwidth Sync="TRUE">2</attwidth><atprecis Sync="TRUE">0</atprecis><attscale Sync="TRUE">0</attscale></attr><attr><attrlabl Sync="TRUE">HOOD</attrlabl><attalias Sync="TRUE">HOOD</attalias><attrtype Sync="TRUE">String</attrtype><attwidth Sync="TRUE">30</attwidth><atprecis Sync="TRUE">0</atprecis><attscale Sync="TRUE">0</attscale></attr><attr><attrlabl Sync="TRUE">HOOD_NO</attrlabl><attalias Sync="TRUE">HOOD_NO</attalias><attrtype Sync="TRUE">Integer</attrtype><attwidth Sync="TRUE">9</attwidth><atprecis Sync="TRUE">9</atprecis><attscale Sync="TRUE">0</attscale></attr><attr><attrlabl Sync="TRUE">ADDRESS</attrlabl><attalias Sync="TRUE">ADDRESS</attalias><attrtype Sync="TRUE">String</attrtype><attwidth Sync="TRUE">30</attwidth><atprecis Sync="TRUE">0</atprecis><attscale Sync="TRUE">0</attscale></attr><attr><attrlabl Sync="TRUE">ZIPCODE</attrlabl><attalias Sync="TRUE">ZIPCODE</attalias><attrtype Sync="TRUE">Integer</attrtype><attwidth Sync="TRUE">9</attwidth><atprecis Sync="TRUE">9</atprecis><attscale Sync="TRUE">0</attscale></attr><attr><attrlabl Sync="TRUE">PHONE</attrlabl><attalias Sync="TRUE">PHONE</attalias><attrtype Sync="TRUE">String</attrtype><attwidth Sync="TRUE">8</attwidth><atprecis Sync="TRUE">0</atprecis><attscale Sync="TRUE">0</attscale></attr><attr><attrlabl Sync="TRUE">CKPSITE</attrlabl><attalias Sync="TRUE">CKPSITE</attalias><attrtype Sync="TRUE">String</attrtype><attwidth Sync="TRUE">1</attwidth><atprecis Sync="TRUE">0</atprecis><attscale Sync="TRUE">0</attscale></attr><attr><attrlabl Sync="TRUE">DISTRICT</attrlabl><attalias Sync="TRUE">DISTRICT</attalias><attrtype Sync="TRUE">String</attrtype><attwidth Sync="TRUE">30</attwidth><atprecis Sync="TRUE">0</atprecis><attscale Sync="TRUE">0</attscale></attr><attr><attrlabl Sync="TRUE">CITYDIST</attrlabl><attalias Sync="TRUE">CITYDIST</attalias><attrtype Sync="TRUE">SmallInteger</attrtype><attwidth Sync="TRUE">4</attwidth><atprecis Sync="TRUE">4</atprecis><attscale Sync="TRUE">0</attscale></attr><attr><attrlabl Sync="TRUE">SHAPE</attrlabl><attalias Sync="TRUE">Shape</attalias><attrtype Sync="TRUE">Geometry</attrtype><attwidth Sync="TRUE">0</attwidth><atprecis Sync="TRUE">0</atprecis><attscale Sync="TRUE">0</attscale><attrdef Sync="TRUE">Feature geometry.</attrdef><attrdefs Sync="TRUE">ESRI</attrdefs><attrdomv><udom Sync="TRUE">Coordinates defining the features.</udom></attrdomv></attr><attr><attrlabl Sync="TRUE">STATUS</attrlabl><attalias Sync="TRUE">STATUS</attalias><attrtype Sync="TRUE">String</attrtype><attwidth Sync="TRUE">6</attwidth><atprecis Sync="TRUE">0</atprecis><attscale Sync="TRUE">0</attscale></attr><attr><attrlabl Sync="TRUE">FORMERNAME</attrlabl><attalias Sync="TRUE">FORMERNAME</attalias><attrtype Sync="TRUE">String</attrtype><attwidth Sync="TRUE">50</attwidth><atprecis Sync="TRUE">0</atprecis><attscale Sync="TRUE">0</attscale></attr><attr><attrlabl Sync="TRUE">Class</attrlabl><attalias Sync="TRUE">Class</attalias><attrtype Sync="TRUE">String</attrtype><attwidth Sync="TRUE">10</attwidth><atprecis Sync="TRUE">0</atprecis><attscale Sync="TRUE">0</attscale></attr><attr><attrlabl Sync="TRUE">ECC</attrlabl><attalias Sync="TRUE">ECC</attalias><attrtype Sync="TRUE">String</attrtype><attwidth Sync="TRUE">1</attwidth><atprecis Sync="TRUE">0</atprecis><attscale Sync="TRUE">0</attscale></attr><attr><attrlabl Sync="TRUE">ALA</attrlabl><attalias Sync="TRUE">ALA</attalias><attrtype Sync="TRUE">String</attrtype><attwidth Sync="TRUE">1</attwidth><atprecis Sync="TRUE">0</atprecis><attscale Sync="TRUE">0</attscale></attr><attr><attrlabl Sync="TRUE">Grades</attrlabl><attalias Sync="TRUE">Grades</attalias><attrtype Sync="TRUE">String</attrtype><attwidth Sync="TRUE">15</attwidth><atprecis Sync="TRUE">0</atprecis><attscale Sync="TRUE">0</attscale></attr><attr><attrlabl Sync="TRUE">UniqueID</attrlabl><attalias Sync="TRUE">UniqueID</attalias><attrtype Sync="TRUE">Integer</attrtype><attwidth Sync="TRUE">9</attwidth><atprecis Sync="TRUE">9</atprecis><attscale Sync="TRUE">0</attscale></attr><attr><attrlabl Sync="TRUE">Label</attrlabl><attalias Sync="TRUE">Label</attalias><attrtype Sync="TRUE">String</attrtype><attwidth Sync="TRUE">60</attwidth><atprecis Sync="TRUE">0</atprecis><attscale Sync="TRUE">0</attscale></attr><attr><attrlabl Sync="TRUE">Label2</attrlabl><attalias Sync="TRUE">Label2</attalias><attrtype Sync="TRUE">String</attrtype><attwidth Sync="TRUE">60</attwidth><atprecis Sync="TRUE">0</atprecis><attscale Sync="TRUE">0</attscale></attr></detailed></eainfo><mdDateSt Sync="TRUE">20121024</mdDateSt></metadata>
