<?xml version="1.0"?>
<!--<!DOCTYPE metadata SYSTEM "http://www.esri.com/metadata/esriprof80.dtd">-->
<metadata xml:lang="en"><Esri><CreaDate>20030327</CreaDate><CreaTime>08345100</CreaTime><SyncOnce>FALSE</SyncOnce><MetaID>{BC555E06-6058-11D7-B6F4-0002A5A901D0}</MetaID><SyncDate>20121024</SyncDate><SyncTime>13074300</SyncTime><ModDate>20121024</ModDate><ModTime>13074300</ModTime><DataProperties><lineage><Process ToolSource="C:\Program Files\ArcGIS\ArcToolbox\Toolboxes\Conversion Tools.tbx\FeatureClassToFeatureClass" Date="20091009" Time="150404">FeatureClassToFeatureClass V:\Citywide\Data\Shapefiles\council.shp "V:\GIS-ADMIN\Current Data\Current_Data.gdb" Council_District # "AREA 'AREA' true true false 20 Double 0 0 ,First,#,V:\Citywide\Data\Shapefiles\council.shp,AREA,-1,-1;PERIMETER 'PERIMETER' true true false 20 Double 0 0 ,First,#,V:\Citywide\Data\Shapefiles\council.shp,PERIMETER,-1,-1;COUNCIL_ 'COUNCIL_' true true false 11 Double 0 11 ,First,#,V:\Citywide\Data\Shapefiles\council.shp,COUNCIL_,-1,-1;COUNCIL_ID 'COUNCIL_ID' true true false 11 Double 0 11 ,First,#,V:\Citywide\Data\Shapefiles\council.shp,COUNCIL_ID,-1,-1;COUNCIL 'COUNCIL' true true false 2 Short 0 2 ,First,#,V:\Citywide\Data\Shapefiles\council.shp,COUNCIL,-1,-1;COUNCILMAN 'COUNCILMAN' true true false 30 Text 0 0 ,First,#,V:\Citywide\Data\Shapefiles\council.shp,COUNCILMAN,-1,-1;COMMITTEE 'COMMITTEE' true true false 30 Text 0 0 ,First,#,V:\Citywide\Data\Shapefiles\council.shp,COMMITTEE,-1,-1;PHONE 'PHONE' true true false 8 Text 0 0 ,First,#,V:\Citywide\Data\Shapefiles\council.shp,PHONE,-1,-1;UNIQUE_ID 'UNIQUE_ID' true true false 2 Short 0 2 ,First,#,V:\Citywide\Data\Shapefiles\council.shp,UNIQUE_ID,-1,-1;ACRES 'ACRES' true true false 10 Double 3 9 ,First,#,V:\Citywide\Data\Shapefiles\council.shp,ACRES,-1,-1;SQMILES 'SQMILES' true true false 10 Double 3 9 ,First,#,V:\Citywide\Data\Shapefiles\council.shp,SQMILES,-1,-1" # "V:\GIS-ADMIN\Current Data\Current_Data.gdb\Council_District"</Process><Process ToolSource="C:\Program Files\ArcGIS\ArcToolbox\Toolboxes\Conversion Tools.tbx\FeatureClassToFeatureClass" Date="20100113" Time="115516">FeatureClassToFeatureClass "V:\GIS-ADMIN\Current Data\Current_Data.gdb\Council_District" "V:\GIS-ADMIN\Current Data\EMSTemp.mdb" Council_District # "AREA 'AREA' true true false 8 Double 0 0 ,First,#,V:\GIS-ADMIN\Current Data\Current_Data.gdb\Council_District,AREA,-1,-1;PERIMETER 'PERIMETER' true true false 8 Double 0 0 ,First,#,V:\GIS-ADMIN\Current Data\Current_Data.gdb\Council_District,PERIMETER,-1,-1;COUNCIL_ 'COUNCIL_' true true false 8 Double 0 0 ,First,#,V:\GIS-ADMIN\Current Data\Current_Data.gdb\Council_District,COUNCIL_,-1,-1;COUNCIL_ID 'COUNCIL_ID' true true false 8 Double 0 0 ,First,#,V:\GIS-ADMIN\Current Data\Current_Data.gdb\Council_District,COUNCIL_ID,-1,-1;COUNCIL 'COUNCIL' true true false 2 Short 0 0 ,First,#,V:\GIS-ADMIN\Current Data\Current_Data.gdb\Council_District,COUNCIL,-1,-1;COUNCILMAN 'COUNCILMAN' true true false 30 Text 0 0 ,First,#,V:\GIS-ADMIN\Current Data\Current_Data.gdb\Council_District,COUNCILMAN,-1,-1;COMMITTEE 'COMMITTEE' true true false 30 Text 0 0 ,First,#,V:\GIS-ADMIN\Current Data\Current_Data.gdb\Council_District,COMMITTEE,-1,-1;PHONE 'PHONE' true true false 8 Text 0 0 ,First,#,V:\GIS-ADMIN\Current Data\Current_Data.gdb\Council_District,PHONE,-1,-1;UNIQUE_ID 'UNIQUE_ID' true true false 2 Short 0 0 ,First,#,V:\GIS-ADMIN\Current Data\Current_Data.gdb\Council_District,UNIQUE_ID,-1,-1;ACRES 'ACRES' true true false 8 Double 0 0 ,First,#,V:\GIS-ADMIN\Current Data\Current_Data.gdb\Council_District,ACRES,-1,-1;SQMILES 'SQMILES' true true false 8 Double 0 0 ,First,#,V:\GIS-ADMIN\Current Data\Current_Data.gdb\Council_District,SQMILES,-1,-1;Shape_Length 'Shape_Length' false true true 8 Double 0 0 ,First,#,V:\GIS-ADMIN\Current Data\Current_Data.gdb\Council_District,Shape_Length,-1,-1;Shape_Area 'Shape_Area' false true true 8 Double 0 0 ,First,#,V:\GIS-ADMIN\Current Data\Current_Data.gdb\Council_District,Shape_Area,-1,-1" # "V:\GIS-ADMIN\Current Data\EMSTemp.mdb\Council_District"</Process><Process ToolSource="C:\Program Files\ArcGIS\ArcToolbox\Toolboxes\Conversion Tools.tbx\FeatureClassToFeatureClass" Date="20100113" Time="120253">FeatureClassToFeatureClass "V:\GIS-ADMIN\Current Data\EMSTemp.mdb\Council_District" "V:\GIS-ADMIN\Current Data\Current_Data.gdb" Council_District # "AREA 'AREA' true true false 8 Double 0 0 ,First,#,V:\GIS-ADMIN\Current Data\EMSTemp.mdb\Council_District,AREA,-1,-1;PERIMETER 'PERIMETER' true true false 8 Double 0 0 ,First,#,V:\GIS-ADMIN\Current Data\EMSTemp.mdb\Council_District,PERIMETER,-1,-1;COUNCIL_ 'COUNCIL_' true true false 8 Double 0 0 ,First,#,V:\GIS-ADMIN\Current Data\EMSTemp.mdb\Council_District,COUNCIL_,-1,-1;COUNCIL_ID 'COUNCIL_ID' true true false 8 Double 0 0 ,First,#,V:\GIS-ADMIN\Current Data\EMSTemp.mdb\Council_District,COUNCIL_ID,-1,-1;COUNCIL 'COUNCIL' true true false 2 Short 0 0 ,First,#,V:\GIS-ADMIN\Current Data\EMSTemp.mdb\Council_District,COUNCIL,-1,-1;COUNCILMAN 'COUNCILMAN' true true false 30 Text 0 0 ,First,#,V:\GIS-ADMIN\Current Data\EMSTemp.mdb\Council_District,COUNCILMAN,-1,-1;COMMITTEE 'COMMITTEE' true true false 50 Text 0 0 ,First,#,V:\GIS-ADMIN\Current Data\EMSTemp.mdb\Council_District,COMMITTEE,-1,-1;PHONE 'PHONE' true true false 8 Text 0 0 ,First,#,V:\GIS-ADMIN\Current Data\EMSTemp.mdb\Council_District,PHONE,-1,-1;UNIQUE_ID 'UNIQUE_ID' true true false 2 Short 0 0 ,First,#,V:\GIS-ADMIN\Current Data\EMSTemp.mdb\Council_District,UNIQUE_ID,-1,-1;ACRES 'ACRES' true true false 8 Double 0 0 ,First,#,V:\GIS-ADMIN\Current Data\EMSTemp.mdb\Council_District,ACRES,-1,-1;SQMILES 'SQMILES' true true false 8 Double 0 0 ,First,#,V:\GIS-ADMIN\Current Data\EMSTemp.mdb\Council_District,SQMILES,-1,-1;Shape_Length 'Shape_Length' false true true 8 Double 0 0 ,First,#,V:\GIS-ADMIN\Current Data\EMSTemp.mdb\Council_District,Shape_Length,-1,-1;Shape_Area 'Shape_Area' false true true 8 Double 0 0 ,First,#,V:\GIS-ADMIN\Current Data\EMSTemp.mdb\Council_District,Shape_Area,-1,-1" # "V:\GIS-ADMIN\Current Data\Current_Data.gdb\Council_District"</Process><Process ToolSource="c:\program files\arcgis\desktop10.1\ArcToolbox\Toolboxes\Data Management Tools.tbx\CopyFeatures" Date="20121024" Time="130743">CopyFeatures Council_District V:\GIS-ADMIN\google_shapefiles\Council_District.shp # 0 0 0</Process></lineage><itemProps><itemName Sync="TRUE">Council_District</itemName><imsContentType Sync="TRUE">002</imsContentType><itemSize Sync="TRUE">0.000</itemSize><itemLocation><linkage Sync="TRUE">file://\\gis0011\pgh-gis\GIS-ADMIN\google_shapefiles\Council_District.shp</linkage><protocol Sync="TRUE">Local Area Network</protocol></itemLocation></itemProps><coordRef><type Sync="TRUE">Projected</type><geogcsn Sync="TRUE">GCS_North_American_1983</geogcsn><csUnits Sync="TRUE">Linear Unit: Foot_US (0.304801)</csUnits><projcsn Sync="TRUE">NAD_1983_StatePlane_Pennsylvania_South_FIPS_3702_Feet</projcsn><peXml Sync="TRUE">&lt;ProjectedCoordinateSystem xsi:type='typens:ProjectedCoordinateSystem' xmlns:xsi='http://www.w3.org/2001/XMLSchema-instance' xmlns:xs='http://www.w3.org/2001/XMLSchema' xmlns:typens='http://www.esri.com/schemas/ArcGIS/10.1'&gt;&lt;WKT&gt;PROJCS[&amp;quot;NAD_1983_StatePlane_Pennsylvania_South_FIPS_3702_Feet&amp;quot;,GEOGCS[&amp;quot;GCS_North_American_1983&amp;quot;,DATUM[&amp;quot;D_North_American_1983&amp;quot;,SPHEROID[&amp;quot;GRS_1980&amp;quot;,6378137.0,298.257222101]],PRIMEM[&amp;quot;Greenwich&amp;quot;,0.0],UNIT[&amp;quot;Degree&amp;quot;,0.0174532925199433]],PROJECTION[&amp;quot;Lambert_Conformal_Conic&amp;quot;],PARAMETER[&amp;quot;False_Easting&amp;quot;,1968500.0],PARAMETER[&amp;quot;False_Northing&amp;quot;,0.0],PARAMETER[&amp;quot;Central_Meridian&amp;quot;,-77.75],PARAMETER[&amp;quot;Standard_Parallel_1&amp;quot;,39.93333333333333],PARAMETER[&amp;quot;Standard_Parallel_2&amp;quot;,40.96666666666667],PARAMETER[&amp;quot;Latitude_Of_Origin&amp;quot;,39.33333333333334],UNIT[&amp;quot;Foot_US&amp;quot;,0.3048006096012192],AUTHORITY[&amp;quot;EPSG&amp;quot;,2272]]&lt;/WKT&gt;&lt;XOrigin&gt;-119214200&lt;/XOrigin&gt;&lt;YOrigin&gt;-96198500&lt;/YOrigin&gt;&lt;XYScale&gt;37163717.489134133&lt;/XYScale&gt;&lt;ZOrigin&gt;-100000&lt;/ZOrigin&gt;&lt;ZScale&gt;10000&lt;/ZScale&gt;&lt;MOrigin&gt;-100000&lt;/MOrigin&gt;&lt;MScale&gt;10000&lt;/MScale&gt;&lt;XYTolerance&gt;0.0032808333333333331&lt;/XYTolerance&gt;&lt;ZTolerance&gt;0.001&lt;/ZTolerance&gt;&lt;MTolerance&gt;0.001&lt;/MTolerance&gt;&lt;HighPrecision&gt;true&lt;/HighPrecision&gt;&lt;WKID&gt;102729&lt;/WKID&gt;&lt;LatestWKID&gt;2272&lt;/LatestWKID&gt;&lt;/ProjectedCoordinateSystem&gt;</peXml></coordRef></DataProperties></Esri><idinfo><citation><citeinfo><origin>City of Pittsburgh</origin><pubdate>Unknown</pubdate><title>City Council Districts</title><ftname Sync="TRUE">Council_District</ftname><geoform Sync="TRUE">vector digital data</geoform><onlink Sync="TRUE">\\gis0011\pgh-gis\GIS-ADMIN\Current Data\Current_Data.gdb</onlink></citeinfo></citation><native Sync="TRUE">Microsoft Windows XP Version 5.1 (Build 2600) Service Pack 3; ESRI ArcCatalog 9.3.1.3000</native><descript><langdata Sync="TRUE">en</langdata><abstract>City council districts</abstract><purpose>Visual representation of City Council Districts.  Contains the district number, councilman, councilman's phone number, and any committees that he/she is on.  Also a field to assign color to for plotting maps.  Annotations contain the councilman's name.</purpose></descript><timeperd><current>publication date</current><timeinfo><sngdate><caldate>unknown</caldate></sngdate></timeinfo></timeperd><status><progress>Complete</progress><update>As needed</update></status><spdom><bounding><westbc Sync="TRUE">-80.096787</westbc><eastbc Sync="TRUE">-79.862845</eastbc><northbc Sync="TRUE">40.503670</northbc><southbc Sync="TRUE">40.358000</southbc></bounding><lboundng><leftbc Sync="TRUE">1315933.418928</leftbc><rightbc Sync="TRUE">1379779.562914</rightbc><bottombc Sync="TRUE">381925.562157</bottombc><topbc Sync="TRUE">433397.542619</topbc></lboundng></spdom><keywords><theme><themekey>city council</themekey><themekey>council district</themekey><themekey>district</themekey></theme><place><placekey>Pittsburgh</placekey><placekey>Pennsylvania</placekey><placekey>Allegheny County</placekey></place><theme><themekt>ISO 19115 Topic Category </themekt><themekey>boundaries</themekey></theme></keywords><accconst>None</accconst><useconst>None</useconst><natvform Sync="TRUE">File Geodatabase Feature Class</natvform><ptcontac><cntinfo><cntorgp><cntorg>City of Pittsburgh, Department of City Planning</cntorg><cntper>GIS Manager</cntper></cntorgp><cntaddr><addrtype>mailing and physical address</addrtype><address>200 Ross Street, 4th Floor</address><city>Pittsburgh</city><state>PA</state><postal>15219</postal><country>USA</country></cntaddr><cntvoice>412-255-2200</cntvoice><cntemail>Email not applicable</cntemail></cntinfo></ptcontac><browse/></idinfo><distInfo><distributor><distorTran><onLineSrc><linkage Sync="TRUE">file://\\gis0011\pgh-gis\GIS-ADMIN\Current Data\Current_Data.gdb</linkage><protocol Sync="TRUE">Local Area Network</protocol><orDesc Sync="TRUE">002</orDesc></onLineSrc><transSize Sync="TRUE">0.051</transSize></distorTran><distorFormat><formatName Sync="TRUE">File Geodatabase Feature Class</formatName></distorFormat></distributor><distFormat><formatName Sync="TRUE">Shapefile</formatName></distFormat><distTranOps><transSize Sync="TRUE">0.000</transSize></distTranOps></distInfo><dataqual><lineage><procstep><procdesc Sync="TRUE">Dataset copied.</procdesc><srcused Sync="TRUE">y:\sandyprojects\councildists\council2003</srcused><date Sync="TRUE">20030109</date><time Sync="TRUE">13244500</time></procstep><procstep><procdesc Sync="TRUE">Dataset copied.</procdesc><srcused Sync="TRUE">p:\workspaces\dcp\homa\coverages\council2003</srcused><date Sync="TRUE">20030327</date><time Sync="TRUE">08345100</time></procstep></lineage></dataqual><dataIdInfo><envirDesc Sync="TRUE">Microsoft Windows XP Version 5.1 (Build 2600) Service Pack 3; Esri ArcGIS 10.1.0.3035</envirDesc><dataLang><languageCode Sync="TRUE" value="en"></languageCode><countryCode value="US" Sync="TRUE"></countryCode></dataLang><idCitation><resTitle Sync="TRUE">Council_District</resTitle><presForm><PresFormCd Sync="TRUE" value="005"></PresFormCd></presForm></idCitation><spatRpType><SpatRepTypCd Sync="TRUE" value="001"></SpatRepTypCd></spatRpType><dataExt><geoEle><GeoBndBox esriExtentType="native"><westBL Sync="TRUE">1315933.418928</westBL><eastBL Sync="TRUE">1379779.562914</eastBL><northBL Sync="TRUE">433397.542619</northBL><southBL Sync="TRUE">381925.562157</southBL><exTypeCode Sync="TRUE">1</exTypeCode></GeoBndBox></geoEle></dataExt><geoBox esriExtentType="decdegrees"><westBL Sync="TRUE">-80.096787</westBL><eastBL Sync="TRUE">-79.862845</eastBL><northBL Sync="TRUE">40.50367</northBL><southBL Sync="TRUE">40.358</southBL><exTypeCode Sync="TRUE">1</exTypeCode></geoBox></dataIdInfo><metainfo><langmeta Sync="TRUE">en</langmeta><metstdn Sync="TRUE">FGDC Content Standards for Digital Geospatial Metadata</metstdn><metstdv Sync="TRUE">FGDC-STD-001-1998</metstdv><mettc Sync="TRUE">local time</mettc><metc><cntinfo><cntorgp><cntper>GIS Manager</cntper><cntorg>City of Pittsburgh, Department of City Planning</cntorg></cntorgp><cntaddr><addrtype>mailing and physical address</addrtype><city>Pittsburgh</city><state>PA</state><postal>15219</postal><address>200 Ross Street, 4th Floor</address><country>USA</country></cntaddr><cntvoice>412-255-2200</cntvoice><cntemail>Email not applicable</cntemail></cntinfo></metc><metd Sync="TRUE">20100113</metd></metainfo><mdLang><languageCode Sync="TRUE" value="en"></languageCode><countryCode value="US" Sync="TRUE"></countryCode></mdLang><mdStanName Sync="TRUE">ISO 19115 Geographic Information - Metadata</mdStanName><mdStanVer Sync="TRUE">DIS_ESRI1.0</mdStanVer><mdChar><CharSetCd Sync="TRUE" value="004"></CharSetCd></mdChar><mdHrLv><ScopeCd Sync="TRUE" value="005"></ScopeCd></mdHrLv><mdHrLvName Sync="TRUE">dataset</mdHrLvName><distinfo><resdesc Sync="TRUE">Downloadable Data</resdesc><stdorder><digform><digtinfo><transize Sync="TRUE">0.051</transize><dssize Sync="TRUE">0.051</dssize></digtinfo></digform></stdorder><distrib><cntinfo><cntorgp><cntorg>City of Pittsburgh, Department of City Planning</cntorg><cntper>GIS Manager</cntper></cntorgp><cntaddr><addrtype>mailing and physical address</addrtype><address>200 Ross Street, 4th Floor</address><city>Pittsburgh</city><state>PA</state><postal>15219</postal><country>USA</country></cntaddr><cntvoice>412-255-2200</cntvoice><cntemail>Email not applicable</cntemail></cntinfo></distrib><distliab>The City of Pittsburgh assumes no liability regarding the use of this data	</distliab></distinfo><spdoinfo><direct Sync="TRUE">Vector</direct><ptvctinf><esriterm Name="Council_District"><efeatyp Sync="TRUE">Simple</efeatyp><efeageom code="4" Sync="TRUE"></efeageom><esritopo Sync="TRUE">FALSE</esritopo><efeacnt Sync="TRUE">0</efeacnt><spindex Sync="TRUE">FALSE</spindex><linrefer Sync="TRUE">FALSE</linrefer></esriterm></ptvctinf></spdoinfo><spref><horizsys><cordsysn><geogcsn Sync="TRUE">GCS_North_American_1983</geogcsn><projcsn Sync="TRUE">NAD_1983_StatePlane_Pennsylvania_South_FIPS_3702_Feet</projcsn></cordsysn><planar><planci><plance Sync="TRUE">coordinate pair</plance><plandu Sync="TRUE">survey feet</plandu><coordrep><absres Sync="TRUE">0.000328</absres><ordres Sync="TRUE">0.000328</ordres></coordrep></planci></planar><geodetic><horizdn Sync="TRUE">North American Datum of 1983</horizdn><ellips Sync="TRUE">Geodetic Reference System 80</ellips><semiaxis Sync="TRUE">6378137.000000</semiaxis><denflat Sync="TRUE">298.257222</denflat></geodetic></horizsys></spref><refSysInfo><RefSystem><refSysID><identCode Sync="TRUE" value="2272">NAD_1983_StatePlane_Pennsylvania_South_FIPS_3702_Feet</identCode><idCodeSpace Sync="TRUE">EPSG</idCodeSpace><idVersion Sync="TRUE">7.9.4</idVersion></refSysID></RefSystem></refSysInfo><spatRepInfo><VectSpatRep><geometObjs Name="Council_District"><geoObjTyp><GeoObjTypCd value="002" Sync="TRUE"></GeoObjTypCd></geoObjTyp><geoObjCnt Sync="TRUE">0</geoObjCnt></geometObjs><topLvl><TopoLevCd value="001" Sync="TRUE"></TopoLevCd></topLvl></VectSpatRep></spatRepInfo><eainfo><detailed Name="Council_District"><enttyp><enttypl Sync="TRUE">Council_District</enttypl><enttypt Sync="TRUE">Feature Class</enttypt><enttypc Sync="TRUE">0</enttypc></enttyp><attr><attrlabl Sync="TRUE">FID</attrlabl><attalias Sync="TRUE">FID</attalias><attrtype Sync="TRUE">OID</attrtype><attwidth Sync="TRUE">4</attwidth><atprecis Sync="TRUE">0</atprecis><attscale Sync="TRUE">0</attscale><attrdef Sync="TRUE">Internal feature number.</attrdef><attrdefs Sync="TRUE">Esri</attrdefs><attrdomv><udom Sync="TRUE">Sequential unique whole numbers that are automatically generated.</udom></attrdomv></attr><attr><attrlabl Sync="TRUE">Shape</attrlabl><attalias Sync="TRUE">Shape</attalias><attrtype Sync="TRUE">Geometry</attrtype><attwidth Sync="TRUE">0</attwidth><atprecis Sync="TRUE">0</atprecis><attscale Sync="TRUE">0</attscale><attrdef Sync="TRUE">Feature geometry.</attrdef><attrdefs Sync="TRUE">ESRI</attrdefs><attrdomv><udom Sync="TRUE">Coordinates defining the features.</udom></attrdomv></attr><attr><attrlabl Sync="TRUE">AREA</attrlabl><attalias Sync="TRUE">AREA</attalias><attrtype Sync="TRUE">Double</attrtype><attwidth Sync="TRUE">19</attwidth><attrdef>Area of polygon in internal units squared</attrdef><atprecis Sync="TRUE">0</atprecis><attscale Sync="TRUE">0</attscale></attr><attr><attrlabl Sync="TRUE">PERIMETER</attrlabl><attalias Sync="TRUE">PERIMETER</attalias><attrtype Sync="TRUE">Double</attrtype><attwidth Sync="TRUE">19</attwidth><attrdef>Perimeter of polygon in internal units</attrdef><atprecis Sync="TRUE">0</atprecis><attscale Sync="TRUE">0</attscale></attr><attr><attrlabl Sync="TRUE">COUNCIL_</attrlabl><attalias Sync="TRUE">COUNCIL_</attalias><attrtype Sync="TRUE">Double</attrtype><attwidth Sync="TRUE">19</attwidth><attrdef>Internal feature number</attrdef><atprecis Sync="TRUE">0</atprecis><attscale Sync="TRUE">0</attscale></attr><attr><attrlabl Sync="TRUE">COUNCIL_ID</attrlabl><attalias Sync="TRUE">COUNCIL_ID</attalias><attrtype Sync="TRUE">Double</attrtype><attwidth Sync="TRUE">19</attwidth><attrdef>User-defined feature number</attrdef><atprecis Sync="TRUE">0</atprecis><attscale Sync="TRUE">0</attscale></attr><attr><attrlabl Sync="TRUE">COUNCIL</attrlabl><attalias Sync="TRUE">COUNCIL</attalias><attrtype Sync="TRUE">SmallInteger</attrtype><attwidth Sync="TRUE">4</attwidth><attrdef>Council District number</attrdef><atprecis Sync="TRUE">4</atprecis><attscale Sync="TRUE">0</attscale></attr><attr><attrlabl Sync="TRUE">COUNCILMAN</attrlabl><attalias Sync="TRUE">COUNCILMAN</attalias><attrtype Sync="TRUE">String</attrtype><attwidth Sync="TRUE">30</attwidth><attrdef>Councilman's name</attrdef><atprecis Sync="TRUE">0</atprecis><attscale Sync="TRUE">0</attscale></attr><attr><attrlabl Sync="TRUE">COMMITTEE</attrlabl><attalias Sync="TRUE">COMMITTEE</attalias><attrtype Sync="TRUE">String</attrtype><attwidth Sync="TRUE">50</attwidth><attrdef>Committees they serve on</attrdef><atprecis Sync="TRUE">0</atprecis><attscale Sync="TRUE">0</attscale></attr><attr><attrlabl Sync="TRUE">PHONE</attrlabl><attalias Sync="TRUE">PHONE</attalias><attrtype Sync="TRUE">String</attrtype><attwidth Sync="TRUE">8</attwidth><attrdef>Councilman's phone number</attrdef><atprecis Sync="TRUE">0</atprecis><attscale Sync="TRUE">0</attscale></attr><attr><attrlabl Sync="TRUE">UNIQUE_ID</attrlabl><attalias Sync="TRUE">UNIQUE_ID</attalias><attrtype Sync="TRUE">SmallInteger</attrtype><attwidth Sync="TRUE">4</attwidth><attrdef>Id number</attrdef><atprecis Sync="TRUE">4</atprecis><attscale Sync="TRUE">0</attscale></attr><attr><attrlabl Sync="TRUE">ACRES</attrlabl><attalias Sync="TRUE">ACRES</attalias><attrtype Sync="TRUE">Double</attrtype><attwidth Sync="TRUE">19</attwidth><attrdef>Calculated acres</attrdef><atprecis Sync="TRUE">0</atprecis><attscale Sync="TRUE">0</attscale></attr><attr><attrlabl Sync="TRUE">SQMILES</attrlabl><attalias Sync="TRUE">SQMILES</attalias><attrtype Sync="TRUE">Double</attrtype><attwidth Sync="TRUE">19</attwidth><attrdef>Calculated square miles</attrdef><atprecis Sync="TRUE">0</atprecis><attscale Sync="TRUE">0</attscale></attr><attr><attrlabl Sync="TRUE">Shape_Leng</attrlabl><attalias Sync="TRUE">Shape_Leng</attalias><attrtype Sync="TRUE">Double</attrtype><attwidth Sync="TRUE">19</attwidth><atprecis Sync="TRUE">0</atprecis><attscale Sync="TRUE">0</attscale></attr><attr><attrlabl Sync="TRUE">Shape_Area</attrlabl><attalias Sync="TRUE">Shape_Area</attalias><attrtype Sync="TRUE">Double</attrtype><attwidth Sync="TRUE">19</attwidth><atprecis Sync="TRUE">0</atprecis><attscale Sync="TRUE">0</attscale><attrdef Sync="TRUE">Area of feature in internal units squared.</attrdef><attrdefs Sync="TRUE">ESRI</attrdefs><attrdomv><udom Sync="TRUE">Positive real numbers that are automatically generated.</udom></attrdomv></attr></detailed></eainfo><mdDateSt Sync="TRUE">20121024</mdDateSt></metadata>
