<?xml version="1.0"?>
<!--<!DOCTYPE metadata SYSTEM "http://www.esri.com/metadata/esriprof80.dtd">-->
<metadata xml:lang="en"><Esri><MetaID>{BB2173B3-9F3C-4D04-BB6F-CC4F342C94C1}</MetaID><CreaDate>20090521</CreaDate><CreaTime>14594300</CreaTime><SyncOnce>FALSE</SyncOnce><SyncDate>20121024</SyncDate><SyncTime>13091400</SyncTime><ModDate>20121024</ModDate><ModTime>13091400</ModTime><DataProperties><lineage><Process ToolSource="C:\Program Files\ArcGIS\ArcToolbox\Toolboxes\Conversion Tools.tbx\FeatureClassToFeatureClass" Date="20091009" Time="150723">FeatureClassToFeatureClass V:\Citywide\Data\Shapefiles\index.shp "V:\GIS-ADMIN\Current Data\Current_Data.gdb" Map_Index_Grid # "AREA 'AREA' true true false 13 Float 0 0 ,First,#,V:\Citywide\Data\Shapefiles\index.shp,AREA,-1,-1;PERIMETER 'PERIMETER' true true false 13 Float 0 0 ,First,#,V:\Citywide\Data\Shapefiles\index.shp,PERIMETER,-1,-1;INDEX_ 'INDEX_' true true false 11 Double 0 11 ,First,#,V:\Citywide\Data\Shapefiles\index.shp,INDEX_,-1,-1;INDEX_ID 'INDEX_ID' true true false 11 Double 0 11 ,First,#,V:\Citywide\Data\Shapefiles\index.shp,INDEX_ID,-1,-1;GROUP 'GROUP' true true false 2 Short 0 2 ,First,#,V:\Citywide\Data\Shapefiles\index.shp,GROUP,-1,-1;STATUS 'STATUS' true true false 3 Short 0 3 ,First,#,V:\Citywide\Data\Shapefiles\index.shp,STATUS,-1,-1;PARCELFIX 'PARCELFIX' true true false 3 Short 0 3 ,First,#,V:\Citywide\Data\Shapefiles\index.shp,PARCELFIX,-1,-1;LOT 'LOT' true true false 4 Short 0 4 ,First,#,V:\Citywide\Data\Shapefiles\index.shp,LOT,-1,-1;MapIndex 'MapIndex' true true false 10 Text 0 0 ,First,#,V:\Citywide\Data\Shapefiles\index.shp,MapIndex,-1,-1;Left 'Left' true true false 5 Text 0 0 ,First,#,V:\Citywide\Data\Shapefiles\index.shp,Left,-1,-1;Right 'Right' true true false 5 Text 0 0 ,First,#,V:\Citywide\Data\Shapefiles\index.shp,Right,-1,-1;Above 'Above' true true false 5 Text 0 0 ,First,#,V:\Citywide\Data\Shapefiles\index.shp,Above,-1,-1;Below 'Below' true true false 5 Text 0 0 ,First,#,V:\Citywide\Data\Shapefiles\index.shp,Below,-1,-1" # "V:\GIS-ADMIN\Current Data\Current_Data.gdb\Map_Index_Grid"</Process><Process ToolSource="c:\program files\arcgis\desktop10.1\ArcToolbox\Toolboxes\Data Management Tools.tbx\CopyFeatures" Date="20121024" Time="130915">CopyFeatures Map_Index_Grid V:\GIS-ADMIN\google_shapefiles\Map_Index_Grid.shp # 0 0 0</Process></lineage><itemProps><itemName Sync="TRUE">Map_Index_Grid</itemName><imsContentType Sync="TRUE">002</imsContentType><itemSize Sync="TRUE">0.000</itemSize><itemLocation><linkage Sync="TRUE">file://\\gis0011\pgh-gis\GIS-ADMIN\google_shapefiles\Map_Index_Grid.shp</linkage><protocol Sync="TRUE">Local Area Network</protocol></itemLocation></itemProps><coordRef><type Sync="TRUE">Projected</type><geogcsn Sync="TRUE">GCS_North_American_1983</geogcsn><csUnits Sync="TRUE">Linear Unit: Foot_US (0.304801)</csUnits><projcsn Sync="TRUE">NAD_1983_StatePlane_Pennsylvania_South_FIPS_3702_Feet</projcsn><peXml Sync="TRUE">&lt;ProjectedCoordinateSystem xsi:type='typens:ProjectedCoordinateSystem' xmlns:xsi='http://www.w3.org/2001/XMLSchema-instance' xmlns:xs='http://www.w3.org/2001/XMLSchema' xmlns:typens='http://www.esri.com/schemas/ArcGIS/10.1'&gt;&lt;WKT&gt;PROJCS[&amp;quot;NAD_1983_StatePlane_Pennsylvania_South_FIPS_3702_Feet&amp;quot;,GEOGCS[&amp;quot;GCS_North_American_1983&amp;quot;,DATUM[&amp;quot;D_North_American_1983&amp;quot;,SPHEROID[&amp;quot;GRS_1980&amp;quot;,6378137.0,298.257222101]],PRIMEM[&amp;quot;Greenwich&amp;quot;,0.0],UNIT[&amp;quot;Degree&amp;quot;,0.0174532925199433]],PROJECTION[&amp;quot;Lambert_Conformal_Conic&amp;quot;],PARAMETER[&amp;quot;False_Easting&amp;quot;,1968500.0],PARAMETER[&amp;quot;False_Northing&amp;quot;,0.0],PARAMETER[&amp;quot;Central_Meridian&amp;quot;,-77.75],PARAMETER[&amp;quot;Standard_Parallel_1&amp;quot;,39.93333333333333],PARAMETER[&amp;quot;Standard_Parallel_2&amp;quot;,40.96666666666667],PARAMETER[&amp;quot;Latitude_Of_Origin&amp;quot;,39.33333333333334],UNIT[&amp;quot;Foot_US&amp;quot;,0.3048006096012192],AUTHORITY[&amp;quot;EPSG&amp;quot;,2272]]&lt;/WKT&gt;&lt;XOrigin&gt;-119214200&lt;/XOrigin&gt;&lt;YOrigin&gt;-96198500&lt;/YOrigin&gt;&lt;XYScale&gt;37163717.489134133&lt;/XYScale&gt;&lt;ZOrigin&gt;-100000&lt;/ZOrigin&gt;&lt;ZScale&gt;10000&lt;/ZScale&gt;&lt;MOrigin&gt;-100000&lt;/MOrigin&gt;&lt;MScale&gt;10000&lt;/MScale&gt;&lt;XYTolerance&gt;0.0032808333333333331&lt;/XYTolerance&gt;&lt;ZTolerance&gt;0.001&lt;/ZTolerance&gt;&lt;MTolerance&gt;0.001&lt;/MTolerance&gt;&lt;HighPrecision&gt;true&lt;/HighPrecision&gt;&lt;WKID&gt;102729&lt;/WKID&gt;&lt;LatestWKID&gt;2272&lt;/LatestWKID&gt;&lt;/ProjectedCoordinateSystem&gt;</peXml></coordRef></DataProperties></Esri><idinfo><native Sync="TRUE">Microsoft Windows XP Version 5.1 (Build 2600) Service Pack 3; ESRI ArcCatalog 9.3.1.3000</native><descript><langdata Sync="TRUE">en</langdata><abstract>Lot index</abstract><purpose>Index sheet for blocks and lots</purpose></descript><citation><citeinfo><origin>Allegheny County</origin><pubdate>Unknown</pubdate><title>Lot Index</title><ftname Sync="TRUE">Map_Index_Grid</ftname><geoform Sync="TRUE">vector digital data</geoform><onlink Sync="TRUE">\\gis0011\pgh-gis\GIS-ADMIN\Current Data\Current_Data.gdb</onlink></citeinfo></citation><timeperd><current>publication date</current><timeinfo><sngdate><caldate>unknown</caldate></sngdate></timeinfo></timeperd><status><progress>Complete</progress><update>Unknown</update></status><spdom><bounding><westbc Sync="TRUE">-80.102474</westbc><eastbc Sync="TRUE">-79.862803</eastbc><northbc Sync="TRUE">40.504495</northbc><southbc Sync="TRUE">40.351662</southbc></bounding><lboundng><leftbc Sync="TRUE">1314359.125000</leftbc><rightbc Sync="TRUE">1379737.000000</rightbc><bottombc Sync="TRUE">379657.312500</bottombc><topbc Sync="TRUE">433698.937500</topbc></lboundng></spdom><keywords><theme><themekey>lot</themekey><themekey>block</themekey><themekey>index</themekey></theme><place><placekey>Pittsburgh</placekey><placekey>Pennsylvania</placekey><placekey>Allegheny County</placekey></place><theme><themekt>ISO 19115 Topic Category </themekt><themekey>location</themekey></theme></keywords><accconst>None</accconst><useconst>None</useconst><natvform Sync="TRUE">File Geodatabase Feature Class</natvform><ptcontac><cntinfo><cntorgp><cntorg>City of Pittsburgh, Department of City Planning</cntorg><cntper>GIS Manager</cntper></cntorgp><cntaddr><addrtype>mailing and physical address</addrtype><address>200 Ross Street, Floor 4</address><city>Pittsburgh</city><state>PA</state><postal>15219</postal><country>USA</country></cntaddr><cntvoice>412-255-2200</cntvoice><cntemail>Email not applicable</cntemail></cntinfo></ptcontac><browse/></idinfo><dataIdInfo><envirDesc Sync="TRUE">Microsoft Windows XP Version 5.1 (Build 2600) Service Pack 3; Esri ArcGIS 10.1.0.3035</envirDesc><dataLang><languageCode Sync="TRUE" value="en"></languageCode><countryCode value="US" Sync="TRUE"></countryCode></dataLang><idCitation><resTitle Sync="TRUE">Map_Index_Grid</resTitle><presForm><PresFormCd Sync="TRUE" value="005"></PresFormCd></presForm></idCitation><spatRpType><SpatRepTypCd Sync="TRUE" value="001"></SpatRepTypCd></spatRpType><dataExt><geoEle><GeoBndBox esriExtentType="native"><westBL Sync="TRUE">1314359.125</westBL><eastBL Sync="TRUE">1379737</eastBL><northBL Sync="TRUE">433698.9375</northBL><southBL Sync="TRUE">379657.3125</southBL><exTypeCode Sync="TRUE">1</exTypeCode></GeoBndBox></geoEle></dataExt><geoBox esriExtentType="decdegrees"><westBL Sync="TRUE">-80.102474</westBL><eastBL Sync="TRUE">-79.862803</eastBL><northBL Sync="TRUE">40.504495</northBL><southBL Sync="TRUE">40.351662</southBL><exTypeCode Sync="TRUE">1</exTypeCode></geoBox></dataIdInfo><metainfo><langmeta Sync="TRUE">en</langmeta><metstdn Sync="TRUE">FGDC Content Standards for Digital Geospatial Metadata</metstdn><metstdv Sync="TRUE">FGDC-STD-001-1998</metstdv><mettc Sync="TRUE">local time</mettc><metc><cntinfo><cntorgp><cntper>GIS Manager</cntper><cntorg>City of Pittsburgh, Department of City Planning</cntorg></cntorgp><cntaddr><addrtype>mailing and physical address</addrtype><city>Pittsburgh</city><state>PA</state><postal>15219</postal><address>200 Ross Street, 4th Floor</address><country>USA</country></cntaddr><cntvoice>412-255-2200</cntvoice><cntemail>Email not applicable</cntemail></cntinfo></metc><metd Sync="TRUE">20091009</metd></metainfo><mdLang><languageCode Sync="TRUE" value="en"></languageCode><countryCode value="US" Sync="TRUE"></countryCode></mdLang><mdStanName Sync="TRUE">ISO 19115 Geographic Information - Metadata</mdStanName><mdStanVer Sync="TRUE">DIS_ESRI1.0</mdStanVer><mdChar><CharSetCd Sync="TRUE" value="004"></CharSetCd></mdChar><mdHrLv><ScopeCd Sync="TRUE" value="005"></ScopeCd></mdHrLv><mdHrLvName Sync="TRUE">dataset</mdHrLvName><distinfo><resdesc Sync="TRUE">Downloadable Data</resdesc><stdorder><digform><digtinfo><transize Sync="TRUE">0.018</transize><dssize Sync="TRUE">0.018</dssize></digtinfo></digform></stdorder><distrib><cntinfo><cntorgp><cntorg>City of Pittsburgh, Department of City Planning</cntorg><cntper>GIS Manager</cntper></cntorgp><cntvoice>412-255-2200</cntvoice><cntemail>Email not applicable</cntemail></cntinfo></distrib><distliab>The City of Pittsburgh assumes no liaibility regarding the use of this data.</distliab></distinfo><distInfo><distributor><distorTran><onLineSrc><orDesc Sync="TRUE">002</orDesc><linkage Sync="TRUE">file://\\gis0011\pgh-gis\GIS-ADMIN\Current Data\Current_Data.gdb</linkage><protocol Sync="TRUE">Local Area Network</protocol></onLineSrc><transSize Sync="TRUE">0.018</transSize></distorTran><distorFormat><formatName Sync="TRUE">File Geodatabase Feature Class</formatName></distorFormat></distributor><distFormat><formatName Sync="TRUE">Shapefile</formatName></distFormat><distTranOps><transSize Sync="TRUE">0.000</transSize></distTranOps></distInfo><spdoinfo><direct Sync="TRUE">Vector</direct><ptvctinf><esriterm Name="Map_Index_Grid"><efeatyp Sync="TRUE">Simple</efeatyp><efeageom code="4" Sync="TRUE"></efeageom><esritopo Sync="TRUE">FALSE</esritopo><efeacnt Sync="TRUE">0</efeacnt><spindex Sync="TRUE">FALSE</spindex><linrefer Sync="TRUE">FALSE</linrefer></esriterm></ptvctinf></spdoinfo><spref><horizsys><cordsysn><geogcsn Sync="TRUE">GCS_North_American_1983</geogcsn><projcsn Sync="TRUE">NAD_1983_StatePlane_Pennsylvania_South_FIPS_3702_Feet</projcsn></cordsysn><planar><planci><plance Sync="TRUE">coordinate pair</plance><plandu Sync="TRUE">survey feet</plandu><coordrep><absres Sync="TRUE">0.000328</absres><ordres Sync="TRUE">0.000328</ordres></coordrep></planci></planar><geodetic><horizdn Sync="TRUE">North American Datum of 1983</horizdn><ellips Sync="TRUE">Geodetic Reference System 80</ellips><semiaxis Sync="TRUE">6378137.000000</semiaxis><denflat Sync="TRUE">298.257222</denflat></geodetic></horizsys></spref><refSysInfo><RefSystem><refSysID><identCode Sync="TRUE" value="2272">NAD_1983_StatePlane_Pennsylvania_South_FIPS_3702_Feet</identCode><idCodeSpace Sync="TRUE">EPSG</idCodeSpace><idVersion Sync="TRUE">7.9.4</idVersion></refSysID></RefSystem></refSysInfo><spatRepInfo><VectSpatRep><geometObjs Name="Map_Index_Grid"><geoObjTyp><GeoObjTypCd value="002" Sync="TRUE"></GeoObjTypCd></geoObjTyp><geoObjCnt Sync="TRUE">0</geoObjCnt></geometObjs><topLvl><TopoLevCd value="001" Sync="TRUE"></TopoLevCd></topLvl></VectSpatRep></spatRepInfo><eainfo><detailed Name="Map_Index_Grid"><enttyp><enttypl Sync="TRUE">Map_Index_Grid</enttypl><enttypt Sync="TRUE">Feature Class</enttypt><enttypc Sync="TRUE">0</enttypc></enttyp><attr><attrlabl Sync="TRUE">FID</attrlabl><attalias Sync="TRUE">FID</attalias><attrtype Sync="TRUE">OID</attrtype><attwidth Sync="TRUE">4</attwidth><atprecis Sync="TRUE">0</atprecis><attscale Sync="TRUE">0</attscale><attrdef Sync="TRUE">Internal feature number.</attrdef><attrdefs Sync="TRUE">Esri</attrdefs><attrdomv><udom Sync="TRUE">Sequential unique whole numbers that are automatically generated.</udom></attrdomv></attr><attr><attrlabl Sync="TRUE">Shape</attrlabl><attalias Sync="TRUE">Shape</attalias><attrtype Sync="TRUE">Geometry</attrtype><attwidth Sync="TRUE">0</attwidth><atprecis Sync="TRUE">0</atprecis><attscale Sync="TRUE">0</attscale><attrdef Sync="TRUE">Feature geometry.</attrdef><attrdefs Sync="TRUE">ESRI</attrdefs><attrdomv><udom Sync="TRUE">Coordinates defining the features.</udom></attrdomv></attr><attr><attrlabl Sync="TRUE">AREA</attrlabl><attalias Sync="TRUE">AREA</attalias><attrtype Sync="TRUE">Single</attrtype><attwidth Sync="TRUE">13</attwidth><attrdef>Area of polygon in internal units squared</attrdef><atprecis Sync="TRUE">0</atprecis><attscale Sync="TRUE">0</attscale></attr><attr><attrlabl Sync="TRUE">PERIMETER</attrlabl><attalias Sync="TRUE">PERIMETER</attalias><attrtype Sync="TRUE">Single</attrtype><attwidth Sync="TRUE">13</attwidth><attrdef>Perimeter in internal units</attrdef><atprecis Sync="TRUE">0</atprecis><attscale Sync="TRUE">0</attscale></attr><attr><attrlabl Sync="TRUE">INDEX_</attrlabl><attalias Sync="TRUE">INDEX_</attalias><attrtype Sync="TRUE">Double</attrtype><attwidth Sync="TRUE">19</attwidth><attrdef>Internal feature number</attrdef><atprecis Sync="TRUE">0</atprecis><attscale Sync="TRUE">0</attscale></attr><attr><attrlabl Sync="TRUE">INDEX_ID</attrlabl><attalias Sync="TRUE">INDEX_ID</attalias><attrtype Sync="TRUE">Double</attrtype><attwidth Sync="TRUE">19</attwidth><attrdef>User-defined feature number</attrdef><atprecis Sync="TRUE">0</atprecis><attscale Sync="TRUE">0</attscale></attr><attr><attrlabl Sync="TRUE">GROUP</attrlabl><attalias Sync="TRUE">GROUP</attalias><attrtype Sync="TRUE">SmallInteger</attrtype><attwidth Sync="TRUE">4</attwidth><attrdef>Group</attrdef><atprecis Sync="TRUE">4</atprecis><attscale Sync="TRUE">0</attscale></attr><attr><attrlabl Sync="TRUE">STATUS</attrlabl><attalias Sync="TRUE">STATUS</attalias><attrtype Sync="TRUE">SmallInteger</attrtype><attwidth Sync="TRUE">4</attwidth><attrdef>Status</attrdef><atprecis Sync="TRUE">4</atprecis><attscale Sync="TRUE">0</attscale></attr><attr><attrlabl Sync="TRUE">PARCELFIX</attrlabl><attalias Sync="TRUE">PARCELFIX</attalias><attrtype Sync="TRUE">SmallInteger</attrtype><attwidth Sync="TRUE">4</attwidth><attrdef>Parcel Fix</attrdef><atprecis Sync="TRUE">4</atprecis><attscale Sync="TRUE">0</attscale></attr><attr><attrlabl Sync="TRUE">LOT</attrlabl><attalias Sync="TRUE">LOT</attalias><attrtype Sync="TRUE">SmallInteger</attrtype><attwidth Sync="TRUE">4</attwidth><attrdef>Lot index number</attrdef><atprecis Sync="TRUE">4</atprecis><attscale Sync="TRUE">0</attscale></attr><attr><attrlabl Sync="TRUE">MapIndex</attrlabl><attalias Sync="TRUE">MapIndex</attalias><attrtype Sync="TRUE">String</attrtype><attwidth Sync="TRUE">10</attwidth><atprecis Sync="TRUE">0</atprecis><attscale Sync="TRUE">0</attscale></attr><attr><attrlabl Sync="TRUE">Left</attrlabl><attalias Sync="TRUE">Left</attalias><attrtype Sync="TRUE">String</attrtype><attwidth Sync="TRUE">5</attwidth><atprecis Sync="TRUE">0</atprecis><attscale Sync="TRUE">0</attscale></attr><attr><attrlabl Sync="TRUE">Right</attrlabl><attalias Sync="TRUE">Right</attalias><attrtype Sync="TRUE">String</attrtype><attwidth Sync="TRUE">5</attwidth><atprecis Sync="TRUE">0</atprecis><attscale Sync="TRUE">0</attscale></attr><attr><attrlabl Sync="TRUE">Above</attrlabl><attalias Sync="TRUE">Above</attalias><attrtype Sync="TRUE">String</attrtype><attwidth Sync="TRUE">5</attwidth><atprecis Sync="TRUE">0</atprecis><attscale Sync="TRUE">0</attscale></attr><attr><attrlabl Sync="TRUE">Below</attrlabl><attalias Sync="TRUE">Below</attalias><attrtype Sync="TRUE">String</attrtype><attwidth Sync="TRUE">5</attwidth><atprecis Sync="TRUE">0</atprecis><attscale Sync="TRUE">0</attscale></attr><attr><attrlabl Sync="TRUE">Shape_Leng</attrlabl><attalias Sync="TRUE">Shape_Leng</attalias><attrtype Sync="TRUE">Double</attrtype><attwidth Sync="TRUE">19</attwidth><atprecis Sync="TRUE">0</atprecis><attscale Sync="TRUE">0</attscale></attr><attr><attrlabl Sync="TRUE">Shape_Area</attrlabl><attalias Sync="TRUE">Shape_Area</attalias><attrtype Sync="TRUE">Double</attrtype><attwidth Sync="TRUE">19</attwidth><atprecis Sync="TRUE">0</atprecis><attscale Sync="TRUE">0</attscale><attrdef Sync="TRUE">Area of feature in internal units squared.</attrdef><attrdefs Sync="TRUE">ESRI</attrdefs><attrdomv><udom Sync="TRUE">Positive real numbers that are automatically generated.</udom></attrdomv></attr><attr><attrlabl Sync="TRUE">SqMiles</attrlabl><attalias Sync="TRUE">SqMiles</attalias><attrtype Sync="TRUE">Double</attrtype><attwidth Sync="TRUE">19</attwidth><atprecis Sync="TRUE">0</atprecis><attscale Sync="TRUE">0</attscale></attr></detailed></eainfo><mdDateSt Sync="TRUE">20121024</mdDateSt></metadata>
