<metadata xml:lang="en"><Esri><CreaDate>20080131</CreaDate><CreaTime>09222600</CreaTime><SyncOnce>FALSE</SyncOnce><DataProperties><lineage><Process Name="FeatureclassToCoverage_1" ToolSource="C:\Program Files\ArcGIS\ArcToolbox\Toolboxes\Conversion Tools.tbx\FeatureclassToCoverage" Date="20070731" Time="105852">FeatureclassToCoverage "V:\Citywide\Data\CityData.mdb\bfprnts REGION" V:\GIS-ADMIN\Workspaces\Dinwoodie\buildings # DOUBLE</Process><Process ToolSource="C:\Program Files\ArcGIS\ArcToolbox\Toolboxes\Data Management Tools.tbx\CopyFeatures" Date="20070731" Time="114233">CopyFeatures V:\GIS-ADMIN\Workspaces\Dinwoodie\buildings\polygon V:\GIS-ADMIN\Workspaces\Dinwoodie\Shapefiles\buildings_polygon.shp # 0 0 0</Process><Process Name="FeatureClassToFeatureClass_1" ToolSource="C:\Program Files\ArcGIS\ArcToolbox\Toolboxes\Conversion Tools.tbx\FeatureClassToFeatureClass" Date="20080207" Time="133446">FeatureClassToFeatureClass V:\GIS-ADMIN\Workspaces\Dinwoodie\2008\Shapefiles\buildings2008.shp "Database Connections\gisprod GIS0011.sde" buildings # "AREA AREA true false false 19 Double 0 0 ,First,#,V:\GIS-ADMIN\Workspaces\Dinwoodie\2008\Shapefiles\buildings2008.shp,AREA,-1,-1;PERIMETER PERIMETER true false false 19 Double 0 0 ,First,#,V:\GIS-ADMIN\Workspaces\Dinwoodie\2008\Shapefiles\buildings2008.shp,PERIMETER,-1,-1;BUILDINGS_ BUILDINGS_ true false false 9 Long 0 9 ,First,#,V:\GIS-ADMIN\Workspaces\Dinwoodie\2008\Shapefiles\buildings2008.shp,BUILDINGS_,-1,-1;BUILDINGS1 BUILDINGS1 true false false 9 Long 0 9 ,First,#,V:\GIS-ADMIN\Workspaces\Dinwoodie\2008\Shapefiles\buildings2008.shp,BUILDINGS1,-1,-1" # "Database Connections\gisprod GIS0011.sde\GIS_PROD.buildings"</Process><Process Name="UnregisterAsVersioned_2" ToolSource="C:\Program Files\ArcGIS\ArcToolbox\Toolboxes\Data Management Tools.tbx\UnregisterAsVersioned" Date="20080207" Time="140732">UnregisterAsVersioned "Database Connections\gisprod GIS0011.sde\GIS_PROD.buildings" KEEP_EDIT NO_COMPRESS_DEFAULT "Database Connections\gisprod GIS0011.sde\GIS_PROD.buildings"</Process><Process ToolSource="C:\Program Files\ArcGIS\ArcToolbox\Toolboxes\Conversion Tools.tbx\FeatureClassToFeatureClass" Date="20091009" Time="161615">FeatureClassToFeatureClass "Database Connections\Connection to gis0011.sde\GIS_PROD.buildings" "V:\GIS-ADMIN\Current Data\Current_Data.gdb" Building_Footprint # "LOTBLOCK 'LOTBLOCK' true true false 50 Text 0 0 ,First,#,Database Connections\Connection to gis0011.sde\GIS_PROD.buildings,LOTBLOCK,-1,-1;X 'X' true true false 8 Double 8 38 ,First,#,Database Connections\Connection to gis0011.sde\GIS_PROD.buildings,X,-1,-1;Y 'Y' true true false 8 Double 8 38 ,First,#,Database Connections\Connection to gis0011.sde\GIS_PROD.buildings,Y,-1,-1;NAME 'NAME' true true false 50 Text 0 0 ,First,#,Database Connections\Connection to gis0011.sde\GIS_PROD.buildings,NAME,-1,-1;SHAPE_AREA 'SHAPE_AREA' false false true 0 Double 0 0 ,First,#,Database Connections\Connection to gis0011.sde\GIS_PROD.buildings,SHAPE.AREA,-1,-1;SHAPE_LEN 'SHAPE_LEN' false false true 0 Double 0 0 ,First,#,Database Connections\Connection to gis0011.sde\GIS_PROD.buildings,SHAPE.LEN,-1,-1" # "V:\GIS-ADMIN\Current Data\Current_Data.gdb\Building_Footprint"</Process><Process ToolSource="C:\Program Files\ArcGIS\ArcToolbox\Toolboxes\Conversion Tools.tbx\FeatureClassToFeatureClass" Date="20100629" Time="083959">FeatureClassToFeatureClass "V:\GIS-ADMIN\Current Data\Current_Data.gdb\Building_Footprint" C:\TempStreetGuidebook\streetcl.mdb Building_Footprint # "LOTBLOCK 'LOTBLOCK' true true false 50 Text 0 0 ,First,#,V:\GIS-ADMIN\Current Data\Current_Data.gdb\Building_Footprint,LOTBLOCK,-1,-1;X 'X' true true false 8 Double 0 0 ,First,#,V:\GIS-ADMIN\Current Data\Current_Data.gdb\Building_Footprint,X,-1,-1;Y 'Y' true true false 8 Double 0 0 ,First,#,V:\GIS-ADMIN\Current Data\Current_Data.gdb\Building_Footprint,Y,-1,-1;NAME 'NAME' true true false 50 Text 0 0 ,First,#,V:\GIS-ADMIN\Current Data\Current_Data.gdb\Building_Footprint,NAME,-1,-1;Shape_Length 'Shape_Length' false true true 8 Double 0 0 ,First,#,V:\GIS-ADMIN\Current Data\Current_Data.gdb\Building_Footprint,Shape_Length,-1,-1;Shape_Area 'Shape_Area' false true true 8 Double 0 0 ,First,#,V:\GIS-ADMIN\Current Data\Current_Data.gdb\Building_Footprint,Shape_Area,-1,-1" # C:\TempStreetGuidebook\streetcl.mdb\Building_Footprint</Process><Process ToolSource="C:\Program Files\ArcGIS\ArcToolbox\Toolboxes\Conversion Tools.tbx\FeatureClassToFeatureClass" Date="20100630" Time="104819">FeatureClassToFeatureClass C:\TempStreetGuidebook\streetcl.mdb\Building_Footprint "V:\GIS-ADMIN\Current Data\Current_Data.gdb" Building_Footprint # "LOTBLOCK 'LOTBLOCK' true true false 50 Text 0 0 ,First,#,C:\TempStreetGuidebook\streetcl.mdb\Building_Footprint,LOTBLOCK,-1,-1;X 'X' true true false 8 Double 0 0 ,First,#,C:\TempStreetGuidebook\streetcl.mdb\Building_Footprint,X,-1,-1;Y 'Y' true true false 8 Double 0 0 ,First,#,C:\TempStreetGuidebook\streetcl.mdb\Building_Footprint,Y,-1,-1;NAME 'NAME' true true false 50 Text 0 0 ,First,#,C:\TempStreetGuidebook\streetcl.mdb\Building_Footprint,NAME,-1,-1;Shape_Length 'Shape_Length' false true true 8 Double 0 0 ,First,#,C:\TempStreetGuidebook\streetcl.mdb\Building_Footprint,Shape_Length,-1,-1;Shape_Area 'Shape_Area' false true true 8 Double 0 0 ,First,#,C:\TempStreetGuidebook\streetcl.mdb\Building_Footprint,Shape_Area,-1,-1" # "V:\GIS-ADMIN\Current Data\Current_Data.gdb\Building_Footprint"</Process><Process ToolSource="C:\Program Files\ArcGIS\Desktop10.0\ArcToolbox\Toolboxes\Data Management Tools.tbx\CalculateField" Date="20111229" Time="083625">CalculateField Building_Footprint LOTBLOCK "84-C-308" VB #</Process><Process ToolSource="C:\Program Files\ArcGIS\Desktop10.0\ArcToolbox\Toolboxes\Data Management Tools.tbx\CalculateField" Date="20111229" Time="152324">CalculateField Building_Footprint LOTBLOCK "83-S-209" VB #</Process><Process ToolSource="C:\Program Files\ArcGIS\Desktop10.0\ArcToolbox\Toolboxes\Data Management Tools.tbx\CalculateField" Date="20111230" Time="113328">CalculateField Building_Footprint LOTBLOCK "83-S-192" VB #</Process><Process ToolSource="C:\Program Files\ArcGIS\Desktop10.0\ArcToolbox\Toolboxes\Conversion Tools.tbx\FeatureClassToFeatureClass" Date="20120323" Time="111140">FeatureClassToFeatureClass "V:\GIS-ADMIN\Current Data\Current_Data.gdb\Building_Footprint" V:\GIS-ADMIN\Workspaces\Reinhold\Geodatabases\WorkingGeodatabase.mdb Building_Footprint # "LOTBLOCK "LOTBLOCK" true true false 50 Text 0 0 ,First,#,V:\GIS-ADMIN\Current Data\Current_Data.gdb\Building_Footprint,LOTBLOCK,-1,-1;X "X" true true false 8 Double 0 0 ,First,#,V:\GIS-ADMIN\Current Data\Current_Data.gdb\Building_Footprint,X,-1,-1;Y "Y" true true false 8 Double 0 0 ,First,#,V:\GIS-ADMIN\Current Data\Current_Data.gdb\Building_Footprint,Y,-1,-1;NAME "NAME" true true false 50 Text 0 0 ,First,#,V:\GIS-ADMIN\Current Data\Current_Data.gdb\Building_Footprint,NAME,-1,-1;Shape_Length "Shape_Length" false true true 8 Double 0 0 ,First,#,V:\GIS-ADMIN\Current Data\Current_Data.gdb\Building_Footprint,Shape_Length,-1,-1;Shape_Area "Shape_Area" false true true 8 Double 0 0 ,First,#,V:\GIS-ADMIN\Current Data\Current_Data.gdb\Building_Footprint,Shape_Area,-1,-1" #</Process><Process ToolSource="C:\Program Files\ArcGIS\Desktop10.0\ArcToolbox\Toolboxes\Conversion Tools.tbx\FeatureClassToFeatureClass" Date="20120418" Time="080627">FeatureClassToFeatureClass V:\GIS-ADMIN\Workspaces\Reinhold\Geodatabases\WorkingGeodatabase.mdb\Building_Footprint "V:\GIS-ADMIN\Current Data\Current_Data.gdb" Building_Footprint # "LOTBLOCK "LOTBLOCK" true true false 50 Text 0 0 ,First,#,V:\GIS-ADMIN\Workspaces\Reinhold\Geodatabases\WorkingGeodatabase.mdb\Building_Footprint,LOTBLOCK,-1,-1;X "X" true true false 8 Double 0 0 ,First,#,V:\GIS-ADMIN\Workspaces\Reinhold\Geodatabases\WorkingGeodatabase.mdb\Building_Footprint,X,-1,-1;Y "Y" true true false 8 Double 0 0 ,First,#,V:\GIS-ADMIN\Workspaces\Reinhold\Geodatabases\WorkingGeodatabase.mdb\Building_Footprint,Y,-1,-1;NAME "NAME" true true false 50 Text 0 0 ,First,#,V:\GIS-ADMIN\Workspaces\Reinhold\Geodatabases\WorkingGeodatabase.mdb\Building_Footprint,NAME,-1,-1;Shape_Length "Shape_Length" false true true 8 Double 0 0 ,First,#,V:\GIS-ADMIN\Workspaces\Reinhold\Geodatabases\WorkingGeodatabase.mdb\Building_Footprint,Shape_Length,-1,-1;Shape_Area "Shape_Area" false true true 8 Double 0 0 ,First,#,V:\GIS-ADMIN\Workspaces\Reinhold\Geodatabases\WorkingGeodatabase.mdb\Building_Footprint,Shape_Area,-1,-1" #</Process><Process ToolSource="C:\Program Files\ArcGIS\Desktop10.0\ArcToolbox\Toolboxes\Conversion Tools.tbx\FeatureClassToFeatureClass" Date="20120419" Time="121808">FeatureClassToFeatureClass "V:\GIS-ADMIN\Current Data\Current_Data.gdb\Building_Footprint" V:\GIS-ADMIN\Workspaces\Reinhold\Geodatabases\WorkingGeodatabase.mdb Building_Footprint # "LOTBLOCK "LOTBLOCK" true true false 50 Text 0 0 ,First,#,V:\GIS-ADMIN\Current Data\Current_Data.gdb\Building_Footprint,LOTBLOCK,-1,-1;X "X" true true false 8 Double 0 0 ,First,#,V:\GIS-ADMIN\Current Data\Current_Data.gdb\Building_Footprint,X,-1,-1;Y "Y" true true false 8 Double 0 0 ,First,#,V:\GIS-ADMIN\Current Data\Current_Data.gdb\Building_Footprint,Y,-1,-1;NAME "NAME" true true false 50 Text 0 0 ,First,#,V:\GIS-ADMIN\Current Data\Current_Data.gdb\Building_Footprint,NAME,-1,-1;Shape_Length "Shape_Length" false true true 8 Double 0 0 ,First,#,V:\GIS-ADMIN\Current Data\Current_Data.gdb\Building_Footprint,Shape_Length,-1,-1;Shape_Area "Shape_Area" false true true 8 Double 0 0 ,First,#,V:\GIS-ADMIN\Current Data\Current_Data.gdb\Building_Footprint,Shape_Area,-1,-1" #</Process><Process ToolSource="C:\Program Files\ArcGIS\Desktop10.0\ArcToolbox\Toolboxes\Conversion Tools.tbx\FeatureClassToFeatureClass" Date="20120424" Time="101050">FeatureClassToFeatureClass V:\GIS-ADMIN\Workspaces\Reinhold\Geodatabases\WorkingGeodatabase.mdb\Building_Footprint "V:\GIS-ADMIN\Current Data\Current_Data.gdb" Building_Footprint # "LOTBLOCK "LOTBLOCK" true true false 50 Text 0 0 ,First,#,V:\GIS-ADMIN\Workspaces\Reinhold\Geodatabases\WorkingGeodatabase.mdb\Building_Footprint,LOTBLOCK,-1,-1;X "X" true true false 8 Double 0 0 ,First,#,V:\GIS-ADMIN\Workspaces\Reinhold\Geodatabases\WorkingGeodatabase.mdb\Building_Footprint,X,-1,-1;Y "Y" true true false 8 Double 0 0 ,First,#,V:\GIS-ADMIN\Workspaces\Reinhold\Geodatabases\WorkingGeodatabase.mdb\Building_Footprint,Y,-1,-1;NAME "NAME" true true false 50 Text 0 0 ,First,#,V:\GIS-ADMIN\Workspaces\Reinhold\Geodatabases\WorkingGeodatabase.mdb\Building_Footprint,NAME,-1,-1;Override "Override" true true false 0 Blob 0 0 ,First,#,V:\GIS-ADMIN\Workspaces\Reinhold\Geodatabases\WorkingGeodatabase.mdb\Building_Footprint,Override,-1,-1;RuleID "RuleID" true true false 4 Long 0 0 ,First,#,V:\GIS-ADMIN\Workspaces\Reinhold\Geodatabases\WorkingGeodatabase.mdb\Building_Footprint,RuleID,-1,-1;Shape_Length "Shape_Length" false true true 8 Double 0 0 ,First,#,V:\GIS-ADMIN\Workspaces\Reinhold\Geodatabases\WorkingGeodatabase.mdb\Building_Footprint,Shape_Length,-1,-1;Shape_Area "Shape_Area" false true true 8 Double 0 0 ,First,#,V:\GIS-ADMIN\Workspaces\Reinhold\Geodatabases\WorkingGeodatabase.mdb\Building_Footprint,Shape_Area,-1,-1" #</Process><Process ToolSource="C:\Program Files\ArcGIS\Desktop10.0\ArcToolbox\Toolboxes\Conversion Tools.tbx\FeatureClassToFeatureClass" Date="20120514" Time="103926">FeatureClassToFeatureClass "V:\GIS-ADMIN\Current Data\Current_Data.gdb\Building_Footprint" V:\GIS-ADMIN\Workspaces\Reinhold\Geodatabases\WorkingGeodatabase.mdb Building_Footprint # "LOTBLOCK "LOTBLOCK" true true false 50 Text 0 0 ,First,#,V:\GIS-ADMIN\Current Data\Current_Data.gdb\Building_Footprint,LOTBLOCK,-1,-1;X "X" true true false 8 Double 0 0 ,First,#,V:\GIS-ADMIN\Current Data\Current_Data.gdb\Building_Footprint,X,-1,-1;Y "Y" true true false 8 Double 0 0 ,First,#,V:\GIS-ADMIN\Current Data\Current_Data.gdb\Building_Footprint,Y,-1,-1;NAME "NAME" true true false 50 Text 0 0 ,First,#,V:\GIS-ADMIN\Current Data\Current_Data.gdb\Building_Footprint,NAME,-1,-1;Override "Override" true true false 0 Blob 0 0 ,First,#,V:\GIS-ADMIN\Current Data\Current_Data.gdb\Building_Footprint,Override,-1,-1;RuleID "RuleID" true true false 4 Long 0 0 ,First,#,V:\GIS-ADMIN\Current Data\Current_Data.gdb\Building_Footprint,RuleID,-1,-1;Shape_Length "Shape_Length" false true true 8 Double 0 0 ,First,#,V:\GIS-ADMIN\Current Data\Current_Data.gdb\Building_Footprint,Shape_Length,-1,-1;Shape_Area "Shape_Area" false true true 8 Double 0 0 ,First,#,V:\GIS-ADMIN\Current Data\Current_Data.gdb\Building_Footprint,Shape_Area,-1,-1" #</Process><Process ToolSource="C:\Program Files\ArcGIS\Desktop10.0\ArcToolbox\Toolboxes\Conversion Tools.tbx\FeatureClassToFeatureClass" Date="20120905" Time="102038">FeatureClassToFeatureClass V:\GIS-ADMIN\Workspaces\Reinhold\Geodatabases\WorkingGeodatabase.mdb\Building_Footprint "V:\GIS-ADMIN\Current Data\Current_Data.gdb" Building_Footprint # "LOTBLOCK "LOTBLOCK" true true false 50 Text 0 0 ,First,#,V:\GIS-ADMIN\Workspaces\Reinhold\Geodatabases\WorkingGeodatabase.mdb\Building_Footprint,LOTBLOCK,-1,-1;X "X" true true false 8 Double 0 0 ,First,#,V:\GIS-ADMIN\Workspaces\Reinhold\Geodatabases\WorkingGeodatabase.mdb\Building_Footprint,X,-1,-1;Y "Y" true true false 8 Double 0 0 ,First,#,V:\GIS-ADMIN\Workspaces\Reinhold\Geodatabases\WorkingGeodatabase.mdb\Building_Footprint,Y,-1,-1;NAME "NAME" true true false 50 Text 0 0 ,First,#,V:\GIS-ADMIN\Workspaces\Reinhold\Geodatabases\WorkingGeodatabase.mdb\Building_Footprint,NAME,-1,-1;Override "Override" true true false 0 Blob 0 0 ,First,#,V:\GIS-ADMIN\Workspaces\Reinhold\Geodatabases\WorkingGeodatabase.mdb\Building_Footprint,Override,-1,-1;RuleID "RuleID" true true false 4 Long 0 0 ,First,#,V:\GIS-ADMIN\Workspaces\Reinhold\Geodatabases\WorkingGeodatabase.mdb\Building_Footprint,RuleID,-1,-1;Shape_Length "Shape_Length" false true true 8 Double 0 0 ,First,#,V:\GIS-ADMIN\Workspaces\Reinhold\Geodatabases\WorkingGeodatabase.mdb\Building_Footprint,Shape_Length,-1,-1;Shape_Area "Shape_Area" false true true 8 Double 0 0 ,First,#,V:\GIS-ADMIN\Workspaces\Reinhold\Geodatabases\WorkingGeodatabase.mdb\Building_Footprint,Shape_Area,-1,-1" #</Process><Process ToolSource="C:\Program Files\ArcGIS\Desktop10.0\ArcToolbox\Toolboxes\Conversion Tools.tbx\FeatureClassToFeatureClass" Date="20121017" Time="145114">FeatureClassToFeatureClass "V:\GIS-ADMIN\Current Data\Current_Data.gdb\Building_Footprint" V:\GIS-ADMIN\Workspaces\Reinhold\Geodatabases\WorkingGeodatabase.mdb Building_FootprintW # "LOTBLOCK "LOTBLOCK" true true false 50 Text 0 0 ,First,#,V:\GIS-ADMIN\Current Data\Current_Data.gdb\Building_Footprint,LOTBLOCK,-1,-1;X "X" true true false 8 Double 0 0 ,First,#,V:\GIS-ADMIN\Current Data\Current_Data.gdb\Building_Footprint,X,-1,-1;Y "Y" true true false 8 Double 0 0 ,First,#,V:\GIS-ADMIN\Current Data\Current_Data.gdb\Building_Footprint,Y,-1,-1;NAME "NAME" true true false 50 Text 0 0 ,First,#,V:\GIS-ADMIN\Current Data\Current_Data.gdb\Building_Footprint,NAME,-1,-1;Override "Override" true true false 0 Blob 0 0 ,First,#,V:\GIS-ADMIN\Current Data\Current_Data.gdb\Building_Footprint,Override,-1,-1;RuleID "RuleID" true true false 4 Long 0 0 ,First,#,V:\GIS-ADMIN\Current Data\Current_Data.gdb\Building_Footprint,RuleID,-1,-1;Shape_Length "Shape_Length" false true true 8 Double 0 0 ,First,#,V:\GIS-ADMIN\Current Data\Current_Data.gdb\Building_Footprint,Shape_Length,-1,-1;Shape_Area "Shape_Area" false true true 8 Double 0 0 ,First,#,V:\GIS-ADMIN\Current Data\Current_Data.gdb\Building_Footprint,Shape_Area,-1,-1" #</Process><Process ToolSource="C:\Program Files\ArcGIS\Desktop10.0\ArcToolbox\Toolboxes\Conversion Tools.tbx\FeatureClassToFeatureClass" Date="20121019" Time="083027">FeatureClassToFeatureClass V:\GIS-ADMIN\Workspaces\Reinhold\Geodatabases\WorkingGeodatabase.mdb\Building_FootprintW "V:\GIS-ADMIN\Current Data\Current_Data_For_Public.gdb" Building_Footprint # "LOTBLOCK "LOTBLOCK" true true false 50 Text 0 0 ,First,#,V:\GIS-ADMIN\Workspaces\Reinhold\Geodatabases\WorkingGeodatabase.mdb\Building_FootprintW,LOTBLOCK,-1,-1;X "X" true true false 8 Double 0 0 ,First,#,V:\GIS-ADMIN\Workspaces\Reinhold\Geodatabases\WorkingGeodatabase.mdb\Building_FootprintW,X,-1,-1;Y "Y" true true false 8 Double 0 0 ,First,#,V:\GIS-ADMIN\Workspaces\Reinhold\Geodatabases\WorkingGeodatabase.mdb\Building_FootprintW,Y,-1,-1;NAME "NAME" true true false 50 Text 0 0 ,First,#,V:\GIS-ADMIN\Workspaces\Reinhold\Geodatabases\WorkingGeodatabase.mdb\Building_FootprintW,NAME,-1,-1;Override "Override" true true false 0 Blob 0 0 ,First,#,V:\GIS-ADMIN\Workspaces\Reinhold\Geodatabases\WorkingGeodatabase.mdb\Building_FootprintW,Override,-1,-1;RuleID "RuleID" true true false 4 Long 0 0 ,First,#,V:\GIS-ADMIN\Workspaces\Reinhold\Geodatabases\WorkingGeodatabase.mdb\Building_FootprintW,RuleID,-1,-1;Shape_Length "Shape_Length" false true true 8 Double 0 0 ,First,#,V:\GIS-ADMIN\Workspaces\Reinhold\Geodatabases\WorkingGeodatabase.mdb\Building_FootprintW,Shape_Length,-1,-1;Shape_Area "Shape_Area" false true true 8 Double 0 0 ,First,#,V:\GIS-ADMIN\Workspaces\Reinhold\Geodatabases\WorkingGeodatabase.mdb\Building_FootprintW,Shape_Area,-1,-1" #</Process><Process ToolSource="c:\program files\arcgis\desktop10.1\ArcToolbox\Toolboxes\Data Management Tools.tbx\CopyFeatures" Date="20121024" Time="130616">CopyFeatures Building_Footprint V:\GIS-ADMIN\google_shapefiles\Building_Footprint.shp # 0 0 0</Process></lineage><itemProps><itemName Sync="TRUE">Building_Footprint</itemName><imsContentType Sync="TRUE">002</imsContentType><itemLocation><linkage Sync="TRUE">file://\\gis0011\pgh-gis\GIS-ADMIN\google_shapefiles\Building_Footprint.shp</linkage><protocol Sync="TRUE">Local Area Network</protocol></itemLocation><itemSize Sync="TRUE">0.000</itemSize></itemProps><coordRef><type Sync="TRUE">Projected</type><geogcsn Sync="TRUE">GCS_North_American_1983</geogcsn><csUnits Sync="TRUE">Linear Unit: Foot_US (0.304801)</csUnits><projcsn Sync="TRUE">NAD_1983_StatePlane_Pennsylvania_South_FIPS_3702_Feet</projcsn><peXml Sync="TRUE">&lt;ProjectedCoordinateSystem xsi:type='typens:ProjectedCoordinateSystem' xmlns:xsi='http://www.w3.org/2001/XMLSchema-instance' xmlns:xs='http://www.w3.org/2001/XMLSchema' xmlns:typens='http://www.esri.com/schemas/ArcGIS/10.1'&gt;&lt;WKT&gt;PROJCS[&amp;quot;NAD_1983_StatePlane_Pennsylvania_South_FIPS_3702_Feet&amp;quot;,GEOGCS[&amp;quot;GCS_North_American_1983&amp;quot;,DATUM[&amp;quot;D_North_American_1983&amp;quot;,SPHEROID[&amp;quot;GRS_1980&amp;quot;,6378137.0,298.257222101]],PRIMEM[&amp;quot;Greenwich&amp;quot;,0.0],UNIT[&amp;quot;Degree&amp;quot;,0.0174532925199433]],PROJECTION[&amp;quot;Lambert_Conformal_Conic&amp;quot;],PARAMETER[&amp;quot;False_Easting&amp;quot;,1968500.0],PARAMETER[&amp;quot;False_Northing&amp;quot;,0.0],PARAMETER[&amp;quot;Central_Meridian&amp;quot;,-77.75],PARAMETER[&amp;quot;Standard_Parallel_1&amp;quot;,39.93333333333333],PARAMETER[&amp;quot;Standard_Parallel_2&amp;quot;,40.96666666666667],PARAMETER[&amp;quot;Latitude_Of_Origin&amp;quot;,39.33333333333334],UNIT[&amp;quot;Foot_US&amp;quot;,0.3048006096012192],AUTHORITY[&amp;quot;EPSG&amp;quot;,2272]]&lt;/WKT&gt;&lt;XOrigin&gt;-119214200&lt;/XOrigin&gt;&lt;YOrigin&gt;-96198500&lt;/YOrigin&gt;&lt;XYScale&gt;37163717.489134133&lt;/XYScale&gt;&lt;ZOrigin&gt;-100000&lt;/ZOrigin&gt;&lt;ZScale&gt;10000&lt;/ZScale&gt;&lt;MOrigin&gt;-100000&lt;/MOrigin&gt;&lt;MScale&gt;10000&lt;/MScale&gt;&lt;XYTolerance&gt;0.0032808333333333331&lt;/XYTolerance&gt;&lt;ZTolerance&gt;0.001&lt;/ZTolerance&gt;&lt;MTolerance&gt;0.001&lt;/MTolerance&gt;&lt;HighPrecision&gt;true&lt;/HighPrecision&gt;&lt;WKID&gt;102729&lt;/WKID&gt;&lt;LatestWKID&gt;2272&lt;/LatestWKID&gt;&lt;/ProjectedCoordinateSystem&gt;</peXml></coordRef></DataProperties><SyncDate>20121024</SyncDate><SyncTime>13053000</SyncTime><ModDate>20121024</ModDate><ModTime>13053000</ModTime><MetaID>{D7F1D789-7474-4114-AA95-E45210EDB8D9}</MetaID></Esri><idinfo><native Sync="TRUE">Microsoft Windows XP Version 5.1 (Build 2600) Service Pack 3; ESRI ArcCatalog 9.3.1.3500</native><descript><langdata Sync="TRUE">en</langdata><abstract>Building outlines for the City of Pittsburgh</abstract><purpose>To help in the visualization of the buldings of the city.</purpose></descript><citation><citeinfo><origin>REQUIRED: The name of an organization or individual that developed the data set.</origin><pubdate>REQUIRED: The date when the data set is published or otherwise made available for release.</pubdate><title Sync="TRUE">Building_Footprint</title><ftname Sync="TRUE">Building_Footprint</ftname><geoform Sync="TRUE">vector digital data</geoform><onlink Sync="TRUE">\\gis0011\pgh-gis\GIS-ADMIN\Current Data\Current_Data.gdb</onlink></citeinfo></citation><timeperd><current>publication date</current><timeinfo><sngdate><caldate>2008</caldate></sngdate></timeinfo></timeperd><status><progress>Complete</progress><update>Monthly</update></status><spdom><bounding><westbc Sync="TRUE">-80.092036</westbc><eastbc Sync="TRUE">-79.863116</eastbc><northbc Sync="TRUE">40.503343</northbc><southbc Sync="TRUE">40.358270</southbc></bounding><lboundng><leftbc Sync="TRUE">1317251.837861</leftbc><rightbc Sync="TRUE">1379705.610919</rightbc><bottombc Sync="TRUE">381988.712980</bottombc><topbc Sync="TRUE">433279.899111</topbc></lboundng></spdom><keywords><theme><themekt>buldings</themekt><themekey>buildings</themekey></theme><place><placekey>Pittsburgh</placekey></place></keywords><accconst>Ask for details</accconst><useconst>Ask for details</useconst><natvform Sync="TRUE">File Geodatabase Feature Class</natvform><ptcontac><cntinfo><cntperp><cntper>Christina Dinwoodie</cntper></cntperp></cntinfo></ptcontac></idinfo><dataIdInfo><envirDesc Sync="TRUE">Microsoft Windows XP Version 5.1 (Build 2600) Service Pack 3; Esri ArcGIS 10.1.0.3035</envirDesc><dataLang><languageCode Sync="TRUE" value="en"></languageCode><countryCode value="US" Sync="TRUE"></countryCode></dataLang><idCitation><resTitle Sync="TRUE">Building_Footprint</resTitle><presForm><PresFormCd Sync="TRUE" value="005"></PresFormCd></presForm></idCitation><spatRpType><SpatRepTypCd Sync="TRUE" value="001"></SpatRepTypCd></spatRpType><dataExt><geoEle><GeoBndBox esriExtentType="native"><westBL Sync="TRUE">1317251.837861</westBL><eastBL Sync="TRUE">1379705.610919</eastBL><northBL Sync="TRUE">433279.899111</northBL><southBL Sync="TRUE">381988.71298</southBL><exTypeCode Sync="TRUE">1</exTypeCode></GeoBndBox></geoEle></dataExt><geoBox esriExtentType="decdegrees"><westBL Sync="TRUE">-80.092036</westBL><eastBL Sync="TRUE">-79.863116</eastBL><northBL Sync="TRUE">40.503343</northBL><southBL Sync="TRUE">40.35827</southBL><exTypeCode Sync="TRUE">1</exTypeCode></geoBox></dataIdInfo><metainfo><langmeta Sync="TRUE">en</langmeta><metstdn Sync="TRUE">FGDC Content Standards for Digital Geospatial Metadata</metstdn><metstdv Sync="TRUE">FGDC-STD-001-1998</metstdv><mettc Sync="TRUE">local time</mettc><metc><cntinfo><cntorgp><cntper>REQUIRED: The person responsible for the metadata information.</cntper><cntorg>REQUIRED: The organization responsible for the metadata information.</cntorg></cntorgp><cntaddr><addrtype>REQUIRED: The mailing and/or physical address for the organization or individual.</addrtype><city>REQUIRED: The city of the address.</city><state>REQUIRED: The state or province of the address.</state><postal>REQUIRED: The ZIP or other postal code of the address.</postal></cntaddr><cntvoice>REQUIRED: The telephone number by which individuals can speak to the organization or individual.</cntvoice></cntinfo></metc><metd Sync="TRUE">20100630</metd></metainfo><mdLang><languageCode Sync="TRUE" value="en"></languageCode><countryCode value="US" Sync="TRUE"></countryCode></mdLang><mdStanName Sync="TRUE">ISO 19115 Geographic Information - Metadata</mdStanName><mdStanVer Sync="TRUE">DIS_ESRI1.0</mdStanVer><mdChar><CharSetCd Sync="TRUE" value="004"></CharSetCd></mdChar><mdHrLv><ScopeCd Sync="TRUE" value="005"></ScopeCd></mdHrLv><mdHrLvName Sync="TRUE">dataset</mdHrLvName><distinfo><resdesc Sync="TRUE">Downloadable Data</resdesc><stdorder><digform><digtinfo><transize Sync="TRUE">16.517</transize><dssize Sync="TRUE">16.517</dssize></digtinfo></digform></stdorder></distinfo><distInfo><distributor><distorTran><onLineSrc><orDesc Sync="TRUE">002</orDesc><linkage Sync="TRUE">file://\\gis0011\pgh-gis\GIS-ADMIN\Current Data\Current_Data.gdb</linkage><protocol Sync="TRUE">Local Area Network</protocol></onLineSrc><transSize Sync="TRUE">16.517</transSize></distorTran><distorFormat><formatName Sync="TRUE">File Geodatabase Feature Class</formatName></distorFormat></distributor><distFormat><formatName Sync="TRUE">Shapefile</formatName></distFormat><distTranOps><transSize Sync="TRUE">0.000</transSize></distTranOps></distInfo><spdoinfo><direct Sync="TRUE">Vector</direct><ptvctinf><esriterm Name="Building_Footprint"><efeatyp Sync="TRUE">Simple</efeatyp><efeageom code="4" Sync="TRUE"></efeageom><esritopo Sync="TRUE">FALSE</esritopo><efeacnt Sync="TRUE">0</efeacnt><spindex Sync="TRUE">FALSE</spindex><linrefer Sync="TRUE">FALSE</linrefer></esriterm></ptvctinf></spdoinfo><spref><horizsys><cordsysn><geogcsn Sync="TRUE">GCS_North_American_1983</geogcsn><projcsn Sync="TRUE">NAD_1983_StatePlane_Pennsylvania_South_FIPS_3702_Feet</projcsn></cordsysn><planar><planci><plance Sync="TRUE">coordinate pair</plance><plandu Sync="TRUE">survey feet</plandu><coordrep><absres Sync="TRUE">0.000328</absres><ordres Sync="TRUE">0.000328</ordres></coordrep></planci></planar><geodetic><horizdn Sync="TRUE">North American Datum of 1983</horizdn><ellips Sync="TRUE">Geodetic Reference System 80</ellips><semiaxis Sync="TRUE">6378137.000000</semiaxis><denflat Sync="TRUE">298.257222</denflat></geodetic></horizsys><vertdef><altsys><altenc Sync="TRUE">Explicit elevation coordinate included with horizontal coordinates</altenc><altres Sync="TRUE">1.000000</altres></altsys></vertdef></spref><refSysInfo><RefSystem><refSysID><identCode Sync="TRUE" value="2272">NAD_1983_StatePlane_Pennsylvania_South_FIPS_3702_Feet</identCode><idCodeSpace Sync="TRUE">EPSG</idCodeSpace><idVersion Sync="TRUE">7.9.4</idVersion></refSysID></RefSystem></refSysInfo><spatRepInfo><VectSpatRep><geometObjs Name="Building_Footprint"><geoObjTyp><GeoObjTypCd value="002" Sync="TRUE"></GeoObjTypCd></geoObjTyp><geoObjCnt Sync="TRUE">0</geoObjCnt></geometObjs><topLvl><TopoLevCd value="001" Sync="TRUE"></TopoLevCd></topLvl></VectSpatRep></spatRepInfo><eainfo><detailed Name="Building_Footprint"><attr><attrlabl Sync="TRUE">SHAPE</attrlabl><attalias Sync="TRUE">Shape</attalias><attrtype Sync="TRUE">Geometry</attrtype><attwidth Sync="TRUE">0</attwidth><atprecis Sync="TRUE">0</atprecis><attscale Sync="TRUE">0</attscale><attrdef Sync="TRUE">Feature geometry.</attrdef><attrdefs Sync="TRUE">ESRI</attrdefs><attrdomv><udom Sync="TRUE">Coordinates defining the features.</udom></attrdomv></attr><attr><attrlabl Sync="TRUE">Shape_Area</attrlabl><attalias Sync="TRUE">FID</attalias><attrtype Sync="TRUE">OID</attrtype><attwidth Sync="TRUE">4</attwidth><atprecis Sync="TRUE">0</atprecis><attscale Sync="TRUE">0</attscale><attrdef Sync="TRUE">Area of feature in internal units squared.</attrdef><attrdefs Sync="TRUE">ESRI</attrdefs><attrdomv><udom Sync="TRUE">Positive real numbers that are automatically generated.</udom></attrdomv></attr><enttyp><enttypl Sync="TRUE">Building_Footprint</enttypl><enttypt Sync="TRUE">Feature Class</enttypt><enttypc Sync="TRUE">0</enttypc></enttyp><attr><attrlabl Sync="TRUE">Shape</attrlabl><attalias Sync="TRUE">NAME</attalias><attrtype Sync="TRUE">String</attrtype><attwidth Sync="TRUE">50</attwidth><atprecis Sync="TRUE">0</atprecis><attscale Sync="TRUE">0</attscale><attrdef Sync="TRUE">Feature geometry.</attrdef><attrdefs Sync="TRUE">ESRI</attrdefs><attrdomv><udom Sync="TRUE">Coordinates defining the features.</udom></attrdomv></attr><attr><attrlabl Sync="TRUE">NAME</attrlabl><attalias Sync="TRUE">LOTBLOCK</attalias><attrtype Sync="TRUE">String</attrtype><attwidth Sync="TRUE">50</attwidth><atprecis Sync="TRUE">0</atprecis><attscale Sync="TRUE">0</attscale></attr><attr><attrlabl Sync="TRUE">LOTBLOCK</attrlabl><attalias Sync="TRUE">X</attalias><attrtype Sync="TRUE">Double</attrtype><attwidth Sync="TRUE">19</attwidth><atprecis Sync="TRUE">0</atprecis><attscale Sync="TRUE">0</attscale></attr><attr><attrlabl Sync="TRUE">X</attrlabl><attalias Sync="TRUE">RuleID</attalias><attrtype Sync="TRUE">Integer</attrtype><attwidth Sync="TRUE">9</attwidth><atprecis Sync="TRUE">9</atprecis><attscale Sync="TRUE">0</attscale><attrdef Sync="TRUE">Area of feature in internal units squared.</attrdef><attrdefs Sync="TRUE">ESRI</attrdefs><attrdomv><udom Sync="TRUE">Positive real numbers that are automatically generated.</udom></attrdomv></attr><attr><attrlabl Sync="TRUE">RuleID</attrlabl><attalias Sync="TRUE">Y</attalias><attrtype Sync="TRUE">Double</attrtype><attwidth Sync="TRUE">19</attwidth><atprecis Sync="TRUE">0</atprecis><attscale Sync="TRUE">0</attscale><attrdef Sync="TRUE">Length of feature in internal units.</attrdef><attrdefs Sync="TRUE">ESRI</attrdefs><attrdomv><udom Sync="TRUE">Positive real numbers that are automatically generated.</udom></attrdomv></attr><attr><attrlabl Sync="TRUE">Shape_Leng</attrlabl><attalias Sync="TRUE">Shape_Leng</attalias><attrtype Sync="TRUE">Double</attrtype><attwidth Sync="TRUE">19</attwidth><atprecis Sync="TRUE">0</atprecis><attscale Sync="TRUE">0</attscale></attr><attr><attrlabl Sync="TRUE">Y</attrlabl><attalias Sync="TRUE">Shape_Area</attalias><attrtype Sync="TRUE">Double</attrtype><attwidth Sync="TRUE">19</attwidth><atprecis Sync="TRUE">0</atprecis><attscale Sync="TRUE">0</attscale><attrdef Sync="TRUE">Length of feature in internal units.</attrdef><attrdefs Sync="TRUE">ESRI</attrdefs><attrdomv><udom Sync="TRUE">Positive real numbers that are automatically generated.</udom></attrdomv></attr></detailed></eainfo><mdDateSt Sync="TRUE">20121024</mdDateSt><dataqual><lineage><procstep><procdesc Sync="TRUE">Dataset copied.</procdesc><srcused Sync="TRUE">V:\GIS-ADMIN\Workspaces\Dinwoodie\2007\Shapefiles\buildings_polygon</srcused><date Sync="TRUE">20080131</date><time Sync="TRUE">09222600</time></procstep></lineage></dataqual></metadata>
