<?xml version="1.0"?>
<!--<!DOCTYPE metadata SYSTEM "http://www.esri.com/metadata/esriprof80.dtd">-->
<metadata xml:lang="en"><Esri><CreaDate>20060512</CreaDate><CreaTime>08222800</CreaTime><SyncOnce>FALSE</SyncOnce><DataProperties><lineage><Process Name="Create Feature Class" ToolSource="C:\Program Files\ArcGIS\ArcToolbox\Toolboxes\Data Management Tools.tbx\CreateFeatureclass" Date="20051229" Time="100228">CreateFeatureclass "Database Connections\Connection to gis_dev.sde" hospitals_point # point_Layer SAME_AS_TEMPLATE SAME_AS_TEMPLATE "PROJCS['NAD_1983_StatePlane_Pennsylvania_South_FIPS_3702_Feet',GEOGCS['GCS_North_American_1983',DATUM['D_North_American_1983',SPHEROID['GRS_1980',6378137.0,298.257222101]],PRIMEM['Greenwich',0.0],UNIT['Degree',0.0174532925199433]],PROJECTION['Lambert_Conformal_Conic'],PARAMETER['False_Easting',1968500.0],PARAMETER['False_Northing',0.0],PARAMETER['Central_Meridian',-77.75],PARAMETER['Standard_Parallel_1',39.93333333333333],PARAMETER['Standard_Parallel_2',40.96666666666667],PARAMETER['Latitude_Of_Origin',39.33333333333334],UNIT['Foot_US',0.3048006096012192]];1282901.960732 348296.882607 15624.9999854481;0 100000;0 100000" # 0 0 0 "Database Connections\Connection to gis_dev.sde\GIS_DEV.hospitals_point"</Process><Process Name="Append" ToolSource="C:\Program Files\ArcGIS\ArcToolbox\Toolboxes\Data Management Tools.tbx\Append" Date="20051229" Time="100231">Append point_Layer "Database Connections\Connection to gis_dev.sde\GIS_DEV.hospitals_point" TEST "Database Connections\Connection to gis_dev.sde\GIS_DEV.hospitals_point"</Process><Process Name="FeatureClassToFeatureClass_21" ToolSource="C:\Program Files\ArcGIS\ArcToolbox\Toolboxes\Conversion Tools.tbx\FeatureClassToFeatureClass" Date="20051229" Time="100234">FeatureClassToFeatureClass P:\Citywide\Data\coverages\hospitals\point "Database Connections\Connection to gis_dev.sde" hospitals_point # "AREA AREA VISIBLE;PERIMETER PERIMETER VISIBLE;HOSPITALS# HOSPITALS_ VISIBLE;HOSPITALS-ID HOSPITALS_ID VISIBLE;CATEGORY CATEGORY VISIBLE;NAME NAME VISIBLE;MAPSYM MAPSYM VISIBLE;NHOOD NHOOD VISIBLE;ADDRESS ADDRESS VISIBLE;ZIPCODE ZIPCODE VISIBLE;PHONE PHONE VISIBLE;EMPLOY EMPLOY VISIBLE;BEDS BEDS VISIBLE;DRSTAFF DRSTAFF VISIBLE;ER ER VISIBLE;OWNER OWNER VISIBLE;EST EST VISIBLE;$POLYGONID POLYGONID VISIBLE;$SCALE SCALE VISIBLE;$ANGLE ANGLE VISIBLE" SAME_AS_TEMPLATE SAME_AS_TEMPLATE # 0 "Database Connections\Connection to gis_dev.sde\GIS_DEV.hospitals_point"</Process><Process ToolSource="C:\Program Files\ArcGIS\ArcToolbox\Toolboxes\Data Management Tools.tbx\CopyFeatures" Date="20070222" Time="102612">CopyFeatures "Database Connections\GIS_PROD.sde\GIS_PROD.hospitals_point" "Database Connections\gisprod.sde\GIS_PROD.GIS_PROD_hospitals_point" # 0 0 0</Process><Process ToolSource="C:\Program Files\ArcGIS\ArcToolbox\Toolboxes\Conversion Tools.tbx\FeatureClassToFeatureClass" Date="20100111" Time="084651">FeatureClassToFeatureClass "Database Connections\Connection to gis0011.sde\GIS_PROD.hospitals_point" "V:\GIS-ADMIN\Current Data\Current_Data.gdb" Hospitals # "GIS_PROD_HOSPITALS_POINT_AREA 'AREA' true true false 8 Double 8 38 ,First,#,Database Connections\Connection to gis0011.sde\GIS_PROD.hospitals_point,GIS_PROD_HOSPITALS_POINT_AREA,-1,-1;PERIMETER 'PERIMETER' true true false 8 Double 8 38 ,First,#,Database Connections\Connection to gis0011.sde\GIS_PROD.hospitals_point,PERIMETER,-1,-1;HOSPITALS_ 'HOSPITALS_' true true false 4 Long 0 10 ,First,#,Database Connections\Connection to gis0011.sde\GIS_PROD.hospitals_point,HOSPITALS_,-1,-1;HOSPITALS_ID 'HOSPITALS_ID' true true false 4 Long 0 10 ,First,#,Database Connections\Connection to gis0011.sde\GIS_PROD.hospitals_point,HOSPITALS_ID,-1,-1;CATEGORY 'CATEGORY' true true false 2 Short 0 1 ,First,#,Database Connections\Connection to gis0011.sde\GIS_PROD.hospitals_point,CATEGORY,-1,-1;NAME 'NAME' true true false 50 Text 0 0 ,First,#,Database Connections\Connection to gis0011.sde\GIS_PROD.hospitals_point,NAME,-1,-1;MAPSYM 'MAPSYM' true true false 2 Short 0 2 ,First,#,Database Connections\Connection to gis0011.sde\GIS_PROD.hospitals_point,MAPSYM,-1,-1;NHOOD 'NHOOD' true true false 30 Text 0 0 ,First,#,Database Connections\Connection to gis0011.sde\GIS_PROD.hospitals_point,NHOOD,-1,-1;ADDRESS 'ADDRESS' true true false 30 Text 0 0 ,First,#,Database Connections\Connection to gis0011.sde\GIS_PROD.hospitals_point,ADDRESS,-1,-1;ZIPCODE 'ZIPCODE' true true false 4 Long 0 5 ,First,#,Database Connections\Connection to gis0011.sde\GIS_PROD.hospitals_point,ZIPCODE,-1,-1;PHONE 'PHONE' true true false 10 Text 0 0 ,First,#,Database Connections\Connection to gis0011.sde\GIS_PROD.hospitals_point,PHONE,-1,-1;EMPLOY 'EMPLOY' true true false 4 Long 0 6 ,First,#,Database Connections\Connection to gis0011.sde\GIS_PROD.hospitals_point,EMPLOY,-1,-1;BEDS 'BEDS' true true false 4 Long 0 6 ,First,#,Database Connections\Connection to gis0011.sde\GIS_PROD.hospitals_point,BEDS,-1,-1;DRSTAFF 'DRSTAFF' true true false 4 Long 0 6 ,First,#,Database Connections\Connection to gis0011.sde\GIS_PROD.hospitals_point,DRSTAFF,-1,-1;ER 'ER' true true false 1 Text 0 0 ,First,#,Database Connections\Connection to gis0011.sde\GIS_PROD.hospitals_point,ER,-1,-1;OWNER 'OWNER' true true false 30 Text 0 0 ,First,#,Database Connections\Connection to gis0011.sde\GIS_PROD.hospitals_point,OWNER,-1,-1;EST 'EST' true true false 2 Short 0 4 ,First,#,Database Connections\Connection to gis0011.sde\GIS_PROD.hospitals_point,EST,-1,-1;POLYGONID 'POLYGONID' true true false 4 Long 0 10 ,First,#,Database Connections\Connection to gis0011.sde\GIS_PROD.hospitals_point,POLYGONID,-1,-1;SCALE 'SCALE' true true false 8 Double 8 38 ,First,#,Database Connections\Connection to gis0011.sde\GIS_PROD.hospitals_point,SCALE,-1,-1;ANGLE 'ANGLE' true true false 8 Double 8 38 ,First,#,Database Connections\Connection to gis0011.sde\GIS_PROD.hospitals_point,ANGLE,-1,-1" # "V:\GIS-ADMIN\Current Data\Current_Data.gdb\Hospitals"</Process><Process ToolSource="C:\Program Files\ArcGIS\ArcToolbox\Toolboxes\Conversion Tools.tbx\FeatureClassToFeatureClass" Date="20100111" Time="092421">FeatureClassToFeatureClass "V:\GIS-ADMIN\Current Data\Current_Data.gdb\Hospitals" "V:\GIS-ADMIN\Current Data\EMSTemp.mdb" Hospitals # "GIS_PROD_HOSPITALS_POINT_AREA 'AREA' true true false 8 Double 0 0 ,First,#,V:\GIS-ADMIN\Current Data\Current_Data.gdb\Hospitals,GIS_PROD_HOSPITALS_POINT_AREA,-1,-1;PERIMETER 'PERIMETER' true true false 8 Double 0 0 ,First,#,V:\GIS-ADMIN\Current Data\Current_Data.gdb\Hospitals,PERIMETER,-1,-1;HOSPITALS_ 'HOSPITALS_' true true false 4 Long 0 0 ,First,#,V:\GIS-ADMIN\Current Data\Current_Data.gdb\Hospitals,HOSPITALS_,-1,-1;HOSPITALS_ID 'HOSPITALS_ID' true true false 4 Long 0 0 ,First,#,V:\GIS-ADMIN\Current Data\Current_Data.gdb\Hospitals,HOSPITALS_ID,-1,-1;CATEGORY 'CATEGORY' true true false 2 Short 0 0 ,First,#,V:\GIS-ADMIN\Current Data\Current_Data.gdb\Hospitals,CATEGORY,-1,-1;NAME 'NAME' true true false 50 Text 0 0 ,First,#,V:\GIS-ADMIN\Current Data\Current_Data.gdb\Hospitals,NAME,-1,-1;MAPSYM 'MAPSYM' true true false 2 Short 0 0 ,First,#,V:\GIS-ADMIN\Current Data\Current_Data.gdb\Hospitals,MAPSYM,-1,-1;NHOOD 'NHOOD' true true false 30 Text 0 0 ,First,#,V:\GIS-ADMIN\Current Data\Current_Data.gdb\Hospitals,NHOOD,-1,-1;ADDRESS 'ADDRESS' true true false 30 Text 0 0 ,First,#,V:\GIS-ADMIN\Current Data\Current_Data.gdb\Hospitals,ADDRESS,-1,-1;ZIPCODE 'ZIPCODE' true true false 4 Long 0 0 ,First,#,V:\GIS-ADMIN\Current Data\Current_Data.gdb\Hospitals,ZIPCODE,-1,-1;PHONE 'PHONE' true true false 10 Text 0 0 ,First,#,V:\GIS-ADMIN\Current Data\Current_Data.gdb\Hospitals,PHONE,-1,-1;EMPLOY 'EMPLOY' true true false 4 Long 0 0 ,First,#,V:\GIS-ADMIN\Current Data\Current_Data.gdb\Hospitals,EMPLOY,-1,-1;BEDS 'BEDS' true true false 4 Long 0 0 ,First,#,V:\GIS-ADMIN\Current Data\Current_Data.gdb\Hospitals,BEDS,-1,-1;DRSTAFF 'DRSTAFF' true true false 4 Long 0 0 ,First,#,V:\GIS-ADMIN\Current Data\Current_Data.gdb\Hospitals,DRSTAFF,-1,-1;ER 'ER' true true false 1 Text 0 0 ,First,#,V:\GIS-ADMIN\Current Data\Current_Data.gdb\Hospitals,ER,-1,-1;OWNER 'OWNER' true true false 30 Text 0 0 ,First,#,V:\GIS-ADMIN\Current Data\Current_Data.gdb\Hospitals,OWNER,-1,-1;EST 'EST' true true false 2 Short 0 0 ,First,#,V:\GIS-ADMIN\Current Data\Current_Data.gdb\Hospitals,EST,-1,-1;POLYGONID 'POLYGONID' true true false 4 Long 0 0 ,First,#,V:\GIS-ADMIN\Current Data\Current_Data.gdb\Hospitals,POLYGONID,-1,-1;SCALE 'SCALE' true true false 8 Double 0 0 ,First,#,V:\GIS-ADMIN\Current Data\Current_Data.gdb\Hospitals,SCALE,-1,-1;ANGLE 'ANGLE' true true false 8 Double 0 0 ,First,#,V:\GIS-ADMIN\Current Data\Current_Data.gdb\Hospitals,ANGLE,-1,-1" # "V:\GIS-ADMIN\Current Data\EMSTemp.mdb\Hospitals"</Process><Process ToolSource="C:\Program Files\ArcGIS\ArcToolbox\Toolboxes\Conversion Tools.tbx\FeatureClassToFeatureClass" Date="20100111" Time="110904">FeatureClassToFeatureClass "V:\GIS-ADMIN\Current Data\EMSTemp.mdb\Hospitals" "V:\GIS-ADMIN\Current Data\Current_Data.gdb" Hospitals # "GIS_PROD_HOSPITALS_POINT_AREA 'AREA' true true false 8 Double 0 0 ,First,#,V:\GIS-ADMIN\Current Data\EMSTemp.mdb\Hospitals,GIS_PROD_HOSPITALS_POINT_AREA,-1,-1;PERIMETER 'PERIMETER' true true false 8 Double 0 0 ,First,#,V:\GIS-ADMIN\Current Data\EMSTemp.mdb\Hospitals,PERIMETER,-1,-1;HOSPITALS_ 'HOSPITALS_' true true false 4 Long 0 0 ,First,#,V:\GIS-ADMIN\Current Data\EMSTemp.mdb\Hospitals,HOSPITALS_,-1,-1;HOSPITALS_ID 'HOSPITALS_ID' true true false 4 Long 0 0 ,First,#,V:\GIS-ADMIN\Current Data\EMSTemp.mdb\Hospitals,HOSPITALS_ID,-1,-1;CATEGORY 'CATEGORY' true true false 2 Short 0 0 ,First,#,V:\GIS-ADMIN\Current Data\EMSTemp.mdb\Hospitals,CATEGORY,-1,-1;NAME 'NAME' true true false 75 Text 0 0 ,First,#,V:\GIS-ADMIN\Current Data\EMSTemp.mdb\Hospitals,NAME,-1,-1;MAPSYM 'MAPSYM' true true false 2 Short 0 0 ,First,#,V:\GIS-ADMIN\Current Data\EMSTemp.mdb\Hospitals,MAPSYM,-1,-1;NHOOD 'NHOOD' true true false 30 Text 0 0 ,First,#,V:\GIS-ADMIN\Current Data\EMSTemp.mdb\Hospitals,NHOOD,-1,-1;ADDRESS 'ADDRESS' true true false 30 Text 0 0 ,First,#,V:\GIS-ADMIN\Current Data\EMSTemp.mdb\Hospitals,ADDRESS,-1,-1;ZIPCODE 'ZIPCODE' true true false 4 Long 0 0 ,First,#,V:\GIS-ADMIN\Current Data\EMSTemp.mdb\Hospitals,ZIPCODE,-1,-1;PHONE 'PHONE' true true false 10 Text 0 0 ,First,#,V:\GIS-ADMIN\Current Data\EMSTemp.mdb\Hospitals,PHONE,-1,-1;EMPLOY 'EMPLOY' true true false 4 Long 0 0 ,First,#,V:\GIS-ADMIN\Current Data\EMSTemp.mdb\Hospitals,EMPLOY,-1,-1;BEDS 'BEDS' true true false 4 Long 0 0 ,First,#,V:\GIS-ADMIN\Current Data\EMSTemp.mdb\Hospitals,BEDS,-1,-1;DRSTAFF 'DRSTAFF' true true false 4 Long 0 0 ,First,#,V:\GIS-ADMIN\Current Data\EMSTemp.mdb\Hospitals,DRSTAFF,-1,-1;ER 'ER' true true false 1 Text 0 0 ,First,#,V:\GIS-ADMIN\Current Data\EMSTemp.mdb\Hospitals,ER,-1,-1;OWNER 'OWNER' true true false 30 Text 0 0 ,First,#,V:\GIS-ADMIN\Current Data\EMSTemp.mdb\Hospitals,OWNER,-1,-1;EST 'EST' true true false 2 Short 0 0 ,First,#,V:\GIS-ADMIN\Current Data\EMSTemp.mdb\Hospitals,EST,-1,-1;POLYGONID 'POLYGONID' true true false 4 Long 0 0 ,First,#,V:\GIS-ADMIN\Current Data\EMSTemp.mdb\Hospitals,POLYGONID,-1,-1;SCALE 'SCALE' true true false 8 Double 0 0 ,First,#,V:\GIS-ADMIN\Current Data\EMSTemp.mdb\Hospitals,SCALE,-1,-1;ANGLE 'ANGLE' true true false 8 Double 0 0 ,First,#,V:\GIS-ADMIN\Current Data\EMSTemp.mdb\Hospitals,ANGLE,-1,-1" # "V:\GIS-ADMIN\Current Data\Current_Data.gdb\Hospitals"</Process><Process ToolSource="c:\program files\arcgis\desktop10.1\ArcToolbox\Toolboxes\Data Management Tools.tbx\CopyFeatures" Date="20121024" Time="125957">CopyFeatures Hospitals V:\GIS-ADMIN\google_shapefiles\Hospitals.shp # 0 0 0</Process></lineage><itemProps><itemName Sync="TRUE">Hospitals</itemName><imsContentType Sync="TRUE">002</imsContentType><itemSize Sync="TRUE">0.000</itemSize><itemLocation><linkage Sync="TRUE">file://\\gis0011\pgh-gis\GIS-ADMIN\google_shapefiles\Hospitals.shp</linkage><protocol Sync="TRUE">Local Area Network</protocol></itemLocation></itemProps><coordRef><type Sync="TRUE">Projected</type><geogcsn Sync="TRUE">GCS_North_American_1983</geogcsn><csUnits Sync="TRUE">Linear Unit: Foot_US (0.304801)</csUnits><projcsn Sync="TRUE">NAD_1983_StatePlane_Pennsylvania_South_FIPS_3702_Feet</projcsn><peXml Sync="TRUE">&lt;ProjectedCoordinateSystem xsi:type='typens:ProjectedCoordinateSystem' xmlns:xsi='http://www.w3.org/2001/XMLSchema-instance' xmlns:xs='http://www.w3.org/2001/XMLSchema' xmlns:typens='http://www.esri.com/schemas/ArcGIS/10.1'&gt;&lt;WKT&gt;PROJCS[&amp;quot;NAD_1983_StatePlane_Pennsylvania_South_FIPS_3702_Feet&amp;quot;,GEOGCS[&amp;quot;GCS_North_American_1983&amp;quot;,DATUM[&amp;quot;D_North_American_1983&amp;quot;,SPHEROID[&amp;quot;GRS_1980&amp;quot;,6378137.0,298.257222101]],PRIMEM[&amp;quot;Greenwich&amp;quot;,0.0],UNIT[&amp;quot;Degree&amp;quot;,0.0174532925199433]],PROJECTION[&amp;quot;Lambert_Conformal_Conic&amp;quot;],PARAMETER[&amp;quot;False_Easting&amp;quot;,1968500.0],PARAMETER[&amp;quot;False_Northing&amp;quot;,0.0],PARAMETER[&amp;quot;Central_Meridian&amp;quot;,-77.75],PARAMETER[&amp;quot;Standard_Parallel_1&amp;quot;,39.93333333333333],PARAMETER[&amp;quot;Standard_Parallel_2&amp;quot;,40.96666666666667],PARAMETER[&amp;quot;Latitude_Of_Origin&amp;quot;,39.33333333333334],UNIT[&amp;quot;Foot_US&amp;quot;,0.3048006096012192],AUTHORITY[&amp;quot;EPSG&amp;quot;,2272]]&lt;/WKT&gt;&lt;XOrigin&gt;-119214200&lt;/XOrigin&gt;&lt;YOrigin&gt;-96198500&lt;/YOrigin&gt;&lt;XYScale&gt;37163717.489134133&lt;/XYScale&gt;&lt;ZOrigin&gt;-100000&lt;/ZOrigin&gt;&lt;ZScale&gt;10000&lt;/ZScale&gt;&lt;MOrigin&gt;-100000&lt;/MOrigin&gt;&lt;MScale&gt;10000&lt;/MScale&gt;&lt;XYTolerance&gt;0.0032808333333333331&lt;/XYTolerance&gt;&lt;ZTolerance&gt;0.001&lt;/ZTolerance&gt;&lt;MTolerance&gt;0.001&lt;/MTolerance&gt;&lt;HighPrecision&gt;true&lt;/HighPrecision&gt;&lt;WKID&gt;102729&lt;/WKID&gt;&lt;LatestWKID&gt;2272&lt;/LatestWKID&gt;&lt;/ProjectedCoordinateSystem&gt;</peXml></coordRef></DataProperties><MetaID>{41413850-B741-4D3F-9227-14C55C7B0B18}</MetaID><SyncDate>20121024</SyncDate><SyncTime>12595600</SyncTime><ModDate>20121024</ModDate><ModTime>12595600</ModTime></Esri><idinfo><citation><citeinfo><onlink Sync="TRUE">\\gis0011\pgh-gis\GIS-ADMIN\Current Data\Current_Data.gdb</onlink><origin>REQUIRED: The name of an organization or individual that developed the data set.</origin><pubdate>REQUIRED: The date when the data set is published or otherwise made available for release.</pubdate><title Sync="TRUE">Hospitals</title><ftname Sync="TRUE">Hospitals</ftname><geoform Sync="TRUE">vector digital data</geoform></citeinfo></citation><native Sync="TRUE">Microsoft Windows XP Version 5.1 (Build 2600) Service Pack 3; ESRI ArcCatalog 9.3.1.3000</native><descript><langdata Sync="TRUE">en</langdata><abstract>REQUIRED: A brief narrative summary of the data set.</abstract><purpose>REQUIRED: A summary of the intentions with which the data set was developed.</purpose></descript><timeperd><current>REQUIRED: The basis on which the time period of content information is determined.</current><timeinfo><sngdate><caldate>REQUIRED: The year (and optionally month, or month and day) for which the data set corresponds to the ground.</caldate></sngdate></timeinfo></timeperd><status><progress>REQUIRED: The state of the data set.</progress><update>REQUIRED: The frequency with which changes and additions are made to the data set after the initial data set is completed.</update></status><spdom><bounding><westbc Sync="TRUE">REQUIRED: Western-most coordinate of the limit of coverage expressed in longitude.</westbc><eastbc Sync="TRUE">REQUIRED: Eastern-most coordinate of the limit of coverage expressed in longitude.</eastbc><northbc Sync="TRUE">REQUIRED: Northern-most coordinate of the limit of coverage expressed in latitude.</northbc><southbc Sync="TRUE">REQUIRED: Southern-most coordinate of the limit of coverage expressed in latitude.</southbc></bounding></spdom><keywords><theme><themekt>REQUIRED: Reference to a formally registered thesaurus or a similar authoritative source of theme keywords.</themekt><themekey>REQUIRED: Common-use word or phrase used to describe the subject of the data set.</themekey></theme></keywords><accconst>REQUIRED: Restrictions and legal prerequisites for accessing the data set.</accconst><useconst>REQUIRED: Restrictions and legal prerequisites for using the data set after access is granted.</useconst><natvform Sync="TRUE">File Geodatabase Feature Class</natvform></idinfo><distInfo><distributor><distorTran><onLineSrc><linkage Sync="TRUE">file://\\gis0011\pgh-gis\GIS-ADMIN\Current Data\Current_Data.gdb</linkage><protocol Sync="TRUE">Local Area Network</protocol><orDesc Sync="TRUE">002</orDesc></onLineSrc></distorTran><distorFormat><formatName Sync="TRUE">File Geodatabase Feature Class</formatName></distorFormat></distributor><distFormat><formatName Sync="TRUE">Shapefile</formatName></distFormat><distTranOps><transSize Sync="TRUE">0.000</transSize></distTranOps></distInfo><dataqual><lineage><procstep><procdesc Sync="TRUE">Dataset copied.</procdesc><srcused Sync="TRUE">Server=gis0010; Service=esri_sde; Database=gis_dev; User=gis_dev; Version=SDE.DEFAULT</srcused><date Sync="TRUE">20060512</date><time Sync="TRUE">08222800</time></procstep></lineage></dataqual><dataIdInfo><envirDesc Sync="TRUE">Microsoft Windows XP Version 5.1 (Build 2600) Service Pack 3; Esri ArcGIS 10.1.0.3035</envirDesc><dataLang><languageCode Sync="TRUE" value="en"></languageCode><countryCode value="US" Sync="TRUE"></countryCode></dataLang><idCitation><resTitle Sync="TRUE">Hospitals</resTitle><presForm><PresFormCd Sync="TRUE" value="005"></PresFormCd></presForm></idCitation><spatRpType><SpatRepTypCd Sync="TRUE" value="001"></SpatRepTypCd></spatRpType></dataIdInfo><metainfo><langmeta Sync="TRUE">en</langmeta><metstdn Sync="TRUE">FGDC Content Standards for Digital Geospatial Metadata</metstdn><metstdv Sync="TRUE">FGDC-STD-001-1998</metstdv><mettc Sync="TRUE">local time</mettc><metc><cntinfo><cntorgp><cntper>REQUIRED: The person responsible for the metadata information.</cntper><cntorg>REQUIRED: The organization responsible for the metadata information.</cntorg></cntorgp><cntaddr><addrtype>REQUIRED: The mailing and/or physical address for the organization or individual.</addrtype><city>REQUIRED: The city of the address.</city><state>REQUIRED: The state or province of the address.</state><postal>REQUIRED: The ZIP or other postal code of the address.</postal></cntaddr><cntvoice>REQUIRED: The telephone number by which individuals can speak to the organization or individual.</cntvoice></cntinfo></metc><metd Sync="TRUE">20100111</metd></metainfo><mdLang><languageCode Sync="TRUE" value="en"></languageCode><countryCode value="US" Sync="TRUE"></countryCode></mdLang><mdStanName Sync="TRUE">ISO 19115 Geographic Information - Metadata</mdStanName><mdStanVer Sync="TRUE">DIS_ESRI1.0</mdStanVer><mdChar><CharSetCd Sync="TRUE" value="004"></CharSetCd></mdChar><mdHrLv><ScopeCd Sync="TRUE" value="005"></ScopeCd></mdHrLv><mdHrLvName Sync="TRUE">dataset</mdHrLvName><distinfo><resdesc Sync="TRUE">Downloadable Data</resdesc></distinfo><spdoinfo><direct Sync="TRUE">Vector</direct><ptvctinf><esriterm Name="Hospitals"><efeatyp Sync="TRUE">Simple</efeatyp><efeageom code="1" Sync="TRUE"></efeageom><esritopo Sync="TRUE">FALSE</esritopo><efeacnt Sync="TRUE">0</efeacnt><spindex Sync="TRUE">FALSE</spindex><linrefer Sync="TRUE">FALSE</linrefer></esriterm></ptvctinf></spdoinfo><spref><horizsys><cordsysn><geogcsn Sync="TRUE">GCS_North_American_1983</geogcsn><projcsn Sync="TRUE">NAD_1983_StatePlane_Pennsylvania_South_FIPS_3702_Feet</projcsn></cordsysn><planar><planci><plance Sync="TRUE">coordinate pair</plance><plandu Sync="TRUE">survey feet</plandu><coordrep><absres Sync="TRUE">0.000016</absres><ordres Sync="TRUE">0.000016</ordres></coordrep></planci></planar><geodetic><horizdn Sync="TRUE">North American Datum of 1983</horizdn><ellips Sync="TRUE">Geodetic Reference System 80</ellips><semiaxis Sync="TRUE">6378137.000000</semiaxis><denflat Sync="TRUE">298.257222</denflat></geodetic></horizsys><vertdef><altsys><altenc Sync="TRUE">Explicit elevation coordinate included with horizontal coordinates</altenc><altres Sync="TRUE">1.000000</altres></altsys></vertdef></spref><refSysInfo><RefSystem><refSysID><identCode Sync="TRUE" value="2272">NAD_1983_StatePlane_Pennsylvania_South_FIPS_3702_Feet</identCode><idCodeSpace Sync="TRUE">EPSG</idCodeSpace><idVersion Sync="TRUE">7.9.4</idVersion></refSysID></RefSystem></refSysInfo><spatRepInfo><VectSpatRep><geometObjs Name="Hospitals"><geoObjTyp><GeoObjTypCd value="004" Sync="TRUE"></GeoObjTypCd></geoObjTyp><geoObjCnt Sync="TRUE">0</geoObjCnt></geometObjs><topLvl><TopoLevCd value="001" Sync="TRUE"></TopoLevCd></topLvl></VectSpatRep></spatRepInfo><eainfo><detailed Name="Hospitals"><enttyp><enttypl Sync="TRUE">Hospitals</enttypl><enttypt Sync="TRUE">Feature Class</enttypt><enttypc Sync="TRUE">0</enttypc></enttyp><attr><attrlabl Sync="TRUE">FID</attrlabl><attalias Sync="TRUE">FID</attalias><attrtype Sync="TRUE">OID</attrtype><attwidth Sync="TRUE">4</attwidth><atprecis Sync="TRUE">0</atprecis><attscale Sync="TRUE">0</attscale><attrdef Sync="TRUE">Internal feature number.</attrdef><attrdefs Sync="TRUE">Esri</attrdefs><attrdomv><udom Sync="TRUE">Sequential unique whole numbers that are automatically generated.</udom></attrdomv></attr><attr><attrlabl Sync="TRUE">PERIMETER</attrlabl><attalias Sync="TRUE">PERIMETER</attalias><attrtype Sync="TRUE">Double</attrtype><attwidth Sync="TRUE">19</attwidth><atprecis Sync="TRUE">0</atprecis><attscale Sync="TRUE">0</attscale></attr><attr><attrlabl Sync="TRUE">GIS_PROD_H</attrlabl><attalias Sync="TRUE">GIS_PROD_H</attalias><attrtype Sync="TRUE">Double</attrtype><attwidth Sync="TRUE">19</attwidth><atprecis Sync="TRUE">0</atprecis><attscale Sync="TRUE">0</attscale></attr><attr><attrlabl Sync="TRUE">HOSPITALS_</attrlabl><attalias Sync="TRUE">HOSPITALS_</attalias><attrtype Sync="TRUE">Integer</attrtype><attwidth Sync="TRUE">9</attwidth><atprecis Sync="TRUE">9</atprecis><attscale Sync="TRUE">0</attscale></attr><attr><attrlabl Sync="TRUE">CATEGORY</attrlabl><attalias Sync="TRUE">CATEGORY</attalias><attrtype Sync="TRUE">SmallInteger</attrtype><attwidth Sync="TRUE">4</attwidth><atprecis Sync="TRUE">4</atprecis><attscale Sync="TRUE">0</attscale></attr><attr><attrlabl Sync="TRUE">HOSPITALS1</attrlabl><attalias Sync="TRUE">HOSPITALS1</attalias><attrtype Sync="TRUE">Integer</attrtype><attwidth Sync="TRUE">9</attwidth><atprecis Sync="TRUE">9</atprecis><attscale Sync="TRUE">0</attscale></attr><attr><attrlabl Sync="TRUE">NAME</attrlabl><attalias Sync="TRUE">NAME</attalias><attrtype Sync="TRUE">String</attrtype><attwidth Sync="TRUE">75</attwidth><atprecis Sync="TRUE">0</atprecis><attscale Sync="TRUE">0</attscale></attr><attr><attrlabl Sync="TRUE">MAPSYM</attrlabl><attalias Sync="TRUE">MAPSYM</attalias><attrtype Sync="TRUE">SmallInteger</attrtype><attwidth Sync="TRUE">4</attwidth><atprecis Sync="TRUE">4</atprecis><attscale Sync="TRUE">0</attscale></attr><attr><attrlabl Sync="TRUE">NHOOD</attrlabl><attalias Sync="TRUE">NHOOD</attalias><attrtype Sync="TRUE">String</attrtype><attwidth Sync="TRUE">30</attwidth><atprecis Sync="TRUE">0</atprecis><attscale Sync="TRUE">0</attscale></attr><attr><attrlabl Sync="TRUE">ADDRESS</attrlabl><attalias Sync="TRUE">ADDRESS</attalias><attrtype Sync="TRUE">String</attrtype><attwidth Sync="TRUE">30</attwidth><atprecis Sync="TRUE">0</atprecis><attscale Sync="TRUE">0</attscale></attr><attr><attrlabl Sync="TRUE">ZIPCODE</attrlabl><attalias Sync="TRUE">ZIPCODE</attalias><attrtype Sync="TRUE">Integer</attrtype><attwidth Sync="TRUE">9</attwidth><atprecis Sync="TRUE">9</atprecis><attscale Sync="TRUE">0</attscale></attr><attr><attrlabl Sync="TRUE">PHONE</attrlabl><attalias Sync="TRUE">PHONE</attalias><attrtype Sync="TRUE">String</attrtype><attwidth Sync="TRUE">10</attwidth><atprecis Sync="TRUE">0</atprecis><attscale Sync="TRUE">0</attscale></attr><attr><attrlabl Sync="TRUE">EMPLOY</attrlabl><attalias Sync="TRUE">EMPLOY</attalias><attrtype Sync="TRUE">Integer</attrtype><attwidth Sync="TRUE">9</attwidth><atprecis Sync="TRUE">9</atprecis><attscale Sync="TRUE">0</attscale></attr><attr><attrlabl Sync="TRUE">BEDS</attrlabl><attalias Sync="TRUE">BEDS</attalias><attrtype Sync="TRUE">Integer</attrtype><attwidth Sync="TRUE">9</attwidth><atprecis Sync="TRUE">9</atprecis><attscale Sync="TRUE">0</attscale></attr><attr><attrlabl Sync="TRUE">DRSTAFF</attrlabl><attalias Sync="TRUE">DRSTAFF</attalias><attrtype Sync="TRUE">Integer</attrtype><attwidth Sync="TRUE">9</attwidth><atprecis Sync="TRUE">9</atprecis><attscale Sync="TRUE">0</attscale></attr><attr><attrlabl Sync="TRUE">ER</attrlabl><attalias Sync="TRUE">ER</attalias><attrtype Sync="TRUE">String</attrtype><attwidth Sync="TRUE">1</attwidth><atprecis Sync="TRUE">0</atprecis><attscale Sync="TRUE">0</attscale></attr><attr><attrlabl Sync="TRUE">OWNER</attrlabl><attalias Sync="TRUE">OWNER</attalias><attrtype Sync="TRUE">String</attrtype><attwidth Sync="TRUE">30</attwidth><atprecis Sync="TRUE">0</atprecis><attscale Sync="TRUE">0</attscale></attr><attr><attrlabl Sync="TRUE">EST</attrlabl><attalias Sync="TRUE">EST</attalias><attrtype Sync="TRUE">SmallInteger</attrtype><attwidth Sync="TRUE">4</attwidth><atprecis Sync="TRUE">4</atprecis><attscale Sync="TRUE">0</attscale></attr><attr><attrlabl Sync="TRUE">POLYGONID</attrlabl><attalias Sync="TRUE">POLYGONID</attalias><attrtype Sync="TRUE">Integer</attrtype><attwidth Sync="TRUE">9</attwidth><atprecis Sync="TRUE">9</atprecis><attscale Sync="TRUE">0</attscale></attr><attr><attrlabl Sync="TRUE">SCALE</attrlabl><attalias Sync="TRUE">SCALE</attalias><attrtype Sync="TRUE">Double</attrtype><attwidth Sync="TRUE">19</attwidth><atprecis Sync="TRUE">0</atprecis><attscale Sync="TRUE">0</attscale></attr><attr><attrlabl Sync="TRUE">ANGLE</attrlabl><attalias Sync="TRUE">ANGLE</attalias><attrtype Sync="TRUE">Double</attrtype><attwidth Sync="TRUE">19</attwidth><atprecis Sync="TRUE">0</atprecis><attscale Sync="TRUE">0</attscale></attr><attr><attrlabl Sync="TRUE">SHAPE</attrlabl><attalias Sync="TRUE">Shape</attalias><attrtype Sync="TRUE">Geometry</attrtype><attwidth Sync="TRUE">0</attwidth><atprecis Sync="TRUE">0</atprecis><attscale Sync="TRUE">0</attscale><attrdef Sync="TRUE">Feature geometry.</attrdef><attrdefs Sync="TRUE">ESRI</attrdefs><attrdomv><udom Sync="TRUE">Coordinates defining the features.</udom></attrdomv></attr></detailed></eainfo><mdDateSt Sync="TRUE">20121024</mdDateSt></metadata>
