<?xml version="1.0"?>
<!--<!DOCTYPE metadata SYSTEM "http://www.esri.com/metadata/esriprof80.dtd">-->
<metadata xml:lang="en"><Esri><MetaID>{AA2BF17C-B0A0-4D10-8CC4-CD490A9DFDC5}</MetaID><CreaDate>20090520</CreaDate><CreaTime>16335400</CreaTime><SyncOnce>FALSE</SyncOnce><SyncDate>20121024</SyncDate><SyncTime>13114500</SyncTime><ModDate>20121024</ModDate><ModTime>13114500</ModTime><DataProperties><lineage><Process ToolSource="C:\Program Files\ArcGIS\ArcToolbox\Toolboxes\Conversion Tools.tbx\FeatureClassToFeatureClass" Date="20091009" Time="155328">FeatureClassToFeatureClass V:\Citywide\Data\Shapefiles\parks.shp "V:\GIS-ADMIN\Current Data\Current_Data.gdb" Park # "AREA 'AREA' true true false 13 Float 0 0 ,First,#,V:\Citywide\Data\Shapefiles\parks.shp,AREA,-1,-1;PERIMETER 'PERIMETER' true true false 13 Float 0 0 ,First,#,V:\Citywide\Data\Shapefiles\parks.shp,PERIMETER,-1,-1;PARKS_ 'PARKS_' true true false 11 Double 0 11 ,First,#,V:\Citywide\Data\Shapefiles\parks.shp,PARKS_,-1,-1;PARKS_ID 'PARKS_ID' true true false 11 Double 0 11 ,First,#,V:\Citywide\Data\Shapefiles\parks.shp,PARKS_ID,-1,-1;NAME 'NAME' true true false 30 Text 0 0 ,First,#,V:\Citywide\Data\Shapefiles\parks.shp,NAME,-1,-1;TYPE 'TYPE' true true false 15 Text 0 0 ,First,#,V:\Citywide\Data\Shapefiles\parks.shp,TYPE,-1,-1;DPWDIV 'DPWDIV' true true false 2 Short 0 2 ,First,#,V:\Citywide\Data\Shapefiles\parks.shp,DPWDIV,-1,-1;ZONE 'ZONE' true true false 9 Text 0 0 ,First,#,V:\Citywide\Data\Shapefiles\parks.shp,ZONE,-1,-1;HOOD_NO 'HOOD_NO' true true false 8 Long 0 8 ,First,#,V:\Citywide\Data\Shapefiles\parks.shp,HOOD_NO,-1,-1;HOOD 'HOOD' true true false 30 Text 0 0 ,First,#,V:\Citywide\Data\Shapefiles\parks.shp,HOOD,-1,-1;ACRES 'ACRES' true true false 16 Double 2 15 ,First,#,V:\Citywide\Data\Shapefiles\parks.shp,ACRES,-1,-1;SQMILES 'SQMILES' true true false 10 Double 2 9 ,First,#,V:\Citywide\Data\Shapefiles\parks.shp,SQMILES,-1,-1;ADDRESS 'ADDRESS' true true false 30 Text 0 0 ,First,#,V:\Citywide\Data\Shapefiles\parks.shp,ADDRESS,-1,-1;CODE 'CODE' true true false 5 Text 0 0 ,First,#,V:\Citywide\Data\Shapefiles\parks.shp,CODE,-1,-1;ALT_NAME 'ALT_NAME' true true false 30 Text 0 0 ,First,#,V:\Citywide\Data\Shapefiles\parks.shp,ALT_NAME,-1,-1;PW 'PW' true true false 1 Text 0 0 ,First,#,V:\Citywide\Data\Shapefiles\parks.shp,PW,-1,-1;TITLE 'TITLE' true true false 30 Text 0 0 ,First,#,V:\Citywide\Data\Shapefiles\parks.shp,TITLE,-1,-1;ID 'ID' true true false 11 Double 0 11 ,First,#,V:\Citywide\Data\Shapefiles\parks.shp,ID,-1,-1" # "V:\GIS-ADMIN\Current Data\Current_Data.gdb\Park"</Process><Process ToolSource="C:\Program Files\ArcGIS\Desktop10.0\ArcToolbox\Toolboxes\Data Management Tools.tbx\CalculateField" Date="20101119" Time="152418">CalculateField Park ClassCode 1 VB #</Process><Process ToolSource="C:\Program Files\ArcGIS\Desktop10.0\ArcToolbox\Toolboxes\Conversion Tools.tbx\FeatureClassToFeatureClass" Date="20110504" Time="142557">FeatureClassToFeatureClass "V:\GIS-ADMIN\Current Data\Current_Data.gdb\Park" V:\Workspaces\Acheson ParksLayer.shp # "AREA "AREA" true true false 4 Float 0 0 ,First,#,V:\GIS-ADMIN\Current Data\Current_Data.gdb\Park,AREA,-1,-1;PERIMETER "PERIMETER" true true false 4 Float 0 0 ,First,#,V:\GIS-ADMIN\Current Data\Current_Data.gdb\Park,PERIMETER,-1,-1;PARKS_ "PARKS_" true true false 8 Double 0 0 ,First,#,V:\GIS-ADMIN\Current Data\Current_Data.gdb\Park,PARKS_,-1,-1;PARKS_ID "PARKS_ID" true true false 8 Double 0 0 ,First,#,V:\GIS-ADMIN\Current Data\Current_Data.gdb\Park,PARKS_ID,-1,-1;NAME "NAME" true true false 30 Text 0 0 ,First,#,V:\GIS-ADMIN\Current Data\Current_Data.gdb\Park,NAME,-1,-1;TYPE "TYPE" true true false 15 Text 0 0 ,First,#,V:\GIS-ADMIN\Current Data\Current_Data.gdb\Park,TYPE,-1,-1;DPWDIV "DPWDIV" true true false 2 Short 0 0 ,First,#,V:\GIS-ADMIN\Current Data\Current_Data.gdb\Park,DPWDIV,-1,-1;ZONE "ZONE" true true false 9 Text 0 0 ,First,#,V:\GIS-ADMIN\Current Data\Current_Data.gdb\Park,ZONE,-1,-1;HOOD_NO "HOOD_NO" true true false 4 Long 0 0 ,First,#,V:\GIS-ADMIN\Current Data\Current_Data.gdb\Park,HOOD_NO,-1,-1;HOOD "HOOD" true true false 30 Text 0 0 ,First,#,V:\GIS-ADMIN\Current Data\Current_Data.gdb\Park,HOOD,-1,-1;ACRES "ACRES" true true false 8 Double 0 0 ,First,#,V:\GIS-ADMIN\Current Data\Current_Data.gdb\Park,ACRES,-1,-1;SQMILES "SQMILES" true true false 8 Double 0 0 ,First,#,V:\GIS-ADMIN\Current Data\Current_Data.gdb\Park,SQMILES,-1,-1;ADDRESS "ADDRESS" true true false 30 Text 0 0 ,First,#,V:\GIS-ADMIN\Current Data\Current_Data.gdb\Park,ADDRESS,-1,-1;CODE "CODE" true true false 5 Text 0 0 ,First,#,V:\GIS-ADMIN\Current Data\Current_Data.gdb\Park,CODE,-1,-1;ALT_NAME "ALT_NAME" true true false 30 Text 0 0 ,First,#,V:\GIS-ADMIN\Current Data\Current_Data.gdb\Park,ALT_NAME,-1,-1;PW "PW" true true false 1 Text 0 0 ,First,#,V:\GIS-ADMIN\Current Data\Current_Data.gdb\Park,PW,-1,-1;TITLE "TITLE" true true false 30 Text 0 0 ,First,#,V:\GIS-ADMIN\Current Data\Current_Data.gdb\Park,TITLE,-1,-1;ID "ID" true true false 8 Double 0 0 ,First,#,V:\GIS-ADMIN\Current Data\Current_Data.gdb\Park,ID,-1,-1;Shape_Leng "Shape_Length" false true true 8 Double 0 0 ,First,#,V:\GIS-ADMIN\Current Data\Current_Data.gdb\Park,Shape_Length,-1,-1;Shape_Area "Shape_Area" false true true 8 Double 0 0 ,First,#,V:\GIS-ADMIN\Current Data\Current_Data.gdb\Park,Shape_Area,-1,-1;ClassCode "ClassCode" true true false 2 Short 0 0 ,First,#,V:\GIS-ADMIN\Current Data\Current_Data.gdb\Park,ClassCode,-1,-1" #</Process><Process ToolSource="C:\Program Files\ArcGIS\Desktop10.0\ArcToolbox\Toolboxes\Conversion Tools.tbx\FeatureClassToFeatureClass" Date="20110504" Time="143607">FeatureClassToFeatureClass ParksLayer "V:\GIS-ADMIN\Current Data\Current_Data.gdb" Parks # "AREA "AREA" true true false 13 Float 0 0 ,First,#,V:\Workspaces\Acheson\ParksLayer.shp,AREA,-1,-1;PERIMETER "PERIMETER" true true false 13 Float 0 0 ,First,#,V:\Workspaces\Acheson\ParksLayer.shp,PERIMETER,-1,-1;PARKS_ "PARKS_" true true false 19 Double 0 0 ,First,#,V:\Workspaces\Acheson\ParksLayer.shp,PARKS_,-1,-1;PARKS_ID "PARKS_ID" true true false 19 Double 0 0 ,First,#,V:\Workspaces\Acheson\ParksLayer.shp,PARKS_ID,-1,-1;NAME "NAME" true true false 30 Text 0 0 ,First,#,V:\Workspaces\Acheson\ParksLayer.shp,NAME,-1,-1;TYPE "TYPE" true true false 15 Text 0 0 ,First,#,V:\Workspaces\Acheson\ParksLayer.shp,TYPE,-1,-1;DPWDIV "DPWDIV" true true false 4 Short 0 4 ,First,#,V:\Workspaces\Acheson\ParksLayer.shp,DPWDIV,-1,-1;ZONE "ZONE" true true false 9 Text 0 0 ,First,#,V:\Workspaces\Acheson\ParksLayer.shp,ZONE,-1,-1;HOOD_NO "HOOD_NO" true true false 9 Long 0 9 ,First,#,V:\Workspaces\Acheson\ParksLayer.shp,HOOD_NO,-1,-1;HOOD "HOOD" true true false 30 Text 0 0 ,First,#,V:\Workspaces\Acheson\ParksLayer.shp,HOOD,-1,-1;ACRES "ACRES" true true false 19 Double 0 0 ,First,#,V:\Workspaces\Acheson\ParksLayer.shp,ACRES,-1,-1;SQMILES "SQMILES" true true false 19 Double 0 0 ,First,#,V:\Workspaces\Acheson\ParksLayer.shp,SQMILES,-1,-1;ADDRESS "ADDRESS" true true false 30 Text 0 0 ,First,#,V:\Workspaces\Acheson\ParksLayer.shp,ADDRESS,-1,-1;CODE "CODE" true true false 5 Text 0 0 ,First,#,V:\Workspaces\Acheson\ParksLayer.shp,CODE,-1,-1;ALT_NAME "ALT_NAME" true true false 30 Text 0 0 ,First,#,V:\Workspaces\Acheson\ParksLayer.shp,ALT_NAME,-1,-1;PW "PW" true true false 1 Text 0 0 ,First,#,V:\Workspaces\Acheson\ParksLayer.shp,PW,-1,-1;TITLE "TITLE" true true false 30 Text 0 0 ,First,#,V:\Workspaces\Acheson\ParksLayer.shp,TITLE,-1,-1;ID "ID" true true false 19 Double 0 0 ,First,#,V:\Workspaces\Acheson\ParksLayer.shp,ID,-1,-1;Shape_Leng "Shape_Leng" true true false 19 Double 0 0 ,First,#,V:\Workspaces\Acheson\ParksLayer.shp,Shape_Leng,-1,-1;Shape_Area "Shape_Area" true true false 19 Double 0 0 ,First,#,V:\Workspaces\Acheson\ParksLayer.shp,Shape_Area,-1,-1;ClassCode "ClassCode" true true false 4 Short 0 4 ,First,#,V:\Workspaces\Acheson\ParksLayer.shp,ClassCode,-1,-1" #</Process><Process ToolSource="c:\program files\arcgis\desktop10.1\ArcToolbox\Toolboxes\Data Management Tools.tbx\CopyFeatures" Date="20121024" Time="131147">CopyFeatures Parks V:\GIS-ADMIN\google_shapefiles\Parks.shp # 0 0 0</Process></lineage><itemProps><itemName Sync="TRUE">Parks</itemName><imsContentType Sync="TRUE">002</imsContentType><itemSize Sync="TRUE">0.000</itemSize><itemLocation><linkage Sync="TRUE">file://\\gis0011\pgh-gis\GIS-ADMIN\google_shapefiles\Parks.shp</linkage><protocol Sync="TRUE">Local Area Network</protocol></itemLocation></itemProps><coordRef><type Sync="TRUE">Projected</type><geogcsn Sync="TRUE">GCS_North_American_1983</geogcsn><projcsn Sync="TRUE">NAD_1983_StatePlane_Pennsylvania_South_FIPS_3702_Feet</projcsn><peXml Sync="TRUE">&lt;ProjectedCoordinateSystem xsi:type='typens:ProjectedCoordinateSystem' xmlns:xsi='http://www.w3.org/2001/XMLSchema-instance' xmlns:xs='http://www.w3.org/2001/XMLSchema' xmlns:typens='http://www.esri.com/schemas/ArcGIS/10.1'&gt;&lt;WKT&gt;PROJCS[&amp;quot;NAD_1983_StatePlane_Pennsylvania_South_FIPS_3702_Feet&amp;quot;,GEOGCS[&amp;quot;GCS_North_American_1983&amp;quot;,DATUM[&amp;quot;D_North_American_1983&amp;quot;,SPHEROID[&amp;quot;GRS_1980&amp;quot;,6378137.0,298.257222101]],PRIMEM[&amp;quot;Greenwich&amp;quot;,0.0],UNIT[&amp;quot;Degree&amp;quot;,0.0174532925199433]],PROJECTION[&amp;quot;Lambert_Conformal_Conic&amp;quot;],PARAMETER[&amp;quot;False_Easting&amp;quot;,1968500.0],PARAMETER[&amp;quot;False_Northing&amp;quot;,0.0],PARAMETER[&amp;quot;Central_Meridian&amp;quot;,-77.75],PARAMETER[&amp;quot;Standard_Parallel_1&amp;quot;,39.93333333333333],PARAMETER[&amp;quot;Standard_Parallel_2&amp;quot;,40.96666666666667],PARAMETER[&amp;quot;Latitude_Of_Origin&amp;quot;,39.33333333333334],UNIT[&amp;quot;Foot_US&amp;quot;,0.3048006096012192],AUTHORITY[&amp;quot;EPSG&amp;quot;,2272]]&lt;/WKT&gt;&lt;XOrigin&gt;-119214200&lt;/XOrigin&gt;&lt;YOrigin&gt;-96198500&lt;/YOrigin&gt;&lt;XYScale&gt;37163717.489134133&lt;/XYScale&gt;&lt;ZOrigin&gt;-100000&lt;/ZOrigin&gt;&lt;ZScale&gt;10000&lt;/ZScale&gt;&lt;MOrigin&gt;-100000&lt;/MOrigin&gt;&lt;MScale&gt;10000&lt;/MScale&gt;&lt;XYTolerance&gt;0.0032808333333333331&lt;/XYTolerance&gt;&lt;ZTolerance&gt;0.001&lt;/ZTolerance&gt;&lt;MTolerance&gt;0.001&lt;/MTolerance&gt;&lt;HighPrecision&gt;true&lt;/HighPrecision&gt;&lt;WKID&gt;102729&lt;/WKID&gt;&lt;LatestWKID&gt;2272&lt;/LatestWKID&gt;&lt;/ProjectedCoordinateSystem&gt;</peXml><csUnits Sync="TRUE">Linear Unit: Foot_US (0.304801)</csUnits></coordRef></DataProperties></Esri><idinfo><native Sync="TRUE">Microsoft Windows XP Version 5.1 (Build 2600) Service Pack 3; ESRI ArcCatalog 9.3.1.3500</native><descript><langdata Sync="TRUE">en</langdata><abstract>Public parks, playgrounds, greenspace</abstract><purpose>Visualization of public parks; contains the name, type, neighborhood, and division of the park</purpose></descript><citation><citeinfo><origin>City of Pittsburgh</origin><pubdate>Unknown</pubdate><title>Public Parks, Playgrounds, and Greenspace</title><ftname Sync="TRUE">Park</ftname><geoform Sync="TRUE">vector digital data</geoform><onlink Sync="TRUE">\\gis0011\pgh-gis\GIS-ADMIN\Current Data\Current_Data.gdb</onlink></citeinfo></citation><timeperd><current>publication date</current><timeinfo><sngdate><caldate>unknown</caldate></sngdate></timeinfo></timeperd><status><progress>Complete</progress><update>As needed</update></status><spdom><bounding><westbc Sync="TRUE">-80.088089</westbc><eastbc Sync="TRUE">-79.866095</eastbc><northbc Sync="TRUE">40.494225</northbc><southbc Sync="TRUE">40.365282</southbc></bounding><lboundng><leftbc Sync="TRUE">1318262.374882</leftbc><rightbc Sync="TRUE">1378935.749926</rightbc><bottombc Sync="TRUE">384517.531413</bottombc><topbc Sync="TRUE">429975.812544</topbc></lboundng></spdom><keywords><theme><themekey>parks</themekey><themekey>greenspace</themekey><themekey>playground</themekey></theme><place><placekey>Pittsburgh</placekey><placekey>Pennsylvania</placekey><placekey>Allegheny County</placekey></place><theme><themekey>society</themekey><themekt>ISO 19115 Topic Category </themekt><themekey>environment</themekey></theme></keywords><accconst>None</accconst><useconst>None</useconst><natvform Sync="TRUE">File Geodatabase Feature Class</natvform><ptcontac><cntinfo><cntorgp><cntorg>City of Pittsburgh, Department of City Planning</cntorg><cntper>GIS Manager</cntper></cntorgp><cntaddr><addrtype>mailing and physical address</addrtype><address>200 Ross Street, 4th Floor</address><city>Pittsburgh</city><state>PA</state><postal>15219</postal><country>USA</country></cntaddr><cntvoice>412-255-2200</cntvoice><cntfax>412-255-2838</cntfax><cntemail>Email not applicable</cntemail></cntinfo></ptcontac><browse/></idinfo><dataIdInfo><envirDesc Sync="TRUE">Microsoft Windows XP Version 5.1 (Build 2600) Service Pack 3; Esri ArcGIS 10.1.0.3035</envirDesc><dataLang><languageCode Sync="TRUE" value="en" country="US"></languageCode><countryCode value="US" Sync="TRUE"></countryCode></dataLang><idCitation><resTitle Sync="TRUE">Parks</resTitle><presForm><PresFormCd Sync="TRUE" value="005"></PresFormCd></presForm></idCitation><spatRpType><SpatRepTypCd Sync="TRUE" value="001"></SpatRepTypCd></spatRpType><dataExt><geoEle><GeoBndBox esriExtentType="native"><westBL Sync="TRUE">1318262.374882</westBL><eastBL Sync="TRUE">1378935.749926</eastBL><northBL Sync="TRUE">429975.812544</northBL><southBL Sync="TRUE">384517.531413</southBL><exTypeCode Sync="TRUE">1</exTypeCode></GeoBndBox></geoEle></dataExt><geoBox esriExtentType="decdegrees"><westBL Sync="TRUE">-80.088089</westBL><eastBL Sync="TRUE">-79.866095</eastBL><northBL Sync="TRUE">40.494225</northBL><southBL Sync="TRUE">40.365282</southBL><exTypeCode Sync="TRUE">1</exTypeCode></geoBox><descKeys><thesaName uuidref="723f6998-058e-11dc-8314-0800200c9a66"></thesaName><keyword Sync="TRUE">002</keyword></descKeys></dataIdInfo><metainfo><langmeta Sync="TRUE">en</langmeta><metstdn Sync="TRUE">FGDC Content Standards for Digital Geospatial Metadata</metstdn><metstdv Sync="TRUE">FGDC-STD-001-1998</metstdv><mettc Sync="TRUE">local time</mettc><metc><cntinfo><cntorgp><cntper>GIS Manager</cntper><cntorg>City of Pittsburgh, Department of City Planning</cntorg></cntorgp><cntaddr><addrtype>mailing and physical address</addrtype><city>Pittsburgh</city><state>PA</state><postal>15219</postal><address>200 Ross Street, 4th Floor</address><country>USA</country></cntaddr><cntvoice>412-255-2200</cntvoice><cntfax>412-255-2838</cntfax><cntemail>Email not applicable</cntemail></cntinfo></metc><metd Sync="TRUE">20100526</metd></metainfo><mdLang><languageCode Sync="TRUE" value="en"></languageCode><countryCode value="US" Sync="TRUE"></countryCode></mdLang><mdStanName Sync="TRUE">ISO 19115 Geographic Information - Metadata</mdStanName><mdStanVer Sync="TRUE">DIS_ESRI1.0</mdStanVer><mdChar><CharSetCd Sync="TRUE" value="004"></CharSetCd></mdChar><mdHrLv><ScopeCd Sync="TRUE" value="005"></ScopeCd></mdHrLv><mdHrLvName Sync="TRUE">dataset</mdHrLvName><distinfo><resdesc Sync="TRUE">Downloadable Data</resdesc><stdorder><digform><digtinfo><transize Sync="TRUE">0.701</transize><dssize Sync="TRUE">0.701</dssize></digtinfo></digform></stdorder><distrib><cntinfo><cntorgp><cntorg>City of Pittsburgh, Department of City Planning</cntorg><cntper>GIS Manager</cntper></cntorgp><cntaddr><addrtype>mailing and physical address</addrtype><address>200 Ross Street, 4th Floor</address><city>Pittsburgh</city><state>PA</state><postal>15219</postal><country>USA</country></cntaddr><cntvoice>412-255-2200</cntvoice><cntfax>412-255-2838</cntfax><cntemail>Email not applicable</cntemail></cntinfo></distrib><distliab>The City of Pittsburgh assumes no liability regarding the use of this data.</distliab></distinfo><distInfo><distributor><distorTran><onLineSrc><orDesc Sync="TRUE">002</orDesc><linkage Sync="TRUE">file://\\gis0011\pgh-gis\GIS-ADMIN\Current Data\Current_Data.gdb</linkage><protocol Sync="TRUE">Local Area Network</protocol></onLineSrc><transSize Sync="TRUE">0.701</transSize></distorTran><distorFormat><formatName Sync="TRUE">File Geodatabase Feature Class</formatName></distorFormat></distributor><distFormat><formatName Sync="TRUE">Shapefile</formatName></distFormat><distTranOps><transSize Sync="TRUE">0.000</transSize></distTranOps></distInfo><spdoinfo><direct Sync="TRUE">Vector</direct><ptvctinf><esriterm Name="Parks"><efeatyp Sync="TRUE">Simple</efeatyp><efeageom code="4" Sync="TRUE"></efeageom><esritopo Sync="TRUE">FALSE</esritopo><efeacnt Sync="TRUE">0</efeacnt><spindex Sync="TRUE">FALSE</spindex><linrefer Sync="TRUE">FALSE</linrefer></esriterm></ptvctinf></spdoinfo><spref><horizsys><cordsysn><geogcsn Sync="TRUE">GCS_North_American_1983</geogcsn><projcsn Sync="TRUE">NAD_1983_StatePlane_Pennsylvania_South_FIPS_3702_Feet</projcsn></cordsysn><planar><planci><plance Sync="TRUE">coordinate pair</plance><plandu Sync="TRUE">survey feet</plandu><coordrep><absres Sync="TRUE">0.000328</absres><ordres Sync="TRUE">0.000328</ordres></coordrep></planci></planar><geodetic><horizdn Sync="TRUE">North American Datum of 1983</horizdn><ellips Sync="TRUE">Geodetic Reference System 80</ellips><semiaxis Sync="TRUE">6378137.000000</semiaxis><denflat Sync="TRUE">298.257222</denflat></geodetic></horizsys></spref><refSysInfo><RefSystem><refSysID><identCode Sync="TRUE" code="2272" value="2272">NAD_1983_StatePlane_Pennsylvania_South_FIPS_3702_Feet</identCode><idCodeSpace Sync="TRUE">EPSG</idCodeSpace><idVersion Sync="TRUE">7.9.4</idVersion></refSysID></RefSystem></refSysInfo><spatRepInfo><VectSpatRep><geometObjs Name="Parks"><geoObjTyp><GeoObjTypCd value="002" Sync="TRUE"></GeoObjTypCd></geoObjTyp><geoObjCnt Sync="TRUE">0</geoObjCnt></geometObjs><topLvl><TopoLevCd value="001" Sync="TRUE"></TopoLevCd></topLvl></VectSpatRep></spatRepInfo><eainfo><detailed Name="Parks"><enttyp><enttypl Sync="TRUE">Parks</enttypl><enttypt Sync="TRUE">Feature Class</enttypt><enttypc Sync="TRUE">0</enttypc></enttyp><attr><attrlabl Sync="TRUE">FID</attrlabl><attalias Sync="TRUE">FID</attalias><attrtype Sync="TRUE">OID</attrtype><attwidth Sync="TRUE">4</attwidth><atprecis Sync="TRUE">0</atprecis><attscale Sync="TRUE">0</attscale><attrdef Sync="TRUE">Internal feature number.</attrdef><attrdefs Sync="TRUE">Esri</attrdefs><attrdomv><udom Sync="TRUE">Sequential unique whole numbers that are automatically generated.</udom></attrdomv></attr><attr><attrlabl Sync="TRUE">Shape</attrlabl><attalias Sync="TRUE">Shape</attalias><attrtype Sync="TRUE">Geometry</attrtype><attwidth Sync="TRUE">0</attwidth><atprecis Sync="TRUE">0</atprecis><attscale Sync="TRUE">0</attscale><attrdef Sync="TRUE">Feature geometry.</attrdef><attrdefs Sync="TRUE">ESRI</attrdefs><attrdomv><udom Sync="TRUE">Coordinates defining the features.</udom></attrdomv></attr><attr><attrlabl Sync="TRUE">AREA</attrlabl><attalias Sync="TRUE">AREA</attalias><attrtype Sync="TRUE">Single</attrtype><attwidth Sync="TRUE">13</attwidth><attrdef>Area of polygon in internal units squared</attrdef><atprecis Sync="TRUE">0</atprecis><attscale Sync="TRUE">0</attscale></attr><attr><attrlabl Sync="TRUE">PERIMETER</attrlabl><attalias Sync="TRUE">PERIMETER</attalias><attrtype Sync="TRUE">Single</attrtype><attwidth Sync="TRUE">13</attwidth><attrdef>Perimeter of polygon in internal units</attrdef><atprecis Sync="TRUE">0</atprecis><attscale Sync="TRUE">0</attscale></attr><attr><attrlabl Sync="TRUE">PARKS_</attrlabl><attalias Sync="TRUE">PARKS_</attalias><attrtype Sync="TRUE">Double</attrtype><attwidth Sync="TRUE">19</attwidth><attrdef>Internal feature number</attrdef><atprecis Sync="TRUE">0</atprecis><attscale Sync="TRUE">0</attscale></attr><attr><attrlabl Sync="TRUE">PARKS_ID</attrlabl><attalias Sync="TRUE">PARKS_ID</attalias><attrtype Sync="TRUE">Double</attrtype><attwidth Sync="TRUE">19</attwidth><attrdef>User-defined feature number</attrdef><atprecis Sync="TRUE">0</atprecis><attscale Sync="TRUE">0</attscale></attr><attr><attrlabl Sync="TRUE">NAME</attrlabl><attalias Sync="TRUE">NAME</attalias><attrtype Sync="TRUE">String</attrtype><attwidth Sync="TRUE">30</attwidth><attrdef>Park name</attrdef><atprecis Sync="TRUE">0</atprecis><attscale Sync="TRUE">0</attscale></attr><attr><attrlabl Sync="TRUE">TYPE</attrlabl><attalias Sync="TRUE">TYPE</attalias><attrtype Sync="TRUE">String</attrtype><attwidth Sync="TRUE">15</attwidth><attrdef>Park type</attrdef><attrdomv><edom><edomv>Bsktbl Ct</edomv><edomvd>Basketball Court</edomvd></edom><edom><edomv>Circle</edomv></edom><edom><edomv>Circle 1 _2</edomv></edom><edom><edomv>Farmers Market</edomv></edom><edom><edomv>Field</edomv></edom><edom><edomv>Firehouse</edomv></edom><edom><edomv>Gym</edomv></edom><edom><edomv>High School</edomv></edom><edom><edomv>House</edomv></edom><edom><edomv>Island</edomv></edom><edom><edomv>Islands</edomv></edom><edom><edomv>Lot</edomv></edom><edom><edomv>Lot 1 _2</edomv></edom><edom><edomv>Mall</edomv></edom><edom><edomv>Monument</edomv></edom><edom><edomv>Overlook</edomv></edom><edom><edomv>Park</edomv></edom><edom><edomv>Park and School</edomv></edom><edom><edomv>Parklet</edomv></edom><edom><edomv>Passive Area</edomv></edom><edom><edomv>Plant Strip</edomv></edom><edom><edomv>Planting Circle</edomv></edom><edom><edomv>Planting Strip</edomv></edom><edom><edomv>Playground</edomv></edom><edom><edomv>Plaza</edomv></edom><edom><edomv>Rec Center</edomv><edomvd>Recreation Center</edomvd></edom><edom><edomv>School</edomv></edom><edom><edomv>Senior Center</edomv></edom><edom><edomv>Square</edomv></edom><edom><edomv>Strip</edomv></edom><edom><edomv>Tennis Courts</edomv></edom><edom><edomv>Tot Lot</edomv></edom><edom><edomv>Triangle</edomv></edom><edom><edomv>Triangle 1 _2</edomv></edom><edom><edomv>War Memorial</edomv></edom></attrdomv><atprecis Sync="TRUE">0</atprecis><attscale Sync="TRUE">0</attscale></attr><attr><attrlabl Sync="TRUE">DPWDIV</attrlabl><attalias Sync="TRUE">DPWDIV</attalias><attrtype Sync="TRUE">SmallInteger</attrtype><attwidth Sync="TRUE">4</attwidth><attrdef>DPW Division number</attrdef><atprecis Sync="TRUE">4</atprecis><attscale Sync="TRUE">0</attscale></attr><attr><attrlabl Sync="TRUE">ZONE</attrlabl><attalias Sync="TRUE">ZONE</attalias><attrtype Sync="TRUE">String</attrtype><attwidth Sync="TRUE">9</attwidth><attrdef>Parks Division</attrdef><attrdomv><edom><edomv>Central</edomv></edom><edom><edomv>Eastern</edomv></edom><edom><edomv>Northeast</edomv></edom><edom><edomv>Northern</edomv></edom><edom><edomv>Schenley</edomv></edom><edom><edomv>Southern</edomv></edom><edom><edomv>State</edomv></edom><edom><edomv>Western</edomv></edom></attrdomv><atprecis Sync="TRUE">0</atprecis><attscale Sync="TRUE">0</attscale></attr><attr><attrlabl Sync="TRUE">HOOD_NO</attrlabl><attalias Sync="TRUE">HOOD_NO</attalias><attrtype Sync="TRUE">Integer</attrtype><attwidth Sync="TRUE">9</attwidth><attrdef>Neighborhood number</attrdef><atprecis Sync="TRUE">9</atprecis><attscale Sync="TRUE">0</attscale></attr><attr><attrlabl Sync="TRUE">HOOD</attrlabl><attalias Sync="TRUE">HOOD</attalias><attrtype Sync="TRUE">String</attrtype><attwidth Sync="TRUE">30</attwidth><attrdef>Neighborhood name</attrdef><atprecis Sync="TRUE">0</atprecis><attscale Sync="TRUE">0</attscale></attr><attr><attrlabl Sync="TRUE">ACRES</attrlabl><attalias Sync="TRUE">ACRES</attalias><attrtype Sync="TRUE">Double</attrtype><attwidth Sync="TRUE">19</attwidth><attrdef>Calculated acres</attrdef><atprecis Sync="TRUE">0</atprecis><attscale Sync="TRUE">0</attscale></attr><attr><attrlabl Sync="TRUE">SQMILES</attrlabl><attalias Sync="TRUE">SQMILES</attalias><attrtype Sync="TRUE">Double</attrtype><attwidth Sync="TRUE">19</attwidth><attrdef>Calculated square miles</attrdef><atprecis Sync="TRUE">0</atprecis><attscale Sync="TRUE">0</attscale></attr><attr><attrlabl Sync="TRUE">ADDRESS</attrlabl><attalias Sync="TRUE">ADDRESS</attalias><attrtype Sync="TRUE">String</attrtype><attwidth Sync="TRUE">30</attwidth><attrdef>Park address</attrdef><atprecis Sync="TRUE">0</atprecis><attscale Sync="TRUE">0</attscale></attr><attr><attrlabl Sync="TRUE">CODE</attrlabl><attalias Sync="TRUE">CODE</attalias><attrtype Sync="TRUE">String</attrtype><attwidth Sync="TRUE">5</attwidth><attrdef>Code</attrdef><attrdomv><edom><edomv>gcpc</edomv><edomvd>Greenspaces: planting circle</edomvd></edom><edom><edomv>gspc</edomv><edomvd>Greenspaces: circles, fields, islands, lots, malls, monument, overlook, squares, strips, triangles </edomvd></edom><edom><edomv>misc</edomv><edomvd>Miscellaneous: anything not a "grassy" area</edomvd></edom><edom><edomv>park</edomv><edomvd>Parks, parklets</edomvd></edom><edom><edomv>play</edomv><edomvd>Playgrounds, play areas, play lots, tot lots</edomvd></edom></attrdomv><atprecis Sync="TRUE">0</atprecis><attscale Sync="TRUE">0</attscale></attr><attr><attrlabl Sync="TRUE">ALT_NAME</attrlabl><attalias Sync="TRUE">ALT_NAME</attalias><attrtype Sync="TRUE">String</attrtype><attwidth Sync="TRUE">30</attwidth><attrdef>Alternate name</attrdef><atprecis Sync="TRUE">0</atprecis><attscale Sync="TRUE">0</attscale></attr><attr><attrlabl Sync="TRUE">PW</attrlabl><attalias Sync="TRUE">PW</attalias><attrtype Sync="TRUE">String</attrtype><attwidth Sync="TRUE">1</attwidth><attrdef>(n or y)</attrdef><atprecis Sync="TRUE">0</atprecis><attscale Sync="TRUE">0</attscale></attr><attr><attrlabl Sync="TRUE">TITLE</attrlabl><attalias Sync="TRUE">TITLE</attalias><attrtype Sync="TRUE">String</attrtype><attwidth Sync="TRUE">30</attwidth><attrdef>Park title</attrdef><atprecis Sync="TRUE">0</atprecis><attscale Sync="TRUE">0</attscale></attr><attr><attrlabl Sync="TRUE">ID</attrlabl><attalias Sync="TRUE">ID</attalias><attrtype Sync="TRUE">Double</attrtype><attwidth Sync="TRUE">19</attwidth><attrdef>Unique Id</attrdef><atprecis Sync="TRUE">0</atprecis><attscale Sync="TRUE">0</attscale></attr><attr><attrlabl Sync="TRUE">Shape_Leng</attrlabl><attalias Sync="TRUE">Shape_Leng</attalias><attrtype Sync="TRUE">Double</attrtype><attwidth Sync="TRUE">19</attwidth><atprecis Sync="TRUE">0</atprecis><attscale Sync="TRUE">0</attscale></attr><attr><attrlabl Sync="TRUE">Shape_Area</attrlabl><attalias Sync="TRUE">Shape_Area</attalias><attrtype Sync="TRUE">Double</attrtype><attwidth Sync="TRUE">19</attwidth><atprecis Sync="TRUE">0</atprecis><attscale Sync="TRUE">0</attscale><attrdef Sync="TRUE">Area of feature in internal units squared.</attrdef><attrdefs Sync="TRUE">ESRI</attrdefs><attrdomv><udom Sync="TRUE">Positive real numbers that are automatically generated.</udom></attrdomv></attr><attr><attrlabl Sync="TRUE">Shape_Le_1</attrlabl><attalias Sync="TRUE">Shape_Le_1</attalias><attrtype Sync="TRUE">Double</attrtype><attwidth Sync="TRUE">19</attwidth><atprecis Sync="TRUE">0</atprecis><attscale Sync="TRUE">0</attscale></attr><attr><attrlabl Sync="TRUE">ClassCode</attrlabl><attalias Sync="TRUE">ClassCode</attalias><attrtype Sync="TRUE">SmallInteger</attrtype><attwidth Sync="TRUE">4</attwidth><atprecis Sync="TRUE">4</atprecis><attscale Sync="TRUE">0</attscale></attr></detailed></eainfo><mdDateSt Sync="TRUE">20121024</mdDateSt></metadata>
