<metadata><idinfo><citation><citeinfo><origin>Allegheny County Division of Computer Services Geographic Information Systems Group; Modified by GDR for the Allegheny County CAD project, October 2008.</origin><pubdate>first published in February 2009</pubdate><title>addresspoints</title><geoform>vector digital data</geoform><serinfo><sername>911 Address Verification Project</sername></serinfo><onlink>\\DCSCOB0315AD004\C$\Temp\addresspoints.shp</onlink><ftname Sync="TRUE">ALCO_PUB.DBO.COUNTY_CO_ADDRESS_POINTS_Display</ftname></citeinfo></citation><descript><abstract>This dataset contains Address Points in Allegheny County.  The Address Points were created by GDR for the Allegheny County CAD project, October 2008. Data is updated by County staff as changes and corrections are found, on a continuous basis. Updates are sent to PASDA monthly.</abstract><purpose>Data was developed as part of the effort to establish large scale base data to support a Geographic Information System in Allegheny County</purpose><supplinf>Data users are welcome to e-mail corrections to this dataset.</supplinf><langdata Sync="TRUE">en</langdata></descript><timeperd><timeinfo><sngdate><caldate>first published in February 2009</caldate></sngdate></timeinfo><current>publication date</current></timeperd><status><progress>In work</progress><update>Continually</update></status><spdom><bounding><westbc>
-80.359053</westbc><eastbc>
-79.683539</eastbc><northbc>
40.684323</northbc><southbc>
40.186501</southbc></bounding><lboundng><leftbc Sync="TRUE">1244877.600080</leftbc><rightbc Sync="TRUE">1428727.300017</rightbc><bottombc Sync="TRUE">321410.400251</bottombc><topbc Sync="TRUE">498108.800107</topbc></lboundng></spdom><keywords><theme><themekt>ADDRESSPOINTS</themekt><themekey>ADDRESSPOINTS</themekey></theme></keywords><useconst>All parties acknowledge that the data is for informational purposes only. The existing digital data is shipped as is and there is no guarantee as to its completeness or accuracy. Allegheny County Division of Computer Services Geographic Information Systems Group is not responsible for any reliance upon said data.</useconst><ptcontac><cntinfo><cntorgp><cntorg>Allegheny County Division of Computer Services Geographic Information Systems</cntorg></cntorgp><cntpos>GIS Manager</cntpos><cntaddr><addrtype>mailing and physical address</addrtype><address>621 County Office Building</address><address>542 Forbes Ave.</address><city>Pittsburgh</city><state>PA</state><postal>15219</postal><country>United States</country></cntaddr><cntvoice>(412) 350-4774</cntvoice><cntfax>(412) 350-4754</cntfax><cntemail>GIShelp@alleghenycounty.us</cntemail></cntinfo></ptcontac><native>Microsoft Windows Vista Version 6.1 (Build 7601) Service Pack 1; ESRI ArcCatalog 9.3.1.4000</native><natvform Sync="TRUE">SDE Feature Class</natvform></idinfo><dataqual><attracc><attraccr>Modified by GDR for the Allegheny County CAD project, October 2008.
Data was subject to visual check by County GIS Staff for attribute accuracy.</attraccr></attracc><logic>Modified by GDR for the Allegheny County CAD project, October 2008.</logic><complete>Modified by GDR for the Allegheny County CAD project, October 2008.</complete><lineage><srcinfo><srccite><citeinfo><origin>Allegheny County Division of Computer Services Geographic Information Systems Group</origin></citeinfo></srccite></srcinfo><procstep><procdesc>Metadata imported.</procdesc><srcused>\\Entfsh02\fsh02_dcs_user$\t094246\My Documents\Metadata\BEST\addresspointsInternal.xml</srcused><procdate>20130228</procdate><proctime>12262400</proctime></procstep><procstep><procdesc Sync="TRUE">Dataset copied.</procdesc><srcused Sync="TRUE">Server=sqlinst1; Service=sde:sqlserver:sqlinst1\sqlinst1; Database=ALCO_PUB; User=PUB_VIEWER; Version=dbo.DEFAULT</srcused><procdate Sync="TRUE">20140110</procdate><proctime Sync="TRUE">11450100</proctime></procstep></lineage></dataqual><spdoinfo><direct>Vector</direct><ptvctinf><esriterm Name="City_Address_Points"><efeatyp Sync="TRUE">Simple</efeatyp><efeageom code="1" Sync="TRUE"></efeageom><esritopo Sync="TRUE">FALSE</esritopo><efeacnt Sync="TRUE">0</efeacnt><spindex Sync="TRUE">FALSE</spindex><linrefer Sync="TRUE">FALSE</linrefer></esriterm></ptvctinf></spdoinfo><spref><horizsys><planar><planci><plance>coordinate pair</plance><coordrep><absres>0.000000</absres><ordres>0.000000</ordres></coordrep><plandu>survey feet</plandu></planci></planar><geodetic><horizdn>North American Datum of 1983</horizdn><ellips>Geodetic Reference System 80</ellips><semiaxis>6378137.000000</semiaxis><denflat>298.257222</denflat></geodetic><cordsysn><geogcsn Sync="TRUE">GCS_North_American_1983</geogcsn><projcsn Sync="TRUE">NAD_1983_StatePlane_Pennsylvania_South_FIPS_3702_Feet</projcsn></cordsysn></horizsys><vertdef><altsys><altres>1.000000</altres><altenc>Explicit elevation coordinate included with horizontal coordinates</altenc></altsys></vertdef></spref><eainfo><detailed Name="City_Address_Points"><enttyp><enttypl>
addresspoints</enttypl><enttypt Sync="TRUE">Feature Class</enttypt><enttypc Sync="TRUE">0</enttypc></enttyp><attr><attrlabl>ST_PREFIX</attrlabl><attrdef>Street Prefix</attrdef><attalias Sync="TRUE">FID</attalias><attrtype Sync="TRUE">OID</attrtype><attwidth Sync="TRUE">4</attwidth><atprecis Sync="TRUE">0</atprecis><attscale Sync="TRUE">0</attscale><attrdefs Sync="TRUE">Esri</attrdefs><attrdomv><udom Sync="TRUE">Sequential unique whole numbers that are automatically generated.</udom></attrdomv></attr><attr><attrlabl>ST_NAME</attrlabl><attrdef>Street name</attrdef><attalias Sync="TRUE">ST_NAME</attalias><attrtype Sync="TRUE">String</attrtype><attwidth Sync="TRUE">50</attwidth><atprecis Sync="TRUE">0</atprecis><attscale Sync="TRUE">0</attscale><attrdefs Sync="TRUE">Esri</attrdefs><attrdomv><udom Sync="TRUE">Sequential unique whole numbers that are automatically generated.</udom></attrdomv></attr><attr><attrlabl>ST_TYPE</attrlabl><attrdef>Street Type</attrdef><attalias Sync="TRUE">ST_TYPE</attalias><attrtype Sync="TRUE">String</attrtype><attwidth Sync="TRUE">8</attwidth><atprecis Sync="TRUE">0</atprecis><attscale Sync="TRUE">0</attscale><attrdefs Sync="TRUE">Esri</attrdefs><attrdomv><udom Sync="TRUE">Sequential unique whole numbers that are automatically generated.</udom></attrdomv></attr><attr><attrlabl>ST_SUFFIX</attrlabl><attrdef>Street Suffix</attrdef><attrdefs>ESRI</attrdefs><attrdomv><udom>Coordinates defining the features.</udom></attrdomv><attalias Sync="TRUE">ST_SUFFIX</attalias><attrtype Sync="TRUE">String</attrtype><attwidth Sync="TRUE">2</attwidth><atprecis Sync="TRUE">0</atprecis><attscale Sync="TRUE">0</attscale></attr><attr><attrlabl>SHAPE</attrlabl><attrdef>Feature geometry.</attrdef><attrdefs>ESRI</attrdefs><attrdomv><udom>Coordinates defining the features.</udom></attrdomv><attalias Sync="TRUE">ADDR_NUM</attalias><attrtype Sync="TRUE">String</attrtype><attwidth Sync="TRUE">12</attwidth><atprecis Sync="TRUE">0</atprecis><attscale Sync="TRUE">0</attscale></attr><attr><attrlabl>ADDR_NUM</attrlabl><attrdef>Physical address of building</attrdef><attrdefs>ESRI</attrdefs><attrdomv><udom>Sequential unique whole numbers that are automatically generated.</udom></attrdomv><attalias Sync="TRUE">ZIP_CODE</attalias><attrtype Sync="TRUE">String</attrtype><attwidth Sync="TRUE">10</attwidth><atprecis Sync="TRUE">0</atprecis><attscale Sync="TRUE">0</attscale></attr><attr><attrlabl>ZIP_CODE</attrlabl><attrdef>Zip Code</attrdef><attrdefs>ESRI</attrdefs><attrdomv><udom>Sequential unique whole numbers that are automatically generated.</udom></attrdomv><attalias Sync="TRUE">SOURCE</attalias><attrtype Sync="TRUE">String</attrtype><attwidth Sync="TRUE">30</attwidth><atprecis Sync="TRUE">0</atprecis><attscale Sync="TRUE">0</attscale></attr><attr><attrlabl Sync="TRUE">MUNICIPALI</attrlabl><attalias Sync="TRUE">MUNICIPALI</attalias><attrtype Sync="TRUE">String</attrtype><attwidth Sync="TRUE">50</attwidth><atprecis Sync="TRUE">0</atprecis><attscale Sync="TRUE">0</attscale></attr><attr><attrlabl>SOURCE</attrlabl><attrdef>Feature geometry.</attrdef><attrdefs>ESRI</attrdefs><attrdomv><udom>Coordinates defining the features.</udom></attrdomv><attalias Sync="TRUE">ModifiedBy</attalias><attrtype Sync="TRUE">String</attrtype><attwidth Sync="TRUE">10</attwidth><atprecis Sync="TRUE">0</atprecis><attscale Sync="TRUE">0</attscale></attr><attr><attrlabl>ModifiedBy</attrlabl><attrdef>Internal feature number.</attrdef><attrdefs>ESRI</attrdefs><attrdomv><udom>Sequential unique whole numbers that are automatically generated.</udom></attrdomv><attalias Sync="TRUE">ModifiedOn</attalias><attrtype Sync="TRUE">String</attrtype><attwidth Sync="TRUE">30</attwidth><atprecis Sync="TRUE">0</atprecis><attscale Sync="TRUE">0</attscale></attr><attr><attrlabl>ModifiedOn</attrlabl><attrdef>Internal feature number.</attrdef><attrdefs>ESRI</attrdefs><attrdomv><udom>Sequential unique whole numbers that are automatically generated.</udom></attrdomv><attalias Sync="TRUE">CreatedBy</attalias><attrtype Sync="TRUE">String</attrtype><attwidth Sync="TRUE">10</attwidth><atprecis Sync="TRUE">0</atprecis><attscale Sync="TRUE">0</attscale></attr><attr><attrlabl Sync="TRUE">FULL_ADDRE</attrlabl><attalias Sync="TRUE">FULL_ADDRE</attalias><attrtype Sync="TRUE">String</attrtype><attwidth Sync="TRUE">128</attwidth><atprecis Sync="TRUE">0</atprecis><attscale Sync="TRUE">0</attscale></attr><attr><attrlabl>CreatedBy</attrlabl><attrdef>Internal feature number.</attrdef><attrdefs>ESRI</attrdefs><attrdomv><udom>Sequential unique whole numbers that are automatically generated.</udom></attrdomv><attalias Sync="TRUE">CreatedOn</attalias><attrtype Sync="TRUE">String</attrtype><attwidth Sync="TRUE">30</attwidth><atprecis Sync="TRUE">0</atprecis><attscale Sync="TRUE">0</attscale></attr><attr><attrlabl>CreatedOn</attrlabl><attrdef>Internal feature number.</attrdef><attrdefs>ESRI</attrdefs><attrdomv><udom>Sequential unique whole numbers that are automatically generated.</udom></attrdomv><attalias Sync="TRUE">P_OVERRIDE</attalias><attrtype Sync="TRUE">String</attrtype><attwidth Sync="TRUE">8</attwidth><atprecis Sync="TRUE">0</atprecis><attscale Sync="TRUE">0</attscale></attr><attr><attrlabl>P_OVERRIDE</attrlabl><attrdef>Internal feature number.</attrdef><attrdefs>ESRI</attrdefs><attrdomv><udom>Sequential unique whole numbers that are automatically generated.</udom></attrdomv><attalias Sync="TRUE">E_OVERRIDE</attalias><attrtype Sync="TRUE">String</attrtype><attwidth Sync="TRUE">8</attwidth><atprecis Sync="TRUE">0</atprecis><attscale Sync="TRUE">0</attscale></attr><attr><attrlabl>E_OVERRIDE</attrlabl><attrdef>Internal feature number.</attrdef><attrdefs>ESRI</attrdefs><attrdomv><udom>Sequential unique whole numbers that are automatically generated.</udom></attrdomv><attalias Sync="TRUE">F_OVERRIDE</attalias><attrtype Sync="TRUE">String</attrtype><attwidth Sync="TRUE">8</attwidth><atprecis Sync="TRUE">0</atprecis><attscale Sync="TRUE">0</attscale></attr><attr><attrlabl>F_OVERRIDE</attrlabl><attrdef>Internal feature number.</attrdef><attrdefs>ESRI</attrdefs><attrdomv><udom>Sequential unique whole numbers that are automatically generated.</udom></attrdomv><attalias Sync="TRUE">Shape</attalias><attrtype Sync="TRUE">Geometry</attrtype><attwidth Sync="TRUE">0</attwidth><atprecis Sync="TRUE">0</atprecis><attscale Sync="TRUE">0</attscale></attr><attr><attrlabl>Shape</attrlabl><attrdef>Feature geometry.</attrdef><attrdefs>ESRI</attrdefs><attrdomv><udom>Coordinates defining the features.</udom></attrdomv><attalias Sync="TRUE">EXP_FLAG</attalias><attrtype Sync="TRUE">String</attrtype><attwidth Sync="TRUE">5</attwidth><atprecis Sync="TRUE">0</atprecis><attscale Sync="TRUE">0</attscale></attr><attr><attrlabl>EXP_FLAG</attrlabl><attrdef>Exception Codes for Address Points</attrdef><attrdefs>GDR</attrdefs><attrdomv><edom><edomv>ALI</edomv><edomvd>Naming issue, multiple conflicting sources</edomvd><edomvds>GDR</edomvds></edom></attrdomv><attrdomv><edom><edomv>AOR</edomv><edomvd>Address value does not match the segment range / Address value does not match the nearby points</edomvd><edomvds>GDR</edomvds></edom></attrdomv><attrdomv><edom><edomv>CBD</edomv><edomvd>Address does not match anything nearby / Invalid Address / Unverified Address</edomvd><edomvds>GDR</edomvds></edom></attrdomv><attrdomv><edom><edomv>CTY</edomv><edomvd>Address matches range, but the city boundary is causing the point to not fall in segment range in same city.  Sometimes these are duplicates of a point that does fall in range in a city</edomvd><edomvds>GDR</edomvds></edom></attrdomv><attrdomv><edom><edomv>DUB</edomv><edomvd>Address is duplicated</edomvd><edomvds>GDR</edomvds></edom></attrdomv><attrdomv><edom><edomv>DUP</edomv><edomvd>Address is duplicated</edomvd><edomvds>GDR</edomvds></edom></attrdomv><attrdomv><edom><edomv>INV</edomv><edomvd>Address does not match anything nearby / Invalid Address / Unverified Address</edomvd><edomvds>GDR</edomvds></edom></attrdomv><attrdomv><edom><edomv>MTO</edomv><edomvd>Address is duplicated</edomvd><edomvds>GDR</edomvds></edom></attrdomv><attrdomv><edom><edomv>RNG</edomv><edomvd>Address value does not match the segment range / Address value does not match the nearby points</edomvd><edomvds>GDR</edomvds></edom></attrdomv><attrdomv><edom><edomv>UNV</edomv><edomvd>Address does not match anything nearby / Invalid Address / Unverified Address</edomvd><edomvds>GDR</edomvds></edom></attrdomv><attalias Sync="TRUE">ST_PREFIX</attalias><attrtype Sync="TRUE">String</attrtype><attwidth Sync="TRUE">2</attwidth><atprecis Sync="TRUE">0</atprecis><attscale Sync="TRUE">0</attscale></attr></detailed></eainfo><distinfo><resdesc>Downloadable Data</resdesc><stdorder><digform><digtinfo><transize>13.908</transize></digtinfo></digform></stdorder></distinfo><metainfo><metd>20130301</metd><metc><cntinfo><cntorgp><cntorg>Allegheny County</cntorg></cntorgp><cntpos>Outreach Specialist</cntpos><cntaddr><addrtype>mailing and physical address</addrtype><address>621 County Office Building</address><address>542 Forbes Ave.</address><city>Pittsburgh</city><state>PA</state><postal>15219</postal><country>USA</country></cntaddr><cntvoice>(412) 350-4774</cntvoice><cntfax>(412) 350-4754</cntfax><cntemail>GIShelp@alleghenycounty.us</cntemail></cntinfo></metc><metstdn>FGDC Content Standards for Digital Geospatial Metadata</metstdn><metstdv>FGDC-STD-001-1998</metstdv><mettc>local time</mettc><metextns></metextns><metextns></metextns><metextns><onlink>http://www.esri.com/metadata/esriprof80.html</onlink><metprof>ESRI Metadata Profile</metprof></metextns><langmeta Sync="TRUE">en</langmeta></metainfo><dataIdInfo><envirDesc Sync="TRUE">Microsoft Windows 7 Version 6.1 (Build 7601) Service Pack 1; Esri ArcGIS 10.2.0.3348</envirDesc><dataLang><languageCode Sync="TRUE" value="eng"></languageCode><countryCode value="USA" Sync="TRUE"></countryCode></dataLang><idCitation><resTitle Sync="TRUE">City_Address_Points</resTitle><presForm><PresFormCd Sync="TRUE" value="005"></PresFormCd></presForm></idCitation><spatRpType><SpatRepTypCd Sync="TRUE" value="001"></SpatRepTypCd></spatRpType><dataExt><geoEle><GeoBndBox esriExtentType="native"><westBL Sync="TRUE">1244877.60008</westBL><eastBL Sync="TRUE">1428727.300017</eastBL><northBL Sync="TRUE">498108.800107</northBL><southBL Sync="TRUE">321410.400251</southBL><exTypeCode Sync="TRUE">1</exTypeCode></GeoBndBox></geoEle></dataExt><geoBox esriExtentType="decdegrees"><westBL Sync="TRUE">-80.359053</westBL><eastBL Sync="TRUE">-79.682485</eastBL><northBL Sync="TRUE">40.684341</northBL><southBL Sync="TRUE">40.186501</southBL><exTypeCode Sync="TRUE">1</exTypeCode></geoBox></dataIdInfo><mdLang><languageCode Sync="TRUE" value="eng"></languageCode><countryCode value="USA" Sync="TRUE"></countryCode></mdLang><mdStanName Sync="TRUE">ISO 19115 Geographic Information - Metadata</mdStanName><mdStanVer Sync="TRUE">DIS_ESRI1.0</mdStanVer><mdChar><CharSetCd Sync="TRUE" value="004"></CharSetCd></mdChar><mdHrLv><ScopeCd Sync="TRUE" value="005"></ScopeCd></mdHrLv><mdHrLvName Sync="TRUE">dataset</mdHrLvName><distInfo><distributor><distorTran><onLineSrc><orDesc Sync="TRUE">002</orDesc><linkage Sync="TRUE">file://\\DCSCOB0315AD004\C$\Temp\CityOfPgh\New File Geodatabase.gdb</linkage><protocol Sync="TRUE">Local Area Network</protocol></onLineSrc></distorTran><distorFormat><formatName Sync="TRUE">SDE Feature Class</formatName></distorFormat></distributor><distFormat><formatName Sync="TRUE">Shapefile</formatName></distFormat><distTranOps><transSize Sync="TRUE">0.000</transSize></distTranOps></distInfo><refSysInfo><RefSystem><refSysID><identCode Sync="TRUE" code="2272">NAD_1983_StatePlane_Pennsylvania_South_FIPS_3702_Feet</identCode><idCodeSpace Sync="TRUE">EPSG</idCodeSpace><idVersion Sync="TRUE">8.1.1</idVersion></refSysID></RefSystem></refSysInfo><spatRepInfo><VectSpatRep><geometObjs Name="City_Address_Points"><geoObjTyp><GeoObjTypCd value="004" Sync="TRUE"></GeoObjTypCd></geoObjTyp><geoObjCnt Sync="TRUE">0</geoObjCnt></geometObjs><topLvl><TopoLevCd value="001" Sync="TRUE"></TopoLevCd></topLvl></VectSpatRep></spatRepInfo><Esri><SyncDate>20140319</SyncDate><SyncTime>11453400</SyncTime><ModDate>20140319</ModDate><ModTime>11453400</ModTime><DataProperties><lineage><Process Name="Delete Rows in PUB ADDRESS POINTS" ToolSource="c:\program files (x86)\arcgis\desktop10.1\ArcToolbox\Toolboxes\Data Management Tools.tbx\DeleteRows" Date="20130728" Time="133435">DeleteRows \\entfsh01\fsh01_gis$\DCSGIS\Projects\CountyDepts\DCS\DB_Maint\Admin_Conns\GIS_ADMIN@Alco_PUB@sqlinst1(DC).sde\ALCO_PUB.DBO.Addressing\ALCO_PUB.DBO.COUNTY_CO_ADDRESS_POINTS_Display</Process><Process Name="Delete Rows in PUB ADDRESS POINTS" ToolSource="c:\program files (x86)\arcgis\desktop10.1\ArcToolbox\Toolboxes\Data Management Tools.tbx\DeleteRows" Date="20130729" Time="220603">DeleteRows \\entfsh01\fsh01_gis$\DCSGIS\Projects\CountyDepts\DCS\DB_Maint\Admin_Conns\GIS_ADMIN@Alco_PUB@sqlinst1(DC).sde\ALCO_PUB.DBO.Addressing\ALCO_PUB.DBO.COUNTY_CO_ADDRESS_POINTS_Display</Process><Process ToolSource="c:\program files (x86)\arcgis\desktop10.1\ArcToolbox\Toolboxes\Data Management Tools.tbx\DeleteFeatures" Date="20130729" Time="222711">DeleteFeatures \\entfsh01\fsh01_gis$\DCSGIS\Projects\CountyDepts\DCS\DB_Maint\Admin_Conns\GIS_ADMIN@Alco_PUB@sqlinst1(DC).sde\ALCO_PUB.DBO.Addressing\ALCO_PUB.DBO.COUNTY_CO_ADDRESS_POINTS_Display</Process><Process ToolSource="c:\program files (x86)\arcgis\desktop10.1\ArcToolbox\Toolboxes\Data Management Tools.tbx\DeleteRows" Date="20130729" Time="224512">DeleteRows C:\Data\Geocoder\GIS_ADMIN@Alco_PUB@sqlinst1(DC).sde\ALCO_PUB.DBO.Addressing\ALCO_PUB.DBO.COUNTY_CO_ADDRESS_POINTS_Display</Process><Process Name="Delete Rows in PUB PARCELS" ToolSource="C:\Program Files (x86)\ArcGIS\ArcToolbox\Toolboxes\Data Management Tools.tbx\DeleteRows" Date="20130729" Time="225039">DeleteRows I:\Projects\CountyDepts\DCS\DB_Maint\Admin_Conns\GIS_ADMIN@Alco_PUB@sqlinst1(DC).sde\ALCO_PUB.DBO.Addressing\ALCO_PUB.DBO.COUNTY_CO_ADDRESS_POINTS_Display I:\Projects\CountyDepts\DCS\DB_Maint\Admin_Conns\GIS_ADMIN@Alco_PUB@sqlinst1(DC).sde\ALCO_PUB.DBO.Addressing\ALCO_PUB.DBO.COUNTY_CO_ADDRESS_POINTS_Display</Process><Process ToolSource="c:\program files (x86)\arcgis\desktop10.2\ArcToolbox\Toolboxes\Conversion Tools.tbx\FeatureClassToFeatureClass" Date="20140115" Time="083738">FeatureClassToFeatureClass C:\CountyJan\Parcels.mdb\City_Address_Points C:\CountyJan\Test.gdb City_Address_Points # "ADDR_NUM "ADDR_NUM" true true false 12 Text 0 0 ,First,#,C:\CountyJan\Parcels.mdb\City_Address_Points,ADDR_NUM,-1,-1;ST_PREFIX "ST_PREFIX" true true false 2 Text 0 0 ,First,#,C:\CountyJan\Parcels.mdb\City_Address_Points,ST_PREFIX,-1,-1;ST_NAME "ST_NAME" true true false 50 Text 0 0 ,First,#,C:\CountyJan\Parcels.mdb\City_Address_Points,ST_NAME,-1,-1;ST_TYPE "ST_TYPE" true true false 8 Text 0 0 ,First,#,C:\CountyJan\Parcels.mdb\City_Address_Points,ST_TYPE,-1,-1;ST_SUFFIX "ST_SUFFIX" true true false 2 Text 0 0 ,First,#,C:\CountyJan\Parcels.mdb\City_Address_Points,ST_SUFFIX,-1,-1;MUNICIPALITY "MUNICIPALITY" true true false 50 Text 0 0 ,First,#,C:\CountyJan\Parcels.mdb\City_Address_Points,MUNICIPALITY,-1,-1;ZIP_CODE "ZIP_CODE" true true false 10 Text 0 0 ,First,#,C:\CountyJan\Parcels.mdb\City_Address_Points,ZIP_CODE,-1,-1;SOURCE "SOURCE" true true false 30 Text 0 0 ,First,#,C:\CountyJan\Parcels.mdb\City_Address_Points,SOURCE,-1,-1;EXP_FLAG "EXP_FLAG" true true false 5 Text 0 0 ,First,#,C:\CountyJan\Parcels.mdb\City_Address_Points,EXP_FLAG,-1,-1;FULL_ADDRESS "FULL_ADDRESS" true true false 128 Text 0 0 ,First,#,C:\CountyJan\Parcels.mdb\City_Address_Points,FULL_ADDRESS,-1,-1;ModifiedBy "ModifiedBy" true true false 10 Text 0 0 ,First,#,C:\CountyJan\Parcels.mdb\City_Address_Points,ModifiedBy,-1,-1;ModifiedOn "ModifiedOn" true true false 30 Text 0 0 ,First,#,C:\CountyJan\Parcels.mdb\City_Address_Points,ModifiedOn,-1,-1;CreatedBy "CreatedBy" true true false 10 Text 0 0 ,First,#,C:\CountyJan\Parcels.mdb\City_Address_Points,CreatedBy,-1,-1;CreatedOn "CreatedOn" true true false 30 Text 0 0 ,First,#,C:\CountyJan\Parcels.mdb\City_Address_Points,CreatedOn,-1,-1;GlobalID "GlobalID" false false true 38 GlobalID 0 0 ,First,#,C:\CountyJan\Parcels.mdb\City_Address_Points,GlobalID,-1,-1;P_OVERRIDE "P_OVERRIDE" true true false 8 Text 0 0 ,First,#,C:\CountyJan\Parcels.mdb\City_Address_Points,P_OVERRIDE,-1,-1;E_OVERRIDE "E_OVERRIDE" true true false 8 Text 0 0 ,First,#,C:\CountyJan\Parcels.mdb\City_Address_Points,E_OVERRIDE,-1,-1;F_OVERRIDE "F_OVERRIDE" true true false 8 Text 0 0 ,First,#,C:\CountyJan\Parcels.mdb\City_Address_Points,F_OVERRIDE,-1,-1" #</Process></lineage><itemProps><itemLocation><linkage Sync="TRUE">file://\\gis0011\pgh-gis\GIS-ADMIN\Shapefiles\City_Address_Points.shp</linkage><protocol Sync="TRUE">Local Area Network</protocol></itemLocation><itemName Sync="TRUE">City_Address_Points</itemName><imsContentType Sync="TRUE">002</imsContentType><itemSize Sync="TRUE">0.000</itemSize></itemProps><coordRef><type Sync="TRUE">Projected</type><geogcsn Sync="TRUE">GCS_North_American_1983</geogcsn><csUnits Sync="TRUE">Linear Unit: Foot_US (0.304801)</csUnits><projcsn Sync="TRUE">NAD_1983_StatePlane_Pennsylvania_South_FIPS_3702_Feet</projcsn><peXml Sync="TRUE">&lt;ProjectedCoordinateSystem xsi:type='typens:ProjectedCoordinateSystem' xmlns:xsi='http://www.w3.org/2001/XMLSchema-instance' xmlns:xs='http://www.w3.org/2001/XMLSchema' xmlns:typens='http://www.esri.com/schemas/ArcGIS/10.1'&gt;&lt;WKT&gt;PROJCS[&amp;quot;NAD_1983_StatePlane_Pennsylvania_South_FIPS_3702_Feet&amp;quot;,GEOGCS[&amp;quot;GCS_North_American_1983&amp;quot;,DATUM[&amp;quot;D_North_American_1983&amp;quot;,SPHEROID[&amp;quot;GRS_1980&amp;quot;,6378137.0,298.257222101]],PRIMEM[&amp;quot;Greenwich&amp;quot;,0.0],UNIT[&amp;quot;Degree&amp;quot;,0.0174532925199433]],PROJECTION[&amp;quot;Lambert_Conformal_Conic&amp;quot;],PARAMETER[&amp;quot;False_Easting&amp;quot;,1968500.0],PARAMETER[&amp;quot;False_Northing&amp;quot;,0.0],PARAMETER[&amp;quot;Central_Meridian&amp;quot;,-77.75],PARAMETER[&amp;quot;Standard_Parallel_1&amp;quot;,39.93333333333333],PARAMETER[&amp;quot;Standard_Parallel_2&amp;quot;,40.96666666666667],PARAMETER[&amp;quot;Latitude_Of_Origin&amp;quot;,39.33333333333334],UNIT[&amp;quot;Foot_US&amp;quot;,0.3048006096012192],AUTHORITY[&amp;quot;EPSG&amp;quot;,2272]]&lt;/WKT&gt;&lt;XOrigin&gt;-119214200&lt;/XOrigin&gt;&lt;YOrigin&gt;-96198500&lt;/YOrigin&gt;&lt;XYScale&gt;37163717.489134133&lt;/XYScale&gt;&lt;ZOrigin&gt;-100000&lt;/ZOrigin&gt;&lt;ZScale&gt;10000&lt;/ZScale&gt;&lt;MOrigin&gt;-100000&lt;/MOrigin&gt;&lt;MScale&gt;10000&lt;/MScale&gt;&lt;XYTolerance&gt;0.0032808333333333331&lt;/XYTolerance&gt;&lt;ZTolerance&gt;0.001&lt;/ZTolerance&gt;&lt;MTolerance&gt;0.001&lt;/MTolerance&gt;&lt;HighPrecision&gt;true&lt;/HighPrecision&gt;&lt;WKID&gt;102729&lt;/WKID&gt;&lt;LatestWKID&gt;2272&lt;/LatestWKID&gt;&lt;/ProjectedCoordinateSystem&gt;</peXml></coordRef></DataProperties><CreaDate>20140113</CreaDate><CreaTime>12101000</CreaTime><SyncOnce>FALSE</SyncOnce><ArcGISFormat>1.0</ArcGISFormat></Esri><mdDateSt Sync="TRUE">20140319</mdDateSt></metadata>
