<?xml version="1.0"?>
<!--<!DOCTYPE metadata SYSTEM "http://www.esri.com/metadata/esriprof80.dtd">-->
<metadata xml:lang="en"><Esri><MetaID>{91B2C899-9CCA-4897-942C-AA09BEA9AAA0}</MetaID><CreaDate>20080813</CreaDate><CreaTime>09113100</CreaTime><SyncOnce>FALSE</SyncOnce><SyncDate>20121024</SyncDate><SyncTime>13005000</SyncTime><ModDate>20121024</ModDate><ModTime>13005000</ModTime><DataProperties><lineage><Process Name="FeatureClassToFeatureClass_3" ToolSource="C:\Program Files\ArcGIS\ArcToolbox\Toolboxes\Conversion Tools.tbx\FeatureClassToFeatureClass" Date="20080813" Time="091133">FeatureClassToFeatureClass V:\Citywide\Data\coverages\seniors\point V:\Workspaces\Tucci\Shapefiles seniors.shp # "AREA AREA false false true 8 Double 0 0 ,First,#,V:\Citywide\Data\coverages\seniors\point,AREA,-1,-1;PERIMETER PERIMETER false false true 8 Double 0 0 ,First,#,V:\Citywide\Data\coverages\seniors\point,PERIMETER,-1,-1;SENIORS_ SENIORS_ false false true 4 Long 0 0 ,First,#,V:\Citywide\Data\coverages\seniors\point,SENIORS#,-1,-1;SENIORS_ID SENIORS_ID true false true 4 Long 0 0 ,First,#,V:\Citywide\Data\coverages\seniors\point,SENIORS-ID,-1,-1;NAME NAME true false false 24 Text 0 0 ,First,#,V:\Citywide\Data\coverages\seniors\point,NAME,-1,-1;ADDRESS ADDRESS true false false 24 Text 0 0 ,First,#,V:\Citywide\Data\coverages\seniors\point,ADDRESS,-1,-1;LOCATION LOCATION true false false 24 Text 0 0 ,First,#,V:\Citywide\Data\coverages\seniors\point,LOCATION,-1,-1;PHONE PHONE true false false 8 Text 0 0 ,First,#,V:\Citywide\Data\coverages\seniors\point,PHONE,-1,-1;ZIPCODE ZIPCODE true false false 5 Long 0 5 ,First,#,V:\Citywide\Data\coverages\seniors\point,ZIPCODE,-1,-1;NHOOD NHOOD true false false 30 Text 0 0 ,First,#,V:\Citywide\Data\coverages\seniors\point,NHOOD,-1,-1;POLYGONID POLYGONID false false true 4 Long 0 0 ,First,#,V:\Citywide\Data\coverages\seniors\point,$POLYGONID,-1,-1;SCALE SCALE true false true 8 Double 0 0 ,First,#,V:\Citywide\Data\coverages\seniors\point,$SCALE,-1,-1;ANGLE ANGLE true false true 8 Double 0 0 ,First,#,V:\Citywide\Data\coverages\seniors\point,$ANGLE,-1,-1" # V:\Workspaces\Tucci\Shapefiles\seniors.shp</Process><Process ToolSource="C:\Program Files\ArcGIS\ArcToolbox\Toolboxes\Conversion Tools.tbx\FeatureClassToFeatureClass" Date="20091030" Time="115558">FeatureClassToFeatureClass V:\Workspaces\Tucci\Shapefiles\seniors.shp "Database Connections\Connection to gis0011.sde" senior_center_point # "AREA 'AREA' true true false 19 Double 0 0 ,First,#,V:\Workspaces\Tucci\Shapefiles\seniors.shp,AREA,-1,-1;PERIMETER 'PERIMETER' true true false 19 Double 0 0 ,First,#,V:\Workspaces\Tucci\Shapefiles\seniors.shp,PERIMETER,-1,-1;SENIORS_ 'SENIORS_' true true false 9 Long 0 9 ,First,#,V:\Workspaces\Tucci\Shapefiles\seniors.shp,SENIORS_,-1,-1;SENIORS_ID 'SENIORS_ID' true true false 9 Long 0 9 ,First,#,V:\Workspaces\Tucci\Shapefiles\seniors.shp,SENIORS_ID,-1,-1;NAME 'NAME' true true false 24 Text 0 0 ,First,#,V:\Workspaces\Tucci\Shapefiles\seniors.shp,NAME,-1,-1;ADDRESS 'ADDRESS' true true false 24 Text 0 0 ,First,#,V:\Workspaces\Tucci\Shapefiles\seniors.shp,ADDRESS,-1,-1;LOCATION 'LOCATION' true true false 24 Text 0 0 ,First,#,V:\Workspaces\Tucci\Shapefiles\seniors.shp,LOCATION,-1,-1;PHONE 'PHONE' true true false 8 Text 0 0 ,First,#,V:\Workspaces\Tucci\Shapefiles\seniors.shp,PHONE,-1,-1;ZIPCODE 'ZIPCODE' true true false 5 Long 0 5 ,First,#,V:\Workspaces\Tucci\Shapefiles\seniors.shp,ZIPCODE,-1,-1;NHOOD 'NHOOD' true true false 30 Text 0 0 ,First,#,V:\Workspaces\Tucci\Shapefiles\seniors.shp,NHOOD,-1,-1;POLYGONID 'POLYGONID' true true false 9 Long 0 9 ,First,#,V:\Workspaces\Tucci\Shapefiles\seniors.shp,POLYGONID,-1,-1;SCALE 'SCALE' true true false 19 Double 0 0 ,First,#,V:\Workspaces\Tucci\Shapefiles\seniors.shp,SCALE,-1,-1;ANGLE 'ANGLE' true true false 19 Double 0 0 ,First,#,V:\Workspaces\Tucci\Shapefiles\seniors.shp,ANGLE,-1,-1;Status 'Status' true true false 50 Text 0 0 ,First,#,V:\Workspaces\Tucci\Shapefiles\seniors.shp,Status,-1,-1" # "Database Connections\Connection to gis0011.sde\GIS_PROD.senior_center_point"</Process><Process ToolSource="C:\Program Files\ArcGIS\Desktop10.0\ArcToolbox\Toolboxes\Conversion Tools.tbx\FeatureClassToFeatureClass" Date="20120626" Time="085015">FeatureClassToFeatureClass "Database Connections\Connection to gis0011.sde\GIS_PROD.senior_centers_point" V:\GIS-ADMIN\Workspaces\Reinhold\TempStreetGuidebook\streetcl.mdb Senior_Centers_Point # "AREA "AREA" true true false 8 Double 8 38 ,First,#,Database Connections\Connection to gis0011.sde\GIS_PROD.senior_centers_point,GIS_PROD.senior_centers_point.AREA,-1,-1;PERIMETER "PERIMETER" true true false 8 Double 8 38 ,First,#,Database Connections\Connection to gis0011.sde\GIS_PROD.senior_centers_point,PERIMETER,-1,-1;SENIORS_ "SENIORS_" true true false 4 Long 0 9 ,First,#,Database Connections\Connection to gis0011.sde\GIS_PROD.senior_centers_point,SENIORS_,-1,-1;SENIORS_ID "SENIORS_ID" true true false 4 Long 0 9 ,First,#,Database Connections\Connection to gis0011.sde\GIS_PROD.senior_centers_point,SENIORS_ID,-1,-1;NAME "NAME" true true false 24 Text 0 0 ,First,#,Database Connections\Connection to gis0011.sde\GIS_PROD.senior_centers_point,NAME,-1,-1;ADDRESS "ADDRESS" true true false 24 Text 0 0 ,First,#,Database Connections\Connection to gis0011.sde\GIS_PROD.senior_centers_point,ADDRESS,-1,-1;LOCATION "LOCATION" true true false 24 Text 0 0 ,First,#,Database Connections\Connection to gis0011.sde\GIS_PROD.senior_centers_point,LOCATION,-1,-1;PHONE "PHONE" true true false 8 Text 0 0 ,First,#,Database Connections\Connection to gis0011.sde\GIS_PROD.senior_centers_point,PHONE,-1,-1;ZIPCODE "ZIPCODE" true true false 4 Long 0 5 ,First,#,Database Connections\Connection to gis0011.sde\GIS_PROD.senior_centers_point,ZIPCODE,-1,-1;NHOOD "NHOOD" true true false 30 Text 0 0 ,First,#,Database Connections\Connection to gis0011.sde\GIS_PROD.senior_centers_point,NHOOD,-1,-1;POLYGONID "POLYGONID" true true false 4 Long 0 9 ,First,#,Database Connections\Connection to gis0011.sde\GIS_PROD.senior_centers_point,POLYGONID,-1,-1;SCALE "SCALE" true true false 8 Double 8 38 ,First,#,Database Connections\Connection to gis0011.sde\GIS_PROD.senior_centers_point,SCALE,-1,-1;ANGLE "ANGLE" true true false 8 Double 8 38 ,First,#,Database Connections\Connection to gis0011.sde\GIS_PROD.senior_centers_point,ANGLE,-1,-1;STATUS "STATUS" true true false 50 Text 0 0 ,First,#,Database Connections\Connection to gis0011.sde\GIS_PROD.senior_centers_point,STATUS,-1,-1" #</Process><Process ToolSource="C:\Program Files\ArcGIS\Desktop10.0\ArcToolbox\Toolboxes\Conversion Tools.tbx\FeatureClassToFeatureClass" Date="20120626" Time="093446">FeatureClassToFeatureClass V:\GIS-ADMIN\Workspaces\Reinhold\TempStreetGuidebook\streetcl.mdb\Senior_Centers_Point "V:\GIS-ADMIN\Current Data\Current_Data.gdb" Senior_Centers_Point # "AREA "AREA" true true false 8 Double 0 0 ,First,#,V:\GIS-ADMIN\Workspaces\Reinhold\TempStreetGuidebook\streetcl.mdb\Senior_Centers_Point,AREA,-1,-1;PERIMETER "PERIMETER" true true false 8 Double 0 0 ,First,#,V:\GIS-ADMIN\Workspaces\Reinhold\TempStreetGuidebook\streetcl.mdb\Senior_Centers_Point,PERIMETER,-1,-1;SENIORS_ "SENIORS_" true true false 4 Long 0 0 ,First,#,V:\GIS-ADMIN\Workspaces\Reinhold\TempStreetGuidebook\streetcl.mdb\Senior_Centers_Point,SENIORS_,-1,-1;SENIORS_ID "SENIORS_ID" true true false 4 Long 0 0 ,First,#,V:\GIS-ADMIN\Workspaces\Reinhold\TempStreetGuidebook\streetcl.mdb\Senior_Centers_Point,SENIORS_ID,-1,-1;NAME "NAME" true true false 24 Text 0 0 ,First,#,V:\GIS-ADMIN\Workspaces\Reinhold\TempStreetGuidebook\streetcl.mdb\Senior_Centers_Point,NAME,-1,-1;ADDRESS "ADDRESS" true true false 24 Text 0 0 ,First,#,V:\GIS-ADMIN\Workspaces\Reinhold\TempStreetGuidebook\streetcl.mdb\Senior_Centers_Point,ADDRESS,-1,-1;LOCATION "LOCATION" true true false 24 Text 0 0 ,First,#,V:\GIS-ADMIN\Workspaces\Reinhold\TempStreetGuidebook\streetcl.mdb\Senior_Centers_Point,LOCATION,-1,-1;PHONE "PHONE" true true false 8 Text 0 0 ,First,#,V:\GIS-ADMIN\Workspaces\Reinhold\TempStreetGuidebook\streetcl.mdb\Senior_Centers_Point,PHONE,-1,-1;ZIPCODE "ZIPCODE" true true false 4 Long 0 0 ,First,#,V:\GIS-ADMIN\Workspaces\Reinhold\TempStreetGuidebook\streetcl.mdb\Senior_Centers_Point,ZIPCODE,-1,-1;NHOOD "NHOOD" true true false 30 Text 0 0 ,First,#,V:\GIS-ADMIN\Workspaces\Reinhold\TempStreetGuidebook\streetcl.mdb\Senior_Centers_Point,NHOOD,-1,-1;POLYGONID "POLYGONID" true true false 4 Long 0 0 ,First,#,V:\GIS-ADMIN\Workspaces\Reinhold\TempStreetGuidebook\streetcl.mdb\Senior_Centers_Point,POLYGONID,-1,-1;SCALE "SCALE" true true false 8 Double 0 0 ,First,#,V:\GIS-ADMIN\Workspaces\Reinhold\TempStreetGuidebook\streetcl.mdb\Senior_Centers_Point,SCALE,-1,-1;ANGLE "ANGLE" true true false 8 Double 0 0 ,First,#,V:\GIS-ADMIN\Workspaces\Reinhold\TempStreetGuidebook\streetcl.mdb\Senior_Centers_Point,ANGLE,-1,-1;STATUS "STATUS" true true false 50 Text 0 0 ,First,#,V:\GIS-ADMIN\Workspaces\Reinhold\TempStreetGuidebook\streetcl.mdb\Senior_Centers_Point,STATUS,-1,-1" #</Process><Process ToolSource="c:\program files\arcgis\desktop10.1\ArcToolbox\Toolboxes\Data Management Tools.tbx\CopyFeatures" Date="20121024" Time="130051">CopyFeatures Senior_Centers_Point V:\GIS-ADMIN\google_shapefiles\Senior_Centers_Point.shp # 0 0 0</Process></lineage><itemProps><itemName Sync="TRUE">Senior_Centers_Point</itemName><imsContentType Sync="TRUE">002</imsContentType><itemLocation><linkage Sync="TRUE">file://\\gis0011\pgh-gis\GIS-ADMIN\google_shapefiles\Senior_Centers_Point.shp</linkage><protocol Sync="TRUE">Local Area Network</protocol></itemLocation><itemSize Sync="TRUE">0.000</itemSize></itemProps><coordRef><type Sync="TRUE">Projected</type><geogcsn Sync="TRUE">GCS_North_American_1983</geogcsn><csUnits Sync="TRUE">Linear Unit: Foot_US (0.304801)</csUnits><projcsn Sync="TRUE">NAD_1983_StatePlane_Pennsylvania_South_FIPS_3702_Feet</projcsn><peXml Sync="TRUE">&lt;ProjectedCoordinateSystem xsi:type='typens:ProjectedCoordinateSystem' xmlns:xsi='http://www.w3.org/2001/XMLSchema-instance' xmlns:xs='http://www.w3.org/2001/XMLSchema' xmlns:typens='http://www.esri.com/schemas/ArcGIS/10.1'&gt;&lt;WKT&gt;PROJCS[&amp;quot;NAD_1983_StatePlane_Pennsylvania_South_FIPS_3702_Feet&amp;quot;,GEOGCS[&amp;quot;GCS_North_American_1983&amp;quot;,DATUM[&amp;quot;D_North_American_1983&amp;quot;,SPHEROID[&amp;quot;GRS_1980&amp;quot;,6378137.0,298.257222101]],PRIMEM[&amp;quot;Greenwich&amp;quot;,0.0],UNIT[&amp;quot;Degree&amp;quot;,0.0174532925199433]],PROJECTION[&amp;quot;Lambert_Conformal_Conic&amp;quot;],PARAMETER[&amp;quot;False_Easting&amp;quot;,1968500.0],PARAMETER[&amp;quot;False_Northing&amp;quot;,0.0],PARAMETER[&amp;quot;Central_Meridian&amp;quot;,-77.75],PARAMETER[&amp;quot;Standard_Parallel_1&amp;quot;,39.93333333333333],PARAMETER[&amp;quot;Standard_Parallel_2&amp;quot;,40.96666666666667],PARAMETER[&amp;quot;Latitude_Of_Origin&amp;quot;,39.33333333333334],UNIT[&amp;quot;Foot_US&amp;quot;,0.3048006096012192],AUTHORITY[&amp;quot;EPSG&amp;quot;,2272]]&lt;/WKT&gt;&lt;XOrigin&gt;-119214200&lt;/XOrigin&gt;&lt;YOrigin&gt;-96198500&lt;/YOrigin&gt;&lt;XYScale&gt;37163717.489134133&lt;/XYScale&gt;&lt;ZOrigin&gt;-100000&lt;/ZOrigin&gt;&lt;ZScale&gt;10000&lt;/ZScale&gt;&lt;MOrigin&gt;-100000&lt;/MOrigin&gt;&lt;MScale&gt;10000&lt;/MScale&gt;&lt;XYTolerance&gt;0.0032808333333333331&lt;/XYTolerance&gt;&lt;ZTolerance&gt;0.001&lt;/ZTolerance&gt;&lt;MTolerance&gt;0.001&lt;/MTolerance&gt;&lt;HighPrecision&gt;true&lt;/HighPrecision&gt;&lt;WKID&gt;102729&lt;/WKID&gt;&lt;LatestWKID&gt;2272&lt;/LatestWKID&gt;&lt;/ProjectedCoordinateSystem&gt;</peXml></coordRef></DataProperties></Esri><idinfo><native Sync="TRUE">Microsoft Windows XP Version 5.1 (Build 2600) Service Pack 3; ESRI ArcCatalog 9.3.1.3000</native><descript><langdata Sync="TRUE">en</langdata><abstract>REQUIRED: A brief narrative summary of the data set.</abstract><purpose>REQUIRED: A summary of the intentions with which the data set was developed.</purpose></descript><citation><citeinfo><origin>REQUIRED: The name of an organization or individual that developed the data set.</origin><pubdate>REQUIRED: The date when the data set is published or otherwise made available for release.</pubdate><title Sync="TRUE">GIS_PROD.senior_center_point</title><ftname Sync="TRUE">GIS_PROD.senior_center_point</ftname><geoform Sync="TRUE">vector digital data</geoform><onlink Sync="TRUE">Server=gis0011; Service=5151; Database=gisprod; User=gis_prod; Version=SDE.DEFAULT</onlink></citeinfo></citation><timeperd><current>REQUIRED: The basis on which the time period of content information is determined.</current><timeinfo><sngdate><caldate>REQUIRED: The year (and optionally month, or month and day) for which the data set corresponds to the ground.</caldate></sngdate></timeinfo></timeperd><status><progress>REQUIRED: The state of the data set.</progress><update>REQUIRED: The frequency with which changes and additions are made to the data set after the initial data set is completed.</update></status><spdom><bounding><westbc Sync="TRUE">REQUIRED: Western-most coordinate of the limit of coverage expressed in longitude.</westbc><eastbc Sync="TRUE">REQUIRED: Eastern-most coordinate of the limit of coverage expressed in longitude.</eastbc><northbc Sync="TRUE">REQUIRED: Northern-most coordinate of the limit of coverage expressed in latitude.</northbc><southbc Sync="TRUE">REQUIRED: Southern-most coordinate of the limit of coverage expressed in latitude.</southbc></bounding></spdom><keywords><theme><themekt>REQUIRED: Reference to a formally registered thesaurus or a similar authoritative source of theme keywords.</themekt><themekey>REQUIRED: Common-use word or phrase used to describe the subject of the data set.</themekey></theme></keywords><accconst>REQUIRED: Restrictions and legal prerequisites for accessing the data set.</accconst><useconst>REQUIRED: Restrictions and legal prerequisites for using the data set after access is granted.</useconst><natvform Sync="TRUE">SDE Feature Class</natvform></idinfo><dataIdInfo><envirDesc Sync="TRUE">Microsoft Windows XP Version 5.1 (Build 2600) Service Pack 3; Esri ArcGIS 10.1.0.3035</envirDesc><dataLang><languageCode Sync="TRUE" value="en"></languageCode><countryCode value="US" Sync="TRUE"></countryCode></dataLang><idCitation><resTitle Sync="TRUE">Senior_Centers_Point</resTitle><presForm><PresFormCd Sync="TRUE" value="005"></PresFormCd></presForm></idCitation><spatRpType><SpatRepTypCd Sync="TRUE" value="001"></SpatRepTypCd></spatRpType></dataIdInfo><metainfo><langmeta Sync="TRUE">en</langmeta><metstdn Sync="TRUE">FGDC Content Standards for Digital Geospatial Metadata</metstdn><metstdv Sync="TRUE">FGDC-STD-001-1998</metstdv><mettc Sync="TRUE">local time</mettc><metc><cntinfo><cntorgp><cntper>REQUIRED: The person responsible for the metadata information.</cntper><cntorg>REQUIRED: The organization responsible for the metadata information.</cntorg></cntorgp><cntaddr><addrtype>REQUIRED: The mailing and/or physical address for the organization or individual.</addrtype><city>REQUIRED: The city of the address.</city><state>REQUIRED: The state or province of the address.</state><postal>REQUIRED: The ZIP or other postal code of the address.</postal></cntaddr><cntvoice>REQUIRED: The telephone number by which individuals can speak to the organization or individual.</cntvoice></cntinfo></metc><metd Sync="TRUE">20091030</metd></metainfo><mdLang><languageCode Sync="TRUE" value="en"></languageCode><countryCode value="US" Sync="TRUE"></countryCode></mdLang><mdStanName Sync="TRUE">ISO 19115 Geographic Information - Metadata</mdStanName><mdStanVer Sync="TRUE">DIS_ESRI1.0</mdStanVer><mdChar><CharSetCd Sync="TRUE" value="004"></CharSetCd></mdChar><mdHrLv><ScopeCd Sync="TRUE" value="005"></ScopeCd></mdHrLv><mdHrLvName Sync="TRUE">dataset</mdHrLvName><distinfo><resdesc Sync="TRUE">Downloadable Data</resdesc><stdorder><digform><digtinfo><transize Sync="TRUE">0.000</transize><dssize Sync="TRUE">0.000</dssize></digtinfo></digform></stdorder></distinfo><distInfo><distributor><distorTran><onLineSrc><orDesc Sync="TRUE">002</orDesc><linkage Sync="TRUE">Server=gis0011; Service=5151; Database=gisprod; User=gis_prod; Version=SDE.DEFAULT</linkage><protocol Sync="TRUE">ArcSDE Connection</protocol></onLineSrc><transSize Sync="TRUE">0.000</transSize></distorTran><distorFormat><formatName Sync="TRUE">SDE Feature Class</formatName></distorFormat></distributor><distFormat><formatName Sync="TRUE">Shapefile</formatName></distFormat><distTranOps><transSize Sync="TRUE">0.000</transSize></distTranOps></distInfo><spdoinfo><direct Sync="TRUE">Vector</direct><ptvctinf><esriterm Name="Senior_Centers_Point"><efeatyp Sync="TRUE">Simple</efeatyp><efeageom code="1" Sync="TRUE"></efeageom><esritopo Sync="TRUE">FALSE</esritopo><efeacnt Sync="TRUE">0</efeacnt><spindex Sync="TRUE">FALSE</spindex><linrefer Sync="TRUE">FALSE</linrefer></esriterm></ptvctinf></spdoinfo><spref><horizsys><cordsysn><geogcsn Sync="TRUE">GCS_North_American_1983</geogcsn><projcsn Sync="TRUE">NAD_1983_StatePlane_Pennsylvania_South_FIPS_3702_Feet</projcsn></cordsysn><planar><planci><plance Sync="TRUE">coordinate pair</plance><plandu Sync="TRUE">survey feet</plandu><coordrep><absres Sync="TRUE">0.000328</absres><ordres Sync="TRUE">0.000328</ordres></coordrep></planci></planar><geodetic><horizdn Sync="TRUE">North American Datum of 1983</horizdn><ellips Sync="TRUE">Geodetic Reference System 80</ellips><semiaxis Sync="TRUE">6378137.000000</semiaxis><denflat Sync="TRUE">298.257222</denflat></geodetic></horizsys><vertdef><altsys><altenc Sync="TRUE">Explicit elevation coordinate included with horizontal coordinates</altenc><altres Sync="TRUE">1.000000</altres></altsys></vertdef></spref><refSysInfo><RefSystem><refSysID><identCode Sync="TRUE" value="2272">NAD_1983_StatePlane_Pennsylvania_South_FIPS_3702_Feet</identCode><idCodeSpace Sync="TRUE">EPSG</idCodeSpace><idVersion Sync="TRUE">7.9.4</idVersion></refSysID></RefSystem></refSysInfo><spatRepInfo><VectSpatRep><geometObjs Name="Senior_Centers_Point"><geoObjTyp><GeoObjTypCd value="004" Sync="TRUE"></GeoObjTypCd></geoObjTyp><geoObjCnt Sync="TRUE">0</geoObjCnt></geometObjs><topLvl><TopoLevCd value="001" Sync="TRUE"></TopoLevCd></topLvl></VectSpatRep></spatRepInfo><eainfo><detailed Name="Senior_Centers_Point"><enttyp><enttypl Sync="TRUE">Senior_Centers_Point</enttypl><enttypt Sync="TRUE">Feature Class</enttypt><enttypc Sync="TRUE">0</enttypc></enttyp><attr><attrlabl Sync="TRUE">FID</attrlabl><attalias Sync="TRUE">FID</attalias><attrtype Sync="TRUE">OID</attrtype><attwidth Sync="TRUE">4</attwidth><atprecis Sync="TRUE">0</atprecis><attscale Sync="TRUE">0</attscale><attrdef Sync="TRUE">Internal feature number.</attrdef><attrdefs Sync="TRUE">Esri</attrdefs><attrdomv><udom Sync="TRUE">Sequential unique whole numbers that are automatically generated.</udom></attrdomv></attr><attr><attrlabl Sync="TRUE">Shape</attrlabl><attalias Sync="TRUE">Shape</attalias><attrtype Sync="TRUE">Geometry</attrtype><attwidth Sync="TRUE">0</attwidth><atprecis Sync="TRUE">0</atprecis><attscale Sync="TRUE">0</attscale><attrdef Sync="TRUE">Feature geometry.</attrdef><attrdefs Sync="TRUE">ESRI</attrdefs><attrdomv><udom Sync="TRUE">Coordinates defining the features.</udom></attrdomv></attr><attr><attrlabl Sync="TRUE">AREA</attrlabl><attalias Sync="TRUE">AREA</attalias><attrtype Sync="TRUE">Double</attrtype><attwidth Sync="TRUE">19</attwidth><atprecis Sync="TRUE">0</atprecis><attscale Sync="TRUE">0</attscale></attr><attr><attrlabl Sync="TRUE">PERIMETER</attrlabl><attalias Sync="TRUE">PERIMETER</attalias><attrtype Sync="TRUE">Double</attrtype><attwidth Sync="TRUE">19</attwidth><atprecis Sync="TRUE">0</atprecis><attscale Sync="TRUE">0</attscale></attr><attr><attrlabl Sync="TRUE">SENIORS_</attrlabl><attalias Sync="TRUE">SENIORS_</attalias><attrtype Sync="TRUE">Integer</attrtype><attwidth Sync="TRUE">9</attwidth><atprecis Sync="TRUE">9</atprecis><attscale Sync="TRUE">0</attscale></attr><attr><attrlabl Sync="TRUE">SENIORS_ID</attrlabl><attalias Sync="TRUE">SENIORS_ID</attalias><attrtype Sync="TRUE">Integer</attrtype><attwidth Sync="TRUE">9</attwidth><atprecis Sync="TRUE">9</atprecis><attscale Sync="TRUE">0</attscale></attr><attr><attrlabl Sync="TRUE">NAME</attrlabl><attalias Sync="TRUE">NAME</attalias><attrtype Sync="TRUE">String</attrtype><attwidth Sync="TRUE">24</attwidth><atprecis Sync="TRUE">0</atprecis><attscale Sync="TRUE">0</attscale></attr><attr><attrlabl Sync="TRUE">ADDRESS</attrlabl><attalias Sync="TRUE">ADDRESS</attalias><attrtype Sync="TRUE">String</attrtype><attwidth Sync="TRUE">24</attwidth><atprecis Sync="TRUE">0</atprecis><attscale Sync="TRUE">0</attscale></attr><attr><attrlabl Sync="TRUE">LOCATION</attrlabl><attalias Sync="TRUE">LOCATION</attalias><attrtype Sync="TRUE">String</attrtype><attwidth Sync="TRUE">24</attwidth><atprecis Sync="TRUE">0</atprecis><attscale Sync="TRUE">0</attscale></attr><attr><attrlabl Sync="TRUE">PHONE</attrlabl><attalias Sync="TRUE">PHONE</attalias><attrtype Sync="TRUE">String</attrtype><attwidth Sync="TRUE">8</attwidth><atprecis Sync="TRUE">0</atprecis><attscale Sync="TRUE">0</attscale></attr><attr><attrlabl Sync="TRUE">ZIPCODE</attrlabl><attalias Sync="TRUE">ZIPCODE</attalias><attrtype Sync="TRUE">Integer</attrtype><attwidth Sync="TRUE">9</attwidth><atprecis Sync="TRUE">9</atprecis><attscale Sync="TRUE">0</attscale></attr><attr><attrlabl Sync="TRUE">NHOOD</attrlabl><attalias Sync="TRUE">NHOOD</attalias><attrtype Sync="TRUE">String</attrtype><attwidth Sync="TRUE">30</attwidth><atprecis Sync="TRUE">0</atprecis><attscale Sync="TRUE">0</attscale></attr><attr><attrlabl Sync="TRUE">POLYGONID</attrlabl><attalias Sync="TRUE">POLYGONID</attalias><attrtype Sync="TRUE">Integer</attrtype><attwidth Sync="TRUE">9</attwidth><atprecis Sync="TRUE">9</atprecis><attscale Sync="TRUE">0</attscale></attr><attr><attrlabl Sync="TRUE">SCALE</attrlabl><attalias Sync="TRUE">SCALE</attalias><attrtype Sync="TRUE">Double</attrtype><attwidth Sync="TRUE">19</attwidth><atprecis Sync="TRUE">0</atprecis><attscale Sync="TRUE">0</attscale></attr><attr><attrlabl Sync="TRUE">STATUS</attrlabl><attalias Sync="TRUE">STATUS</attalias><attrtype Sync="TRUE">String</attrtype><attwidth Sync="TRUE">50</attwidth><atprecis Sync="TRUE">0</atprecis><attscale Sync="TRUE">0</attscale></attr><attr><attrlabl Sync="TRUE">ANGLE</attrlabl><attalias Sync="TRUE">ANGLE</attalias><attrtype Sync="TRUE">Double</attrtype><attwidth Sync="TRUE">19</attwidth><atprecis Sync="TRUE">0</atprecis><attscale Sync="TRUE">0</attscale></attr></detailed></eainfo><mdDateSt Sync="TRUE">20121024</mdDateSt></metadata>
