<?xml version="1.0" encoding="UTF-8"?>
<metadata xml:lang="en"><Esri><CreaDate>20150317</CreaDate><CreaTime>12102700</CreaTime><ArcGISFormat>1.0</ArcGISFormat><SyncOnce>FALSE</SyncOnce><DataProperties><lineage><Process ToolSource="c:\program files (x86)\arcgis\desktop10.1\ArcToolbox\Toolboxes\Data Management Tools.tbx\CreateFeatureclass" Date="20130612" Time="123759">CreateFeatureclass S:\Projects\A1\PROD\Ops\OWNER@Addressing@G_OPS.sde\Addressing.Addressing_OWNER.Addressing ADDRESS_POINTS POINT # DISABLED DISABLED # # 0 0 0</Process><Process ToolSource="c:\program files (x86)\arcgis\desktop10.1\ArcToolbox\Toolboxes\Data Management Tools.tbx\AddField" Date="20130612" Time="123802">AddField S:\Projects\A1\PROD\Ops\OWNER@Addressing@G_OPS.sde\Addressing.Addressing_OWNER.Addressing\ADDRESS_POINTS FEATURE_KEY LONG # # # # NULLABLE NON_REQUIRED #</Process><Process ToolSource="c:\program files (x86)\arcgis\desktop10.1\ArcToolbox\Toolboxes\Data Management Tools.tbx\AddIndex" Date="20130612" Time="123803">AddIndex S:\Projects\A1\PROD\Ops\OWNER@Addressing@G_OPS.sde\Addressing.Addressing_OWNER.Addressing\ADDRESS_POINTS FEATURE_KEY IX_AP_FK NON_UNIQUE NON_ASCENDING</Process><Process ToolSource="c:\program files (x86)\arcgis\desktop10.1\ArcToolbox\Toolboxes\Data Management Tools.tbx\AddField" Date="20130612" Time="123805">AddField S:\Projects\A1\PROD\Ops\OWNER@Addressing@G_OPS.sde\Addressing.Addressing_OWNER.Addressing\ADDRESS_POINTS ADDRESS_ID LONG # # # # NULLABLE NON_REQUIRED #</Process><Process ToolSource="c:\program files (x86)\arcgis\desktop10.1\ArcToolbox\Toolboxes\Data Management Tools.tbx\AddIndex" Date="20130612" Time="123807">AddIndex S:\Projects\A1\PROD\Ops\OWNER@Addressing@G_OPS.sde\Addressing.Addressing_OWNER.Addressing\ADDRESS_POINTS ADDRESS_ID IX_AP_ID NON_UNIQUE NON_ASCENDING</Process><Process ToolSource="c:\program files (x86)\arcgis\desktop10.1\ArcToolbox\Toolboxes\Data Management Tools.tbx\AddField" Date="20130612" Time="123808">AddField S:\Projects\A1\PROD\Ops\OWNER@Addressing@G_OPS.sde\Addressing.Addressing_OWNER.Addressing\ADDRESS_POINTS PARENT_ID LONG # # # # NULLABLE NON_REQUIRED #</Process><Process ToolSource="c:\program files (x86)\arcgis\desktop10.1\ArcToolbox\Toolboxes\Data Management Tools.tbx\AddIndex" Date="20130612" Time="123810">AddIndex S:\Projects\A1\PROD\Ops\OWNER@Addressing@G_OPS.sde\Addressing.Addressing_OWNER.Addressing\ADDRESS_POINTS PARENT_ID IX_AP_PID NON_UNIQUE NON_ASCENDING</Process><Process ToolSource="c:\program files (x86)\arcgis\desktop10.1\ArcToolbox\Toolboxes\Data Management Tools.tbx\AddField" Date="20130612" Time="123812">AddField S:\Projects\A1\PROD\Ops\OWNER@Addressing@G_OPS.sde\Addressing.Addressing_OWNER.Addressing\ADDRESS_POINTS STREET_ID LONG # # # # NULLABLE NON_REQUIRED #</Process><Process ToolSource="c:\program files (x86)\arcgis\desktop10.1\ArcToolbox\Toolboxes\Data Management Tools.tbx\AddIndex" Date="20130612" Time="123814">AddIndex S:\Projects\A1\PROD\Ops\OWNER@Addressing@G_OPS.sde\Addressing.Addressing_OWNER.Addressing\ADDRESS_POINTS STREET_ID IX_AP_SID NON_UNIQUE NON_ASCENDING</Process><Process ToolSource="c:\program files (x86)\arcgis\desktop10.1\ArcToolbox\Toolboxes\Data Management Tools.tbx\AddField" Date="20130612" Time="123815">AddField S:\Projects\A1\PROD\Ops\OWNER@Addressing@G_OPS.sde\Addressing.Addressing_OWNER.Addressing\ADDRESS_POINTS DUP_STREET_ID LONG # # # # NULLABLE NON_REQUIRED #</Process><Process ToolSource="c:\program files (x86)\arcgis\desktop10.1\ArcToolbox\Toolboxes\Data Management Tools.tbx\AddField" Date="20130612" Time="123817">AddField S:\Projects\A1\PROD\Ops\OWNER@Addressing@G_OPS.sde\Addressing.Addressing_OWNER.Addressing\ADDRESS_POINTS ADDRESS_TYPE SHORT # # # ADDRESS_TYPE NULLABLE NON_REQUIRED #</Process><Process ToolSource="c:\program files (x86)\arcgis\desktop10.1\ArcToolbox\Toolboxes\Data Management Tools.tbx\AssignDomainToField" Date="20130612" Time="123819">AssignDomainToField S:\Projects\A1\PROD\Ops\OWNER@Addressing@G_OPS.sde\Addressing.Addressing_OWNER.Addressing\ADDRESS_POINTS ADDRESS_TYPE AddressType #</Process><Process ToolSource="c:\program files (x86)\arcgis\desktop10.1\ArcToolbox\Toolboxes\Data Management Tools.tbx\AssignDefaultToField" Date="20130612" Time="123820">AssignDefaultToField S:\Projects\A1\PROD\Ops\OWNER@Addressing@G_OPS.sde\Addressing.Addressing_OWNER.Addressing\ADDRESS_POINTS ADDRESS_TYPE 0 #</Process><Process ToolSource="c:\program files (x86)\arcgis\desktop10.1\ArcToolbox\Toolboxes\Data Management Tools.tbx\AddField" Date="20130612" Time="123822">AddField S:\Projects\A1\PROD\Ops\OWNER@Addressing@G_OPS.sde\Addressing.Addressing_OWNER.Addressing\ADDRESS_POINTS STATUS TEXT # # 20 STATUS NULLABLE NON_REQUIRED #</Process><Process ToolSource="c:\program files (x86)\arcgis\desktop10.1\ArcToolbox\Toolboxes\Data Management Tools.tbx\AssignDomainToField" Date="20130612" Time="123823">AssignDomainToField S:\Projects\A1\PROD\Ops\OWNER@Addressing@G_OPS.sde\Addressing.Addressing_OWNER.Addressing\ADDRESS_POINTS STATUS AddressStatus #</Process><Process ToolSource="c:\program files (x86)\arcgis\desktop10.1\ArcToolbox\Toolboxes\Data Management Tools.tbx\AddField" Date="20130612" Time="123825">AddField S:\Projects\A1\PROD\Ops\OWNER@Addressing@G_OPS.sde\Addressing.Addressing_OWNER.Addressing\ADDRESS_POINTS ADDR_NUM_PREFIX TEXT # # 12 ADDR_NUM_PREFIX NULLABLE NON_REQUIRED #</Process><Process ToolSource="c:\program files (x86)\arcgis\desktop10.1\ArcToolbox\Toolboxes\Data Management Tools.tbx\AddField" Date="20130612" Time="123826">AddField S:\Projects\A1\PROD\Ops\OWNER@Addressing@G_OPS.sde\Addressing.Addressing_OWNER.Addressing\ADDRESS_POINTS ADDR_NUM TEXT # # 12 ADDR_NUM NULLABLE NON_REQUIRED #</Process><Process ToolSource="c:\program files (x86)\arcgis\desktop10.1\ArcToolbox\Toolboxes\Data Management Tools.tbx\AddField" Date="20130612" Time="123828">AddField S:\Projects\A1\PROD\Ops\OWNER@Addressing@G_OPS.sde\Addressing.Addressing_OWNER.Addressing\ADDRESS_POINTS ADDR_NUM_SUFFIX TEXT # # 12 ADDR_NUM_SUFFIX NULLABLE NON_REQUIRED #</Process><Process ToolSource="c:\program files (x86)\arcgis\desktop10.1\ArcToolbox\Toolboxes\Data Management Tools.tbx\AddField" Date="20130612" Time="123830">AddField S:\Projects\A1\PROD\Ops\OWNER@Addressing@G_OPS.sde\Addressing.Addressing_OWNER.Addressing\ADDRESS_POINTS ST_PREMODIFIER TEXT # # 12 ST_PREMODIFIER NULLABLE NON_REQUIRED #</Process><Process ToolSource="c:\program files (x86)\arcgis\desktop10.1\ArcToolbox\Toolboxes\Data Management Tools.tbx\AssignDomainToField" Date="20130612" Time="123831">AssignDomainToField S:\Projects\A1\PROD\Ops\OWNER@Addressing@G_OPS.sde\Addressing.Addressing_OWNER.Addressing\ADDRESS_POINTS ST_PREMODIFIER PreModifier #</Process><Process ToolSource="c:\program files (x86)\arcgis\desktop10.1\ArcToolbox\Toolboxes\Data Management Tools.tbx\AddField" Date="20130612" Time="123832">AddField S:\Projects\A1\PROD\Ops\OWNER@Addressing@G_OPS.sde\Addressing.Addressing_OWNER.Addressing\ADDRESS_POINTS ST_PREFIX TEXT # # 2 ST_PREFIX NULLABLE NON_REQUIRED #</Process><Process ToolSource="c:\program files (x86)\arcgis\desktop10.1\ArcToolbox\Toolboxes\Data Management Tools.tbx\AssignDomainToField" Date="20130612" Time="123834">AssignDomainToField S:\Projects\A1\PROD\Ops\OWNER@Addressing@G_OPS.sde\Addressing.Addressing_OWNER.Addressing\ADDRESS_POINTS ST_PREFIX Prefix #</Process><Process ToolSource="c:\program files (x86)\arcgis\desktop10.1\ArcToolbox\Toolboxes\Data Management Tools.tbx\AddField" Date="20130612" Time="123836">AddField S:\Projects\A1\PROD\Ops\OWNER@Addressing@G_OPS.sde\Addressing.Addressing_OWNER.Addressing\ADDRESS_POINTS ST_PRETYPE TEXT # # 12 ST_PRETYPE NULLABLE NON_REQUIRED #</Process><Process ToolSource="c:\program files (x86)\arcgis\desktop10.1\ArcToolbox\Toolboxes\Data Management Tools.tbx\AddField" Date="20130612" Time="123838">AddField S:\Projects\A1\PROD\Ops\OWNER@Addressing@G_OPS.sde\Addressing.Addressing_OWNER.Addressing\ADDRESS_POINTS ST_NAME TEXT # # 50 ST_NAME NULLABLE NON_REQUIRED #</Process><Process ToolSource="c:\program files (x86)\arcgis\desktop10.1\ArcToolbox\Toolboxes\Data Management Tools.tbx\AddField" Date="20130612" Time="123840">AddField S:\Projects\A1\PROD\Ops\OWNER@Addressing@G_OPS.sde\Addressing.Addressing_OWNER.Addressing\ADDRESS_POINTS ST_TYPE TEXT # # 8 ST_TYPE NULLABLE NON_REQUIRED #</Process><Process ToolSource="c:\program files (x86)\arcgis\desktop10.1\ArcToolbox\Toolboxes\Data Management Tools.tbx\AssignDomainToField" Date="20130612" Time="123842">AssignDomainToField S:\Projects\A1\PROD\Ops\OWNER@Addressing@G_OPS.sde\Addressing.Addressing_OWNER.Addressing\ADDRESS_POINTS ST_TYPE StreetType #</Process><Process ToolSource="c:\program files (x86)\arcgis\desktop10.1\ArcToolbox\Toolboxes\Data Management Tools.tbx\AddField" Date="20130612" Time="123843">AddField S:\Projects\A1\PROD\Ops\OWNER@Addressing@G_OPS.sde\Addressing.Addressing_OWNER.Addressing\ADDRESS_POINTS ST_SUFFIX TEXT # # 2 ST_SUFFIX NULLABLE NON_REQUIRED #</Process><Process ToolSource="c:\program files (x86)\arcgis\desktop10.1\ArcToolbox\Toolboxes\Data Management Tools.tbx\AssignDomainToField" Date="20130612" Time="123845">AssignDomainToField S:\Projects\A1\PROD\Ops\OWNER@Addressing@G_OPS.sde\Addressing.Addressing_OWNER.Addressing\ADDRESS_POINTS ST_SUFFIX Suffix #</Process><Process ToolSource="c:\program files (x86)\arcgis\desktop10.1\ArcToolbox\Toolboxes\Data Management Tools.tbx\AddField" Date="20130612" Time="123846">AddField S:\Projects\A1\PROD\Ops\OWNER@Addressing@G_OPS.sde\Addressing.Addressing_OWNER.Addressing\ADDRESS_POINTS ST_POSTMODIFIER TEXT # # 12 ST_POSTMODIFIER NULLABLE NON_REQUIRED #</Process><Process ToolSource="c:\program files (x86)\arcgis\desktop10.1\ArcToolbox\Toolboxes\Data Management Tools.tbx\AssignDomainToField" Date="20130612" Time="123848">AssignDomainToField S:\Projects\A1\PROD\Ops\OWNER@Addressing@G_OPS.sde\Addressing.Addressing_OWNER.Addressing\ADDRESS_POINTS ST_POSTMODIFIER PostModifier #</Process><Process ToolSource="c:\program files (x86)\arcgis\desktop10.1\ArcToolbox\Toolboxes\Data Management Tools.tbx\AddField" Date="20130612" Time="123849">AddField S:\Projects\A1\PROD\Ops\OWNER@Addressing@G_OPS.sde\Addressing.Addressing_OWNER.Addressing\ADDRESS_POINTS UNIT_TYPE TEXT # # 12 UNIT_TYPE NULLABLE NON_REQUIRED #</Process><Process ToolSource="c:\program files (x86)\arcgis\desktop10.1\ArcToolbox\Toolboxes\Data Management Tools.tbx\AssignDomainToField" Date="20130612" Time="123851">AssignDomainToField S:\Projects\A1\PROD\Ops\OWNER@Addressing@G_OPS.sde\Addressing.Addressing_OWNER.Addressing\ADDRESS_POINTS UNIT_TYPE UnitType #</Process><Process ToolSource="c:\program files (x86)\arcgis\desktop10.1\ArcToolbox\Toolboxes\Data Management Tools.tbx\AddField" Date="20130612" Time="123852">AddField S:\Projects\A1\PROD\Ops\OWNER@Addressing@G_OPS.sde\Addressing.Addressing_OWNER.Addressing\ADDRESS_POINTS UNIT TEXT # # 12 UNIT NULLABLE NON_REQUIRED #</Process><Process ToolSource="c:\program files (x86)\arcgis\desktop10.1\ArcToolbox\Toolboxes\Data Management Tools.tbx\AddField" Date="20130612" Time="123854">AddField S:\Projects\A1\PROD\Ops\OWNER@Addressing@G_OPS.sde\Addressing.Addressing_OWNER.Addressing\ADDRESS_POINTS FLOOR TEXT # # 12 FLOOR NULLABLE NON_REQUIRED #</Process><Process ToolSource="c:\program files (x86)\arcgis\desktop10.1\ArcToolbox\Toolboxes\Data Management Tools.tbx\AddField" Date="20130612" Time="123855">AddField S:\Projects\A1\PROD\Ops\OWNER@Addressing@G_OPS.sde\Addressing.Addressing_OWNER.Addressing\ADDRESS_POINTS MUNICIPALITY TEXT # # 50 MUNICIPALITY NULLABLE NON_REQUIRED #</Process><Process ToolSource="c:\program files (x86)\arcgis\desktop10.1\ArcToolbox\Toolboxes\Data Management Tools.tbx\AssignDomainToField" Date="20130612" Time="123857">AssignDomainToField S:\Projects\A1\PROD\Ops\OWNER@Addressing@G_OPS.sde\Addressing.Addressing_OWNER.Addressing\ADDRESS_POINTS MUNICIPALITY Municipality #</Process><Process ToolSource="c:\program files (x86)\arcgis\desktop10.1\ArcToolbox\Toolboxes\Data Management Tools.tbx\AddField" Date="20130612" Time="123859">AddField S:\Projects\A1\PROD\Ops\OWNER@Addressing@G_OPS.sde\Addressing.Addressing_OWNER.Addressing\ADDRESS_POINTS COUNTY TEXT # # 50 COUNTY NULLABLE NON_REQUIRED #</Process><Process ToolSource="c:\program files (x86)\arcgis\desktop10.1\ArcToolbox\Toolboxes\Data Management Tools.tbx\AssignDomainToField" Date="20130612" Time="123900">AssignDomainToField S:\Projects\A1\PROD\Ops\OWNER@Addressing@G_OPS.sde\Addressing.Addressing_OWNER.Addressing\ADDRESS_POINTS COUNTY County #</Process><Process ToolSource="c:\program files (x86)\arcgis\desktop10.1\ArcToolbox\Toolboxes\Data Management Tools.tbx\AddField" Date="20130612" Time="123902">AddField S:\Projects\A1\PROD\Ops\OWNER@Addressing@G_OPS.sde\Addressing.Addressing_OWNER.Addressing\ADDRESS_POINTS STATE TEXT # # 2 STATE NULLABLE NON_REQUIRED #</Process><Process ToolSource="c:\program files (x86)\arcgis\desktop10.1\ArcToolbox\Toolboxes\Data Management Tools.tbx\AssignDomainToField" Date="20130612" Time="123903">AssignDomainToField S:\Projects\A1\PROD\Ops\OWNER@Addressing@G_OPS.sde\Addressing.Addressing_OWNER.Addressing\ADDRESS_POINTS STATE State #</Process><Process ToolSource="c:\program files (x86)\arcgis\desktop10.1\ArcToolbox\Toolboxes\Data Management Tools.tbx\AddField" Date="20130612" Time="123905">AddField S:\Projects\A1\PROD\Ops\OWNER@Addressing@G_OPS.sde\Addressing.Addressing_OWNER.Addressing\ADDRESS_POINTS ZIP_CODE TEXT # # 10 ZIP_CODE NULLABLE NON_REQUIRED #</Process><Process ToolSource="c:\program files (x86)\arcgis\desktop10.1\ArcToolbox\Toolboxes\Data Management Tools.tbx\AddField" Date="20130612" Time="123906">AddField S:\Projects\A1\PROD\Ops\OWNER@Addressing@G_OPS.sde\Addressing.Addressing_OWNER.Addressing\ADDRESS_POINTS ZIP_CODE4 TEXT # # 4 ZIP_CODE4 NULLABLE NON_REQUIRED #</Process><Process ToolSource="c:\program files (x86)\arcgis\desktop10.1\ArcToolbox\Toolboxes\Data Management Tools.tbx\AddField" Date="20130612" Time="123908">AddField S:\Projects\A1\PROD\Ops\OWNER@Addressing@G_OPS.sde\Addressing.Addressing_OWNER.Addressing\ADDRESS_POINTS COMMENT TEXT # # 2000 COMMENT NULLABLE NON_REQUIRED #</Process><Process ToolSource="c:\program files (x86)\arcgis\desktop10.1\ArcToolbox\Toolboxes\Data Management Tools.tbx\AddField" Date="20130612" Time="123910">AddField S:\Projects\A1\PROD\Ops\OWNER@Addressing@G_OPS.sde\Addressing.Addressing_OWNER.Addressing\ADDRESS_POINTS EDIT_DATE DATE # # # EDIT_DATE NULLABLE NON_REQUIRED #</Process><Process ToolSource="c:\program files (x86)\arcgis\desktop10.1\ArcToolbox\Toolboxes\Data Management Tools.tbx\AddField" Date="20130612" Time="123912">AddField S:\Projects\A1\PROD\Ops\OWNER@Addressing@G_OPS.sde\Addressing.Addressing_OWNER.Addressing\ADDRESS_POINTS EDIT_USER TEXT # # 50 EDIT_USER NULLABLE NON_REQUIRED #</Process><Process ToolSource="c:\program files (x86)\arcgis\desktop10.1\ArcToolbox\Toolboxes\Data Management Tools.tbx\AddField" Date="20130612" Time="123913">AddField S:\Projects\A1\PROD\Ops\OWNER@Addressing@G_OPS.sde\Addressing.Addressing_OWNER.Addressing\ADDRESS_POINTS SOURCE TEXT # # 30 Source NULLABLE NON_REQUIRED #</Process><Process ToolSource="c:\program files (x86)\arcgis\desktop10.1\ArcToolbox\Toolboxes\Data Management Tools.tbx\AssignDomainToField" Date="20130612" Time="123915">AssignDomainToField S:\Projects\A1\PROD\Ops\OWNER@Addressing@G_OPS.sde\Addressing.Addressing_OWNER.Addressing\ADDRESS_POINTS SOURCE Source #</Process><Process ToolSource="c:\program files (x86)\arcgis\desktop10.1\ArcToolbox\Toolboxes\Data Management Tools.tbx\AddField" Date="20130612" Time="123917">AddField S:\Projects\A1\PROD\Ops\OWNER@Addressing@G_OPS.sde\Addressing.Addressing_OWNER.Addressing\ADDRESS_POINTS EXP_FLAG TEXT # # 5 "Exp Flag" NULLABLE NON_REQUIRED #</Process><Process ToolSource="c:\program files (x86)\arcgis\desktop10.1\ArcToolbox\Toolboxes\Data Management Tools.tbx\AddField" Date="20130612" Time="123918">AddField S:\Projects\A1\PROD\Ops\OWNER@Addressing@G_OPS.sde\Addressing.Addressing_OWNER.Addressing\ADDRESS_POINTS FULL_ADDRESS TEXT # # 128 "Full Address" NULLABLE NON_REQUIRED #</Process><Process ToolSource="c:\program files (x86)\arcgis\desktop10.1\ArcToolbox\Toolboxes\Data Management Tools.tbx\AddField" Date="20130612" Time="123920">AddField S:\Projects\A1\PROD\Ops\OWNER@Addressing@G_OPS.sde\Addressing.Addressing_OWNER.Addressing\ADDRESS_POINTS ENFORCE_VALIDATION TEXT # # 1 "Enforce Validation" NULLABLE NON_REQUIRED #</Process><Process ToolSource="c:\program files (x86)\arcgis\desktop10.1\ArcToolbox\Toolboxes\Data Management Tools.tbx\AssignDomainToField" Date="20130612" Time="123921">AssignDomainToField S:\Projects\A1\PROD\Ops\OWNER@Addressing@G_OPS.sde\Addressing.Addressing_OWNER.Addressing\ADDRESS_POINTS ENFORCE_VALIDATION YesNo #</Process><Process ToolSource="c:\program files (x86)\arcgis\desktop10.1\ArcToolbox\Toolboxes\Data Management Tools.tbx\AssignDefaultToField" Date="20130612" Time="123923">AssignDefaultToField S:\Projects\A1\PROD\Ops\OWNER@Addressing@G_OPS.sde\Addressing.Addressing_OWNER.Addressing\ADDRESS_POINTS ENFORCE_VALIDATION Y #</Process><Process ToolSource="c:\program files (x86)\arcgis\desktop10.1\ArcToolbox\Toolboxes\Data Management Tools.tbx\AddField" Date="20130612" Time="123925">AddField S:\Projects\A1\PROD\Ops\OWNER@Addressing@G_OPS.sde\Addressing.Addressing_OWNER.Addressing\ADDRESS_POINTS SOURCE_ID LONG # # # # NULLABLE NON_REQUIRED #</Process><Process ToolSource="c:\program files (x86)\arcgis\desktop10.1\ArcToolbox\Toolboxes\Data Management Tools.tbx\AddIndex" Date="20130612" Time="123927">AddIndex S:\Projects\A1\PROD\Ops\OWNER@Addressing@G_OPS.sde\Addressing.Addressing_OWNER.Addressing\ADDRESS_POINTS EDIT_DATE IX_AP_ED NON_UNIQUE NON_ASCENDING</Process><Process ToolSource="c:\program files (x86)\arcgis\desktop10.1\ArcToolbox\Toolboxes\Data Management Tools.tbx\AssignDomainToField" Date="20130612" Time="124226">AssignDomainToField S:\Projects\A1\PROD\Ops\OWNER@Addressing@G_OPS.sde\ADDRESS_POINTS ENFORCE_VALIDATION YesNo #</Process><Process ToolSource="c:\program files (x86)\arcgis\desktop10.1\ArcToolbox\Toolboxes\Data Management Tools.tbx\AssignDefaultToField" Date="20130612" Time="124228">AssignDefaultToField S:\Projects\A1\PROD\Ops\OWNER@Addressing@G_OPS.sde\ADDRESS_POINTS ENFORCE_VALIDATION Y #</Process><Process ToolSource="c:\program files (x86)\arcgis\desktop10.1\ArcToolbox\Toolboxes\Data Management Tools.tbx\Append" Date="20130612" Time="142542">Append S:\Projects\A1\PROD\Ops\OWNER@Addressing@G_OPS.sde\Addressing.ADDRESSING_OWNER.Addressing\Addressing.ADDRESSING_OWNER.COUNTY_CO_ADDRESS_POINTS_Display S:\Projects\A1\PROD\Ops\OWNER@Addressing@G_OPS.sde\Addressing.ADDRESSING_OWNER.Addressing\Addressing.ADDRESSING_OWNER.ADDRESS_POINTS NO_TEST "FEATURE_KEY "FEATURE_KEY" true true false 4 Long 0 10 ,First,#;ADDRESS_ID "ADDRESS_ID" true true false 4 Long 0 10 ,First,#;PARENT_ID "PARENT_ID" true true false 4 Long 0 10 ,First,#;STREET_ID "STREET_ID" true true false 4 Long 0 10 ,First,#;DUP_STREET_ID "DUP_STREET_ID" true true false 4 Long 0 10 ,First,#;ADDRESS_TYPE "ADDRESS_TYPE" true true false 2 Short 0 5 ,First,#;STATUS "STATUS" true true false 20 Text 0 0 ,First,#;ADDR_NUM_PREFIX "ADDR_NUM_PREFIX" true true false 12 Text 0 0 ,First,#;ADDR_NUM "ADDR_NUM" true true false 12 Text 0 0 ,First,#,S:\Projects\A1\PROD\Ops\OWNER@Addressing@G_OPS.sde\Addressing.ADDRESSING_OWNER.Addressing\Addressing.ADDRESSING_OWNER.COUNTY_CO_ADDRESS_POINTS_Display,ADDR_NUM,-1,-1;ADDR_NUM_SUFFIX "ADDR_NUM_SUFFIX" true true false 12 Text 0 0 ,First,#;ST_PREMODIFIER "ST_PREMODIFIER" true true false 12 Text 0 0 ,First,#;ST_PREFIX "ST_PREFIX" true true false 2 Text 0 0 ,First,#,S:\Projects\A1\PROD\Ops\OWNER@Addressing@G_OPS.sde\Addressing.ADDRESSING_OWNER.Addressing\Addressing.ADDRESSING_OWNER.COUNTY_CO_ADDRESS_POINTS_Display,ST_PREFIX,-1,-1;ST_PRETYPE "ST_PRETYPE" true true false 12 Text 0 0 ,First,#;ST_NAME "ST_NAME" true true false 50 Text 0 0 ,First,#,S:\Projects\A1\PROD\Ops\OWNER@Addressing@G_OPS.sde\Addressing.ADDRESSING_OWNER.Addressing\Addressing.ADDRESSING_OWNER.COUNTY_CO_ADDRESS_POINTS_Display,ST_NAME,-1,-1;ST_TYPE "ST_TYPE" true true false 8 Text 0 0 ,First,#,S:\Projects\A1\PROD\Ops\OWNER@Addressing@G_OPS.sde\Addressing.ADDRESSING_OWNER.Addressing\Addressing.ADDRESSING_OWNER.COUNTY_CO_ADDRESS_POINTS_Display,ST_TYPE,-1,-1;ST_SUFFIX "ST_SUFFIX" true true false 2 Text 0 0 ,First,#,S:\Projects\A1\PROD\Ops\OWNER@Addressing@G_OPS.sde\Addressing.ADDRESSING_OWNER.Addressing\Addressing.ADDRESSING_OWNER.COUNTY_CO_ADDRESS_POINTS_Display,ST_SUFFIX,-1,-1;ST_POSTMODIFIER "ST_POSTMODIFIER" true true false 12 Text 0 0 ,First,#;UNIT_TYPE "UNIT_TYPE" true true false 12 Text 0 0 ,First,#;UNIT "UNIT" true true false 12 Text 0 0 ,First,#;FLOOR "FLOOR" true true false 12 Text 0 0 ,First,#;MUNICIPALITY "MUNICIPALITY" true true false 50 Text 0 0 ,First,#,S:\Projects\A1\PROD\Ops\OWNER@Addressing@G_OPS.sde\Addressing.ADDRESSING_OWNER.Addressing\Addressing.ADDRESSING_OWNER.COUNTY_CO_ADDRESS_POINTS_Display,MUNICIPALITY,-1,-1;COUNTY "COUNTY" true true false 50 Text 0 0 ,First,#;STATE "STATE" true true false 2 Text 0 0 ,First,#;ZIP_CODE "ZIP_CODE" true true false 10 Text 0 0 ,First,#,S:\Projects\A1\PROD\Ops\OWNER@Addressing@G_OPS.sde\Addressing.ADDRESSING_OWNER.Addressing\Addressing.ADDRESSING_OWNER.COUNTY_CO_ADDRESS_POINTS_Display,ZIP_CODE,-1,-1;ZIP_CODE4 "ZIP_CODE4" true true false 4 Text 0 0 ,First,#;COMMENT "COMMENT" true true false 2000 Text 0 0 ,First,#;EDIT_DATE "EDIT_DATE" true true false 36 Date 0 0 ,First,#,S:\Projects\A1\PROD\Ops\OWNER@Addressing@G_OPS.sde\Addressing.ADDRESSING_OWNER.Addressing\Addressing.ADDRESSING_OWNER.COUNTY_CO_ADDRESS_POINTS_Display,ModifiedOn,-1,-1;EDIT_USER "EDIT_USER" true true false 50 Text 0 0 ,First,#,S:\Projects\A1\PROD\Ops\OWNER@Addressing@G_OPS.sde\Addressing.ADDRESSING_OWNER.Addressing\Addressing.ADDRESSING_OWNER.COUNTY_CO_ADDRESS_POINTS_Display,ModifiedBy,-1,-1;SOURCE "Source" true true false 30 Text 0 0 ,First,#,S:\Projects\A1\PROD\Ops\OWNER@Addressing@G_OPS.sde\Addressing.ADDRESSING_OWNER.Addressing\Addressing.ADDRESSING_OWNER.COUNTY_CO_ADDRESS_POINTS_Display,SOURCE,-1,-1;EXP_FLAG "Exp Flag" true true false 5 Text 0 0 ,First,#,S:\Projects\A1\PROD\Ops\OWNER@Addressing@G_OPS.sde\Addressing.ADDRESSING_OWNER.Addressing\Addressing.ADDRESSING_OWNER.COUNTY_CO_ADDRESS_POINTS_Display,EXP_FLAG,-1,-1;FULL_ADDRESS "Full Address" true true false 128 Text 0 0 ,First,#,S:\Projects\A1\PROD\Ops\OWNER@Addressing@G_OPS.sde\Addressing.ADDRESSING_OWNER.Addressing\Addressing.ADDRESSING_OWNER.COUNTY_CO_ADDRESS_POINTS_Display,FULL_ADDRESS,-1,-1;ENFORCE_VALIDATION "Enforce Validation" true true false 1 Text 0 0 ,First,#;SOURCE_ID "SOURCE_ID" true true false 4 Long 0 10 ,First,#" #</Process><Process ToolSource="c:\program files (x86)\arcgis\desktop10.1\ArcToolbox\Toolboxes\Data Management Tools.tbx\AssignDomainToField" Date="20130613" Time="151015">AssignDomainToField S:\Projects\A1\PROD\Ops\OWNER@Addressing@G_OPS.sde\ADDRESS_POINTS ENFORCE_VALIDATION YesNo #</Process><Process ToolSource="c:\program files (x86)\arcgis\desktop10.1\ArcToolbox\Toolboxes\Data Management Tools.tbx\AssignDefaultToField" Date="20130613" Time="151017">AssignDefaultToField S:\Projects\A1\PROD\Ops\OWNER@Addressing@G_OPS.sde\ADDRESS_POINTS ENFORCE_VALIDATION Y #</Process><Process ToolSource="c:\program files (x86)\arcgis\desktop10.1\ArcToolbox\Toolboxes\Data Management Tools.tbx\AssignDomainToField" Date="20130613" Time="154717">AssignDomainToField S:\Projects\A1\PROD\Ops\OWNER@Addressing@G_OPS.sde\Addressing.Addressing_OWNER.Addressing\ADDRESS_POINTS ADDRESS_TYPE AddressType #</Process><Process ToolSource="c:\program files (x86)\arcgis\desktop10.1\ArcToolbox\Toolboxes\Data Management Tools.tbx\AssignDefaultToField" Date="20130613" Time="154719">AssignDefaultToField S:\Projects\A1\PROD\Ops\OWNER@Addressing@G_OPS.sde\Addressing.Addressing_OWNER.Addressing\ADDRESS_POINTS ADDRESS_TYPE 0 #</Process><Process ToolSource="c:\program files (x86)\arcgis\desktop10.1\ArcToolbox\Toolboxes\Data Management Tools.tbx\AssignDomainToField" Date="20130613" Time="154721">AssignDomainToField S:\Projects\A1\PROD\Ops\OWNER@Addressing@G_OPS.sde\Addressing.Addressing_OWNER.Addressing\ADDRESS_POINTS STATUS AddressStatus #</Process><Process ToolSource="c:\program files (x86)\arcgis\desktop10.1\ArcToolbox\Toolboxes\Data Management Tools.tbx\AssignDomainToField" Date="20130613" Time="154725">AssignDomainToField S:\Projects\A1\PROD\Ops\OWNER@Addressing@G_OPS.sde\Addressing.Addressing_OWNER.Addressing\ADDRESS_POINTS ST_PREMODIFIER PreModifier #</Process><Process ToolSource="c:\program files (x86)\arcgis\desktop10.1\ArcToolbox\Toolboxes\Data Management Tools.tbx\AssignDomainToField" Date="20130613" Time="154727">AssignDomainToField S:\Projects\A1\PROD\Ops\OWNER@Addressing@G_OPS.sde\Addressing.Addressing_OWNER.Addressing\ADDRESS_POINTS ST_PREFIX Prefix #</Process><Process ToolSource="c:\program files (x86)\arcgis\desktop10.1\ArcToolbox\Toolboxes\Data Management Tools.tbx\AssignDomainToField" Date="20130613" Time="154729">AssignDomainToField S:\Projects\A1\PROD\Ops\OWNER@Addressing@G_OPS.sde\Addressing.Addressing_OWNER.Addressing\ADDRESS_POINTS ST_PRETYPE PreType #</Process><Process ToolSource="c:\program files (x86)\arcgis\desktop10.1\ArcToolbox\Toolboxes\Data Management Tools.tbx\AssignDomainToField" Date="20130613" Time="154732">AssignDomainToField S:\Projects\A1\PROD\Ops\OWNER@Addressing@G_OPS.sde\Addressing.Addressing_OWNER.Addressing\ADDRESS_POINTS ST_TYPE StreetType #</Process><Process ToolSource="c:\program files (x86)\arcgis\desktop10.1\ArcToolbox\Toolboxes\Data Management Tools.tbx\AssignDomainToField" Date="20130613" Time="154734">AssignDomainToField S:\Projects\A1\PROD\Ops\OWNER@Addressing@G_OPS.sde\Addressing.Addressing_OWNER.Addressing\ADDRESS_POINTS ST_SUFFIX Suffix #</Process><Process ToolSource="c:\program files (x86)\arcgis\desktop10.1\ArcToolbox\Toolboxes\Data Management Tools.tbx\AssignDomainToField" Date="20130613" Time="154736">AssignDomainToField S:\Projects\A1\PROD\Ops\OWNER@Addressing@G_OPS.sde\Addressing.Addressing_OWNER.Addressing\ADDRESS_POINTS ST_POSTMODIFIER PostModifier #</Process><Process ToolSource="c:\program files (x86)\arcgis\desktop10.1\ArcToolbox\Toolboxes\Data Management Tools.tbx\AssignDomainToField" Date="20130613" Time="154738">AssignDomainToField S:\Projects\A1\PROD\Ops\OWNER@Addressing@G_OPS.sde\Addressing.Addressing_OWNER.Addressing\ADDRESS_POINTS UNIT_TYPE UnitType #</Process><Process ToolSource="c:\program files (x86)\arcgis\desktop10.1\ArcToolbox\Toolboxes\Data Management Tools.tbx\AssignDomainToField" Date="20130613" Time="154741">AssignDomainToField S:\Projects\A1\PROD\Ops\OWNER@Addressing@G_OPS.sde\Addressing.Addressing_OWNER.Addressing\ADDRESS_POINTS MUNICIPALITY Municipality #</Process><Process ToolSource="c:\program files (x86)\arcgis\desktop10.1\ArcToolbox\Toolboxes\Data Management Tools.tbx\AssignDomainToField" Date="20130613" Time="154744">AssignDomainToField S:\Projects\A1\PROD\Ops\OWNER@Addressing@G_OPS.sde\Addressing.Addressing_OWNER.Addressing\ADDRESS_POINTS COUNTY County #</Process><Process ToolSource="c:\program files (x86)\arcgis\desktop10.1\ArcToolbox\Toolboxes\Data Management Tools.tbx\AssignDomainToField" Date="20130613" Time="154746">AssignDomainToField S:\Projects\A1\PROD\Ops\OWNER@Addressing@G_OPS.sde\Addressing.Addressing_OWNER.Addressing\ADDRESS_POINTS STATE State #</Process><Process ToolSource="c:\program files (x86)\arcgis\desktop10.1\ArcToolbox\Toolboxes\Data Management Tools.tbx\AssignDomainToField" Date="20130613" Time="154751">AssignDomainToField S:\Projects\A1\PROD\Ops\OWNER@Addressing@G_OPS.sde\Addressing.Addressing_OWNER.Addressing\ADDRESS_POINTS SOURCE Source #</Process><Process ToolSource="c:\program files (x86)\arcgis\desktop10.1\ArcToolbox\Toolboxes\Data Management Tools.tbx\AssignDomainToField" Date="20130613" Time="154754">AssignDomainToField S:\Projects\A1\PROD\Ops\OWNER@Addressing@G_OPS.sde\Addressing.Addressing_OWNER.Addressing\ADDRESS_POINTS ENFORCE_VALIDATION YesNo #</Process><Process ToolSource="c:\program files (x86)\arcgis\desktop10.1\ArcToolbox\Toolboxes\Data Management Tools.tbx\AssignDefaultToField" Date="20130613" Time="154755">AssignDefaultToField S:\Projects\A1\PROD\Ops\OWNER@Addressing@G_OPS.sde\Addressing.Addressing_OWNER.Addressing\ADDRESS_POINTS ENFORCE_VALIDATION Y #</Process><Process ToolSource="c:\program files (x86)\arcgis\desktop10.1\ArcToolbox\Toolboxes\Data Management Tools.tbx\AddField" Date="20130613" Time="154757">AddField S:\Projects\A1\PROD\Ops\OWNER@Addressing@G_OPS.sde\Addressing.Addressing_OWNER.Addressing\ADDRESS_POINTS SOURCE_ID LONG # # # # NULLABLE NON_REQUIRED #</Process><Process ToolSource="c:\program files (x86)\arcgis\desktop10.1\ArcToolbox\Toolboxes\Data Management Tools.tbx\AddField" Date="20130613" Time="162434">AddField S:\Projects\A1\PROD\Ops\OWNER@Addressing@G_OPS.sde\Addressing/Address_Points ST_SUFFIX_X TEXT # # 4 Suffix NULLABLE NON_REQUIRED Suffix</Process><Process ToolSource="c:\program files (x86)\arcgis\desktop10.1\ArcToolbox\Toolboxes\Data Management Tools.tbx\AddField" Date="20130613" Time="162551">AddField S:\Projects\A1\PROD\Ops\OWNER@Addressing@G_OPS.sde\Addressing/Address_Points ST_SUFFIX_X TEXT # # 4 Suffix NULLABLE NON_REQUIRED Suffix</Process><Process ToolSource="c:\program files (x86)\arcgis\desktop10.1\ArcToolbox\Toolboxes\Data Management Tools.tbx\AddField" Date="20130613" Time="173731">AddField S:\Projects\A1\PROD\Ops\OWNER@Addressing@G_OPS.sde\Addressing/Address_Points ST_SUFFIX_X TEXT # # 4 Suffix NULLABLE NON_REQUIRED Suffix</Process><Process ToolSource="c:\program files (x86)\arcgis\desktop10.1\ArcToolbox\Toolboxes\Data Management Tools.tbx\AddField" Date="20130613" Time="173755">AddField S:\Projects\A1\PROD\Ops\OWNER@Addressing@G_OPS.sde\Addressing/Address_Points ST_SUFFIX_X TEXT # # 4 Suffix NULLABLE NON_REQUIRED Suffix</Process><Process ToolSource="c:\program files (x86)\arcgis\desktop10.1\ArcToolbox\Toolboxes\Data Management Tools.tbx\DeleteField" Date="20130613" Time="174200">DeleteField S:\Projects\A1\PROD\Ops\OWNER@Addressing@G_OPS.sde\Addressing/Address_Points ST_SUFFIX</Process><Process ToolSource="c:\program files (x86)\arcgis\desktop10.1\ArcToolbox\Toolboxes\Data Management Tools.tbx\AddField" Date="20130613" Time="174201">AddField S:\Projects\A1\PROD\Ops\OWNER@Addressing@G_OPS.sde\Addressing/Address_Points ST_SUFFIX TEXT # # 4 Suffix NULLABLE NON_REQUIRED Suffix</Process><Process ToolSource="c:\program files (x86)\arcgis\desktop10.1\ArcToolbox\Toolboxes\Data Management Tools.tbx\DeleteField" Date="20130613" Time="174344">DeleteField S:\Projects\A1\PROD\Ops\OWNER@Addressing@G_OPS.sde\Addressing/Address_Points ST_SUFFIX_X</Process><Process ToolSource="c:\program files (x86)\arcgis\desktop10.1\ArcToolbox\Toolboxes\Data Management Tools.tbx\AssignDomainToField" Date="20130613" Time="175804">AssignDomainToField S:\Projects\A1\PROD\Ops\OWNER@Addressing@G_OPS.sde\Addressing.Addressing_OWNER.Addressing\ADDRESS_POINTS ADDRESS_TYPE AddressType #</Process><Process ToolSource="c:\program files (x86)\arcgis\desktop10.1\ArcToolbox\Toolboxes\Data Management Tools.tbx\AssignDefaultToField" Date="20130613" Time="175805">AssignDefaultToField S:\Projects\A1\PROD\Ops\OWNER@Addressing@G_OPS.sde\Addressing.Addressing_OWNER.Addressing\ADDRESS_POINTS ADDRESS_TYPE 0 #</Process><Process ToolSource="c:\program files (x86)\arcgis\desktop10.1\ArcToolbox\Toolboxes\Data Management Tools.tbx\AssignDomainToField" Date="20130613" Time="175808">AssignDomainToField S:\Projects\A1\PROD\Ops\OWNER@Addressing@G_OPS.sde\Addressing.Addressing_OWNER.Addressing\ADDRESS_POINTS STATUS AddressStatus #</Process><Process ToolSource="c:\program files (x86)\arcgis\desktop10.1\ArcToolbox\Toolboxes\Data Management Tools.tbx\AssignDomainToField" Date="20130613" Time="175812">AssignDomainToField S:\Projects\A1\PROD\Ops\OWNER@Addressing@G_OPS.sde\Addressing.Addressing_OWNER.Addressing\ADDRESS_POINTS ST_PREMODIFIER PreModifier #</Process><Process ToolSource="c:\program files (x86)\arcgis\desktop10.1\ArcToolbox\Toolboxes\Data Management Tools.tbx\AssignDomainToField" Date="20130613" Time="175814">AssignDomainToField S:\Projects\A1\PROD\Ops\OWNER@Addressing@G_OPS.sde\Addressing.Addressing_OWNER.Addressing\ADDRESS_POINTS ST_PREFIX Prefix #</Process><Process ToolSource="c:\program files (x86)\arcgis\desktop10.1\ArcToolbox\Toolboxes\Data Management Tools.tbx\AssignDomainToField" Date="20130613" Time="175816">AssignDomainToField S:\Projects\A1\PROD\Ops\OWNER@Addressing@G_OPS.sde\Addressing.Addressing_OWNER.Addressing\ADDRESS_POINTS ST_PRETYPE PreType #</Process><Process ToolSource="c:\program files (x86)\arcgis\desktop10.1\ArcToolbox\Toolboxes\Data Management Tools.tbx\AssignDomainToField" Date="20130613" Time="175819">AssignDomainToField S:\Projects\A1\PROD\Ops\OWNER@Addressing@G_OPS.sde\Addressing.Addressing_OWNER.Addressing\ADDRESS_POINTS ST_TYPE StreetType #</Process><Process ToolSource="c:\program files (x86)\arcgis\desktop10.1\ArcToolbox\Toolboxes\Data Management Tools.tbx\AssignDomainToField" Date="20130613" Time="175821">AssignDomainToField S:\Projects\A1\PROD\Ops\OWNER@Addressing@G_OPS.sde\Addressing.Addressing_OWNER.Addressing\ADDRESS_POINTS ST_SUFFIX Suffix #</Process><Process ToolSource="c:\program files (x86)\arcgis\desktop10.1\ArcToolbox\Toolboxes\Data Management Tools.tbx\AssignDomainToField" Date="20130613" Time="175823">AssignDomainToField S:\Projects\A1\PROD\Ops\OWNER@Addressing@G_OPS.sde\Addressing.Addressing_OWNER.Addressing\ADDRESS_POINTS ST_POSTMODIFIER PostModifier #</Process><Process ToolSource="c:\program files (x86)\arcgis\desktop10.1\ArcToolbox\Toolboxes\Data Management Tools.tbx\AssignDomainToField" Date="20130613" Time="175826">AssignDomainToField S:\Projects\A1\PROD\Ops\OWNER@Addressing@G_OPS.sde\Addressing.Addressing_OWNER.Addressing\ADDRESS_POINTS UNIT_TYPE UnitType #</Process><Process ToolSource="c:\program files (x86)\arcgis\desktop10.1\ArcToolbox\Toolboxes\Data Management Tools.tbx\AssignDomainToField" Date="20130613" Time="175829">AssignDomainToField S:\Projects\A1\PROD\Ops\OWNER@Addressing@G_OPS.sde\Addressing.Addressing_OWNER.Addressing\ADDRESS_POINTS MUNICIPALITY Municipality #</Process><Process ToolSource="c:\program files (x86)\arcgis\desktop10.1\ArcToolbox\Toolboxes\Data Management Tools.tbx\AssignDomainToField" Date="20130613" Time="175832">AssignDomainToField S:\Projects\A1\PROD\Ops\OWNER@Addressing@G_OPS.sde\Addressing.Addressing_OWNER.Addressing\ADDRESS_POINTS COUNTY County #</Process><Process ToolSource="c:\program files (x86)\arcgis\desktop10.1\ArcToolbox\Toolboxes\Data Management Tools.tbx\AssignDomainToField" Date="20130613" Time="175834">AssignDomainToField S:\Projects\A1\PROD\Ops\OWNER@Addressing@G_OPS.sde\Addressing.Addressing_OWNER.Addressing\ADDRESS_POINTS STATE State #</Process><Process ToolSource="c:\program files (x86)\arcgis\desktop10.1\ArcToolbox\Toolboxes\Data Management Tools.tbx\AssignDomainToField" Date="20130613" Time="175840">AssignDomainToField S:\Projects\A1\PROD\Ops\OWNER@Addressing@G_OPS.sde\Addressing.Addressing_OWNER.Addressing\ADDRESS_POINTS SOURCE Source #</Process><Process ToolSource="c:\program files (x86)\arcgis\desktop10.1\ArcToolbox\Toolboxes\Data Management Tools.tbx\AssignDomainToField" Date="20130613" Time="175843">AssignDomainToField S:\Projects\A1\PROD\Ops\OWNER@Addressing@G_OPS.sde\Addressing.Addressing_OWNER.Addressing\ADDRESS_POINTS ENFORCE_VALIDATION YesNo #</Process><Process ToolSource="c:\program files (x86)\arcgis\desktop10.1\ArcToolbox\Toolboxes\Data Management Tools.tbx\AssignDefaultToField" Date="20130613" Time="175845">AssignDefaultToField S:\Projects\A1\PROD\Ops\OWNER@Addressing@G_OPS.sde\Addressing.Addressing_OWNER.Addressing\ADDRESS_POINTS ENFORCE_VALIDATION Y #</Process><Process ToolSource="c:\program files (x86)\arcgis\desktop10.1\ArcToolbox\Toolboxes\Data Management Tools.tbx\AssignDomainToField" Date="20130613" Time="180720">AssignDomainToField S:\Projects\A1\PROD\Ops\OWNER@Addressing@G_OPS.sde\ADDRESS_POINTS ENFORCE_VALIDATION YesNo #</Process><Process ToolSource="c:\program files (x86)\arcgis\desktop10.1\ArcToolbox\Toolboxes\Data Management Tools.tbx\AssignDefaultToField" Date="20130613" Time="180721">AssignDefaultToField S:\Projects\A1\PROD\Ops\OWNER@Addressing@G_OPS.sde\ADDRESS_POINTS ENFORCE_VALIDATION Y #</Process><Process ToolSource="c:\program files (x86)\arcgis\desktop10.1\ArcToolbox\Toolboxes\Data Management Tools.tbx\AssignDomainToField" Date="20130613" Time="181521">AssignDomainToField S:\Projects\A1\PROD\Ops\OWNER@Addressing@G_OPS.sde\Addressing.Addressing_OWNER.Addressing\ADDRESS_POINTS ADDRESS_TYPE AddressType #</Process><Process ToolSource="c:\program files (x86)\arcgis\desktop10.1\ArcToolbox\Toolboxes\Data Management Tools.tbx\AssignDefaultToField" Date="20130613" Time="181522">AssignDefaultToField S:\Projects\A1\PROD\Ops\OWNER@Addressing@G_OPS.sde\Addressing.Addressing_OWNER.Addressing\ADDRESS_POINTS ADDRESS_TYPE 0 #</Process><Process ToolSource="c:\program files (x86)\arcgis\desktop10.1\ArcToolbox\Toolboxes\Data Management Tools.tbx\AssignDomainToField" Date="20130613" Time="181523">AssignDomainToField S:\Projects\A1\PROD\Ops\OWNER@Addressing@G_OPS.sde\Addressing.Addressing_OWNER.Addressing\ADDRESS_POINTS STATUS AddressStatus #</Process><Process ToolSource="c:\program files (x86)\arcgis\desktop10.1\ArcToolbox\Toolboxes\Data Management Tools.tbx\AssignDomainToField" Date="20130613" Time="181527">AssignDomainToField S:\Projects\A1\PROD\Ops\OWNER@Addressing@G_OPS.sde\Addressing.Addressing_OWNER.Addressing\ADDRESS_POINTS ST_PREMODIFIER PreModifier #</Process><Process ToolSource="c:\program files (x86)\arcgis\desktop10.1\ArcToolbox\Toolboxes\Data Management Tools.tbx\AssignDomainToField" Date="20130613" Time="181528">AssignDomainToField S:\Projects\A1\PROD\Ops\OWNER@Addressing@G_OPS.sde\Addressing.Addressing_OWNER.Addressing\ADDRESS_POINTS ST_PREFIX Prefix #</Process><Process ToolSource="c:\program files (x86)\arcgis\desktop10.1\ArcToolbox\Toolboxes\Data Management Tools.tbx\AssignDomainToField" Date="20130613" Time="181530">AssignDomainToField S:\Projects\A1\PROD\Ops\OWNER@Addressing@G_OPS.sde\Addressing.Addressing_OWNER.Addressing\ADDRESS_POINTS ST_PRETYPE PreType #</Process><Process ToolSource="c:\program files (x86)\arcgis\desktop10.1\ArcToolbox\Toolboxes\Data Management Tools.tbx\AssignDomainToField" Date="20130613" Time="181532">AssignDomainToField S:\Projects\A1\PROD\Ops\OWNER@Addressing@G_OPS.sde\Addressing.Addressing_OWNER.Addressing\ADDRESS_POINTS ST_TYPE StreetType #</Process><Process ToolSource="c:\program files (x86)\arcgis\desktop10.1\ArcToolbox\Toolboxes\Data Management Tools.tbx\AssignDomainToField" Date="20130613" Time="181534">AssignDomainToField S:\Projects\A1\PROD\Ops\OWNER@Addressing@G_OPS.sde\Addressing.Addressing_OWNER.Addressing\ADDRESS_POINTS ST_SUFFIX Suffix #</Process><Process ToolSource="c:\program files (x86)\arcgis\desktop10.1\ArcToolbox\Toolboxes\Data Management Tools.tbx\AssignDomainToField" Date="20130613" Time="181536">AssignDomainToField S:\Projects\A1\PROD\Ops\OWNER@Addressing@G_OPS.sde\Addressing.Addressing_OWNER.Addressing\ADDRESS_POINTS ST_POSTMODIFIER PostModifier #</Process><Process ToolSource="c:\program files (x86)\arcgis\desktop10.1\ArcToolbox\Toolboxes\Data Management Tools.tbx\AssignDomainToField" Date="20130613" Time="181538">AssignDomainToField S:\Projects\A1\PROD\Ops\OWNER@Addressing@G_OPS.sde\Addressing.Addressing_OWNER.Addressing\ADDRESS_POINTS UNIT_TYPE UnitType #</Process><Process ToolSource="c:\program files (x86)\arcgis\desktop10.1\ArcToolbox\Toolboxes\Data Management Tools.tbx\AssignDomainToField" Date="20130613" Time="181541">AssignDomainToField S:\Projects\A1\PROD\Ops\OWNER@Addressing@G_OPS.sde\Addressing.Addressing_OWNER.Addressing\ADDRESS_POINTS MUNICIPALITY Municipality #</Process><Process ToolSource="c:\program files (x86)\arcgis\desktop10.1\ArcToolbox\Toolboxes\Data Management Tools.tbx\AssignDomainToField" Date="20130613" Time="181543">AssignDomainToField S:\Projects\A1\PROD\Ops\OWNER@Addressing@G_OPS.sde\Addressing.Addressing_OWNER.Addressing\ADDRESS_POINTS COUNTY County #</Process><Process ToolSource="c:\program files (x86)\arcgis\desktop10.1\ArcToolbox\Toolboxes\Data Management Tools.tbx\AssignDomainToField" Date="20130613" Time="181545">AssignDomainToField S:\Projects\A1\PROD\Ops\OWNER@Addressing@G_OPS.sde\Addressing.Addressing_OWNER.Addressing\ADDRESS_POINTS STATE State #</Process><Process ToolSource="c:\program files (x86)\arcgis\desktop10.1\ArcToolbox\Toolboxes\Data Management Tools.tbx\AssignDomainToField" Date="20130613" Time="181550">AssignDomainToField S:\Projects\A1\PROD\Ops\OWNER@Addressing@G_OPS.sde\Addressing.Addressing_OWNER.Addressing\ADDRESS_POINTS SOURCE Source #</Process><Process ToolSource="c:\program files (x86)\arcgis\desktop10.1\ArcToolbox\Toolboxes\Data Management Tools.tbx\AssignDomainToField" Date="20130613" Time="181553">AssignDomainToField S:\Projects\A1\PROD\Ops\OWNER@Addressing@G_OPS.sde\Addressing.Addressing_OWNER.Addressing\ADDRESS_POINTS ENFORCE_VALIDATION YesNo #</Process><Process ToolSource="c:\program files (x86)\arcgis\desktop10.1\ArcToolbox\Toolboxes\Data Management Tools.tbx\AssignDefaultToField" Date="20130613" Time="181554">AssignDefaultToField S:\Projects\A1\PROD\Ops\OWNER@Addressing@G_OPS.sde\Addressing.Addressing_OWNER.Addressing\ADDRESS_POINTS ENFORCE_VALIDATION Y #</Process><Process ToolSource="c:\program files (x86)\arcgis\desktop10.1\ArcToolbox\Toolboxes\Data Management Tools.tbx\AssignDomainToField" Date="20130613" Time="182701">AssignDomainToField S:\Projects\A1\PROD\Ops\OWNER@Addressing@G_OPS.sde\ADDRESS_POINTS ENFORCE_VALIDATION YesNo #</Process><Process ToolSource="c:\program files (x86)\arcgis\desktop10.1\ArcToolbox\Toolboxes\Data Management Tools.tbx\AssignDefaultToField" Date="20130613" Time="182702">AssignDefaultToField S:\Projects\A1\PROD\Ops\OWNER@Addressing@G_OPS.sde\ADDRESS_POINTS ENFORCE_VALIDATION Y #</Process><Process ToolSource="c:\program files (x86)\arcgis\desktop10.1\ArcToolbox\Toolboxes\Data Management Tools.tbx\CopyFeatures" Date="20131227" Time="090719">CopyFeatures \\entfsh01\fsh01_gis$\DCSGIS\Projects\CountyDepts\DCS\EDME\Addressing\PROD\DW\Public@Addressing@g_dw.sde\addressing.ADDRESSING_OWNER.Addressing\addressing.ADDRESSING_OWNER.ADDRESS_POINTS \\entfsh01\fsh01_gis$\DCSGIS\Projects\CountyDepts\DCS\DB_Maint\Admin_Conns\GIS_ADMIN@Alco_PUB@sqlinst1(DC).sde\ALCO_PUB.DBO.ADDRESS_POINTS # 0 0 0</Process><Process Name="Delete Rows in PUB ADDRESSPOINTS" ToolSource="c:\program files (x86)\arcgis\desktop10.1\ArcToolbox\Toolboxes\Data Management Tools.tbx\DeleteRows" Date="20140112" Time="215027">DeleteRows \\entfsh01\fsh01_gis$\DCSGIS\Projects\CountyDepts\DCS\DB_Maint\Admin_Conns\GIS_ADMIN@Alco_PUB@sqlinst1(DC).sde\ALCO_PUB.DBO.ADDRESS_POINTS</Process><Process Name="Append PROD PARCELS to Empty PUB ADDRESSPOINTS Table" ToolSource="c:\program files (x86)\arcgis\desktop10.1\ArcToolbox\Toolboxes\Data Management Tools.tbx\Append" Date="20140112" Time="215954">Append \\entgiswrkv1\DataStore\EGDB_Cons\DW_VIEWER@Addressing@g_dw.sde\addressing.ADDRESSING_OWNER.Addressing\addressing.ADDRESSING_OWNER.ADDRESS_POINTS \\entfsh01\fsh01_gis$\DCSGIS\Projects\CountyDepts\DCS\DB_Maint\Admin_Conns\GIS_ADMIN@Alco_PUB@sqlinst1(DC).sde\ALCO_PUB.DBO.ADDRESS_POINTS NO_TEST "FEATURE_KEY "FEATURE_KEY" true true false 4 Long 0 10 ,First,#,\\entgiswrkv1\DataStore\EGDB_Cons\DW_VIEWER@Addressing@g_dw.sde\addressing.ADDRESSING_OWNER.Addressing\addressing.ADDRESSING_OWNER.ADDRESS_POINTS,FEATURE_KEY,-1,-1;ADDRESS_ID "ADDRESS_ID" true true false 4 Long 0 10 ,First,#,\\entgiswrkv1\DataStore\EGDB_Cons\DW_VIEWER@Addressing@g_dw.sde\addressing.ADDRESSING_OWNER.Addressing\addressing.ADDRESSING_OWNER.ADDRESS_POINTS,ADDRESS_ID,-1,-1;PARENT_ID "PARENT_ID" true true false 4 Long 0 10 ,First,#,\\entgiswrkv1\DataStore\EGDB_Cons\DW_VIEWER@Addressing@g_dw.sde\addressing.ADDRESSING_OWNER.Addressing\addressing.ADDRESSING_OWNER.ADDRESS_POINTS,PARENT_ID,-1,-1;STREET_ID "STREET_ID" true true false 4 Long 0 10 ,First,#,\\entgiswrkv1\DataStore\EGDB_Cons\DW_VIEWER@Addressing@g_dw.sde\addressing.ADDRESSING_OWNER.Addressing\addressing.ADDRESSING_OWNER.ADDRESS_POINTS,STREET_ID,-1,-1;DUP_STREET_ID "DUP_STREET_ID" true true false 4 Long 0 10 ,First,#,\\entgiswrkv1\DataStore\EGDB_Cons\DW_VIEWER@Addressing@g_dw.sde\addressing.ADDRESSING_OWNER.Addressing\addressing.ADDRESSING_OWNER.ADDRESS_POINTS,DUP_STREET_ID,-1,-1;ADDRESS_TYPE "ADDRESS_TYPE" true true false 2 Short 0 5 ,First,#,\\entgiswrkv1\DataStore\EGDB_Cons\DW_VIEWER@Addressing@g_dw.sde\addressing.ADDRESSING_OWNER.Addressing\addressing.ADDRESSING_OWNER.ADDRESS_POINTS,ADDRESS_TYPE,-1,-1;STATUS "STATUS" true true false 20 Text 0 0 ,First,#,\\entgiswrkv1\DataStore\EGDB_Cons\DW_VIEWER@Addressing@g_dw.sde\addressing.ADDRESSING_OWNER.Addressing\addressing.ADDRESSING_OWNER.ADDRESS_POINTS,STATUS,-1,-1;ADDR_NUM_PREFIX "ADDR_NUM_PREFIX" true true false 12 Text 0 0 ,First,#,\\entgiswrkv1\DataStore\EGDB_Cons\DW_VIEWER@Addressing@g_dw.sde\addressing.ADDRESSING_OWNER.Addressing\addressing.ADDRESSING_OWNER.ADDRESS_POINTS,ADDR_NUM_PREFIX,-1,-1;ADDR_NUM "ADDR_NUM" true true false 12 Text 0 0 ,First,#,\\entgiswrkv1\DataStore\EGDB_Cons\DW_VIEWER@Addressing@g_dw.sde\addressing.ADDRESSING_OWNER.Addressing\addressing.ADDRESSING_OWNER.ADDRESS_POINTS,ADDR_NUM,-1,-1;ADDR_NUM_SUFFIX "ADDR_NUM_SUFFIX" true true false 12 Text 0 0 ,First,#,\\entgiswrkv1\DataStore\EGDB_Cons\DW_VIEWER@Addressing@g_dw.sde\addressing.ADDRESSING_OWNER.Addressing\addressing.ADDRESSING_OWNER.ADDRESS_POINTS,ADDR_NUM_SUFFIX,-1,-1;ST_PREMODIFIER "ST_PREMODIFIER" true true false 12 Text 0 0 ,First,#,\\entgiswrkv1\DataStore\EGDB_Cons\DW_VIEWER@Addressing@g_dw.sde\addressing.ADDRESSING_OWNER.Addressing\addressing.ADDRESSING_OWNER.ADDRESS_POINTS,ST_PREMODIFIER,-1,-1;ST_PREFIX "ST_PREFIX" true true false 2 Text 0 0 ,First,#,\\entgiswrkv1\DataStore\EGDB_Cons\DW_VIEWER@Addressing@g_dw.sde\addressing.ADDRESSING_OWNER.Addressing\addressing.ADDRESSING_OWNER.ADDRESS_POINTS,ST_PREFIX,-1,-1;ST_PRETYPE "ST_PRETYPE" true true false 12 Text 0 0 ,First,#,\\entgiswrkv1\DataStore\EGDB_Cons\DW_VIEWER@Addressing@g_dw.sde\addressing.ADDRESSING_OWNER.Addressing\addressing.ADDRESSING_OWNER.ADDRESS_POINTS,ST_PRETYPE,-1,-1;ST_NAME "ST_NAME" true true false 50 Text 0 0 ,First,#,\\entgiswrkv1\DataStore\EGDB_Cons\DW_VIEWER@Addressing@g_dw.sde\addressing.ADDRESSING_OWNER.Addressing\addressing.ADDRESSING_OWNER.ADDRESS_POINTS,ST_NAME,-1,-1;ST_TYPE "ST_TYPE" true true false 8 Text 0 0 ,First,#,\\entgiswrkv1\DataStore\EGDB_Cons\DW_VIEWER@Addressing@g_dw.sde\addressing.ADDRESSING_OWNER.Addressing\addressing.ADDRESSING_OWNER.ADDRESS_POINTS,ST_TYPE,-1,-1;ST_POSTMODIFIER "ST_POSTMODIFIER" true true false 12 Text 0 0 ,First,#,\\entgiswrkv1\DataStore\EGDB_Cons\DW_VIEWER@Addressing@g_dw.sde\addressing.ADDRESSING_OWNER.Addressing\addressing.ADDRESSING_OWNER.ADDRESS_POINTS,ST_POSTMODIFIER,-1,-1;UNIT_TYPE "UNIT_TYPE" true true false 12 Text 0 0 ,First,#,\\entgiswrkv1\DataStore\EGDB_Cons\DW_VIEWER@Addressing@g_dw.sde\addressing.ADDRESSING_OWNER.Addressing\addressing.ADDRESSING_OWNER.ADDRESS_POINTS,UNIT_TYPE,-1,-1;UNIT "UNIT" true true false 12 Text 0 0 ,First,#,\\entgiswrkv1\DataStore\EGDB_Cons\DW_VIEWER@Addressing@g_dw.sde\addressing.ADDRESSING_OWNER.Addressing\addressing.ADDRESSING_OWNER.ADDRESS_POINTS,UNIT,-1,-1;FLOOR "FLOOR" true true false 12 Text 0 0 ,First,#,\\entgiswrkv1\DataStore\EGDB_Cons\DW_VIEWER@Addressing@g_dw.sde\addressing.ADDRESSING_OWNER.Addressing\addressing.ADDRESSING_OWNER.ADDRESS_POINTS,FLOOR,-1,-1;MUNICIPALITY "MUNICIPALITY" true true false 50 Text 0 0 ,First,#,\\entgiswrkv1\DataStore\EGDB_Cons\DW_VIEWER@Addressing@g_dw.sde\addressing.ADDRESSING_OWNER.Addressing\addressing.ADDRESSING_OWNER.ADDRESS_POINTS,MUNICIPALITY,-1,-1;COUNTY "COUNTY" true true false 50 Text 0 0 ,First,#,\\entgiswrkv1\DataStore\EGDB_Cons\DW_VIEWER@Addressing@g_dw.sde\addressing.ADDRESSING_OWNER.Addressing\addressing.ADDRESSING_OWNER.ADDRESS_POINTS,COUNTY,-1,-1;STATE "STATE" true true false 2 Text 0 0 ,First,#,\\entgiswrkv1\DataStore\EGDB_Cons\DW_VIEWER@Addressing@g_dw.sde\addressing.ADDRESSING_OWNER.Addressing\addressing.ADDRESSING_OWNER.ADDRESS_POINTS,STATE,-1,-1;ZIP_CODE "ZIP_CODE" true true false 10 Text 0 0 ,First,#,\\entgiswrkv1\DataStore\EGDB_Cons\DW_VIEWER@Addressing@g_dw.sde\addressing.ADDRESSING_OWNER.Addressing\addressing.ADDRESSING_OWNER.ADDRESS_POINTS,ZIP_CODE,-1,-1;ZIP_CODE4 "ZIP_CODE4" true true false 4 Text 0 0 ,First,#,\\entgiswrkv1\DataStore\EGDB_Cons\DW_VIEWER@Addressing@g_dw.sde\addressing.ADDRESSING_OWNER.Addressing\addressing.ADDRESSING_OWNER.ADDRESS_POINTS,ZIP_CODE4,-1,-1;COMMENT "COMMENT" true true false 2000 Text 0 0 ,First,#,\\entgiswrkv1\DataStore\EGDB_Cons\DW_VIEWER@Addressing@g_dw.sde\addressing.ADDRESSING_OWNER.Addressing\addressing.ADDRESSING_OWNER.ADDRESS_POINTS,COMMENT,-1,-1;EDIT_DATE "EDIT_DATE" true true false 36 Date 0 0 ,First,#,\\entgiswrkv1\DataStore\EGDB_Cons\DW_VIEWER@Addressing@g_dw.sde\addressing.ADDRESSING_OWNER.Addressing\addressing.ADDRESSING_OWNER.ADDRESS_POINTS,EDIT_DATE,-1,-1;EDIT_USER "EDIT_USER" true true false 50 Text 0 0 ,First,#,\\entgiswrkv1\DataStore\EGDB_Cons\DW_VIEWER@Addressing@g_dw.sde\addressing.ADDRESSING_OWNER.Addressing\addressing.ADDRESSING_OWNER.ADDRESS_POINTS,EDIT_USER,-1,-1;SOURCE "Source" true true false 30 Text 0 0 ,First,#,\\entgiswrkv1\DataStore\EGDB_Cons\DW_VIEWER@Addressing@g_dw.sde\addressing.ADDRESSING_OWNER.Addressing\addressing.ADDRESSING_OWNER.ADDRESS_POINTS,SOURCE,-1,-1;EXP_FLAG "Exp Flag" true true false 5 Text 0 0 ,First,#,\\entgiswrkv1\DataStore\EGDB_Cons\DW_VIEWER@Addressing@g_dw.sde\addressing.ADDRESSING_OWNER.Addressing\addressing.ADDRESSING_OWNER.ADDRESS_POINTS,EXP_FLAG,-1,-1;FULL_ADDRESS "Full Address" true true false 128 Text 0 0 ,First,#,\\entgiswrkv1\DataStore\EGDB_Cons\DW_VIEWER@Addressing@g_dw.sde\addressing.ADDRESSING_OWNER.Addressing\addressing.ADDRESSING_OWNER.ADDRESS_POINTS,FULL_ADDRESS,-1,-1;ENFORCE_VALIDATION "Enforce Validation" true true false 1 Text 0 0 ,First,#,\\entgiswrkv1\DataStore\EGDB_Cons\DW_VIEWER@Addressing@g_dw.sde\addressing.ADDRESSING_OWNER.Addressing\addressing.ADDRESSING_OWNER.ADDRESS_POINTS,ENFORCE_VALIDATION,-1,-1;SOURCE_ID "SOURCE_ID" true true false 4 Long 0 10 ,First,#,\\entgiswrkv1\DataStore\EGDB_Cons\DW_VIEWER@Addressing@g_dw.sde\addressing.ADDRESSING_OWNER.Addressing\addressing.ADDRESSING_OWNER.ADDRESS_POINTS,SOURCE_ID,-1,-1;ST_SUFFIX "Suffix" true true false 4 Text 0 0 ,First,#,\\entgiswrkv1\DataStore\EGDB_Cons\DW_VIEWER@Addressing@g_dw.sde\addressing.ADDRESSING_OWNER.Addressing\addressing.ADDRESSING_OWNER.ADDRESS_POINTS,ST_SUFFIX,-1,-1" #</Process><Process Name="Delete Rows in PUB ADDRESSPOINTS" ToolSource="c:\program files (x86)\arcgis\desktop10.1\ArcToolbox\Toolboxes\Data Management Tools.tbx\DeleteRows" Date="20140202" Time="150545">DeleteRows \\entfsh01\fsh01_gis$\DCSGIS\Projects\CountyDepts\DCS\DB_Maint\Admin_Conns\GIS_ADMIN@Alco_PUB@sqlinst1(DC).sde\ALCO_PUB.DBO.ADDRESS_POINTS</Process><Process Name="Append PROD PARCELS to Empty PUB ADDRESSPOINTS Table" ToolSource="c:\program files (x86)\arcgis\desktop10.1\ArcToolbox\Toolboxes\Data Management Tools.tbx\Append" Date="20140202" Time="151420">Append \\entgiswrkv1\DataStore\EGDB_Cons\DW_VIEWER@Addressing@g_dw.sde\addressing.ADDRESSING_OWNER.Addressing\addressing.ADDRESSING_OWNER.ADDRESS_POINTS \\entfsh01\fsh01_gis$\DCSGIS\Projects\CountyDepts\DCS\DB_Maint\Admin_Conns\GIS_ADMIN@Alco_PUB@sqlinst1(DC).sde\ALCO_PUB.DBO.ADDRESS_POINTS NO_TEST "FEATURE_KEY "FEATURE_KEY" true true false 4 Long 0 10 ,First,#,\\entgiswrkv1\DataStore\EGDB_Cons\DW_VIEWER@Addressing@g_dw.sde\addressing.ADDRESSING_OWNER.Addressing\addressing.ADDRESSING_OWNER.ADDRESS_POINTS,FEATURE_KEY,-1,-1;ADDRESS_ID "ADDRESS_ID" true true false 4 Long 0 10 ,First,#,\\entgiswrkv1\DataStore\EGDB_Cons\DW_VIEWER@Addressing@g_dw.sde\addressing.ADDRESSING_OWNER.Addressing\addressing.ADDRESSING_OWNER.ADDRESS_POINTS,ADDRESS_ID,-1,-1;PARENT_ID "PARENT_ID" true true false 4 Long 0 10 ,First,#,\\entgiswrkv1\DataStore\EGDB_Cons\DW_VIEWER@Addressing@g_dw.sde\addressing.ADDRESSING_OWNER.Addressing\addressing.ADDRESSING_OWNER.ADDRESS_POINTS,PARENT_ID,-1,-1;STREET_ID "STREET_ID" true true false 4 Long 0 10 ,First,#,\\entgiswrkv1\DataStore\EGDB_Cons\DW_VIEWER@Addressing@g_dw.sde\addressing.ADDRESSING_OWNER.Addressing\addressing.ADDRESSING_OWNER.ADDRESS_POINTS,STREET_ID,-1,-1;DUP_STREET_ID "DUP_STREET_ID" true true false 4 Long 0 10 ,First,#,\\entgiswrkv1\DataStore\EGDB_Cons\DW_VIEWER@Addressing@g_dw.sde\addressing.ADDRESSING_OWNER.Addressing\addressing.ADDRESSING_OWNER.ADDRESS_POINTS,DUP_STREET_ID,-1,-1;ADDRESS_TYPE "ADDRESS_TYPE" true true false 2 Short 0 5 ,First,#,\\entgiswrkv1\DataStore\EGDB_Cons\DW_VIEWER@Addressing@g_dw.sde\addressing.ADDRESSING_OWNER.Addressing\addressing.ADDRESSING_OWNER.ADDRESS_POINTS,ADDRESS_TYPE,-1,-1;STATUS "STATUS" true true false 20 Text 0 0 ,First,#,\\entgiswrkv1\DataStore\EGDB_Cons\DW_VIEWER@Addressing@g_dw.sde\addressing.ADDRESSING_OWNER.Addressing\addressing.ADDRESSING_OWNER.ADDRESS_POINTS,STATUS,-1,-1;ADDR_NUM_PREFIX "ADDR_NUM_PREFIX" true true false 12 Text 0 0 ,First,#,\\entgiswrkv1\DataStore\EGDB_Cons\DW_VIEWER@Addressing@g_dw.sde\addressing.ADDRESSING_OWNER.Addressing\addressing.ADDRESSING_OWNER.ADDRESS_POINTS,ADDR_NUM_PREFIX,-1,-1;ADDR_NUM "ADDR_NUM" true true false 12 Text 0 0 ,First,#,\\entgiswrkv1\DataStore\EGDB_Cons\DW_VIEWER@Addressing@g_dw.sde\addressing.ADDRESSING_OWNER.Addressing\addressing.ADDRESSING_OWNER.ADDRESS_POINTS,ADDR_NUM,-1,-1;ADDR_NUM_SUFFIX "ADDR_NUM_SUFFIX" true true false 12 Text 0 0 ,First,#,\\entgiswrkv1\DataStore\EGDB_Cons\DW_VIEWER@Addressing@g_dw.sde\addressing.ADDRESSING_OWNER.Addressing\addressing.ADDRESSING_OWNER.ADDRESS_POINTS,ADDR_NUM_SUFFIX,-1,-1;ST_PREMODIFIER "ST_PREMODIFIER" true true false 12 Text 0 0 ,First,#,\\entgiswrkv1\DataStore\EGDB_Cons\DW_VIEWER@Addressing@g_dw.sde\addressing.ADDRESSING_OWNER.Addressing\addressing.ADDRESSING_OWNER.ADDRESS_POINTS,ST_PREMODIFIER,-1,-1;ST_PREFIX "ST_PREFIX" true true false 2 Text 0 0 ,First,#,\\entgiswrkv1\DataStore\EGDB_Cons\DW_VIEWER@Addressing@g_dw.sde\addressing.ADDRESSING_OWNER.Addressing\addressing.ADDRESSING_OWNER.ADDRESS_POINTS,ST_PREFIX,-1,-1;ST_PRETYPE "ST_PRETYPE" true true false 12 Text 0 0 ,First,#,\\entgiswrkv1\DataStore\EGDB_Cons\DW_VIEWER@Addressing@g_dw.sde\addressing.ADDRESSING_OWNER.Addressing\addressing.ADDRESSING_OWNER.ADDRESS_POINTS,ST_PRETYPE,-1,-1;ST_NAME "ST_NAME" true true false 50 Text 0 0 ,First,#,\\entgiswrkv1\DataStore\EGDB_Cons\DW_VIEWER@Addressing@g_dw.sde\addressing.ADDRESSING_OWNER.Addressing\addressing.ADDRESSING_OWNER.ADDRESS_POINTS,ST_NAME,-1,-1;ST_TYPE "ST_TYPE" true true false 8 Text 0 0 ,First,#,\\entgiswrkv1\DataStore\EGDB_Cons\DW_VIEWER@Addressing@g_dw.sde\addressing.ADDRESSING_OWNER.Addressing\addressing.ADDRESSING_OWNER.ADDRESS_POINTS,ST_TYPE,-1,-1;ST_POSTMODIFIER "ST_POSTMODIFIER" true true false 12 Text 0 0 ,First,#,\\entgiswrkv1\DataStore\EGDB_Cons\DW_VIEWER@Addressing@g_dw.sde\addressing.ADDRESSING_OWNER.Addressing\addressing.ADDRESSING_OWNER.ADDRESS_POINTS,ST_POSTMODIFIER,-1,-1;UNIT_TYPE "UNIT_TYPE" true true false 12 Text 0 0 ,First,#,\\entgiswrkv1\DataStore\EGDB_Cons\DW_VIEWER@Addressing@g_dw.sde\addressing.ADDRESSING_OWNER.Addressing\addressing.ADDRESSING_OWNER.ADDRESS_POINTS,UNIT_TYPE,-1,-1;UNIT "UNIT" true true false 12 Text 0 0 ,First,#,\\entgiswrkv1\DataStore\EGDB_Cons\DW_VIEWER@Addressing@g_dw.sde\addressing.ADDRESSING_OWNER.Addressing\addressing.ADDRESSING_OWNER.ADDRESS_POINTS,UNIT,-1,-1;FLOOR "FLOOR" true true false 12 Text 0 0 ,First,#,\\entgiswrkv1\DataStore\EGDB_Cons\DW_VIEWER@Addressing@g_dw.sde\addressing.ADDRESSING_OWNER.Addressing\addressing.ADDRESSING_OWNER.ADDRESS_POINTS,FLOOR,-1,-1;MUNICIPALITY "MUNICIPALITY" true true false 50 Text 0 0 ,First,#,\\entgiswrkv1\DataStore\EGDB_Cons\DW_VIEWER@Addressing@g_dw.sde\addressing.ADDRESSING_OWNER.Addressing\addressing.ADDRESSING_OWNER.ADDRESS_POINTS,MUNICIPALITY,-1,-1;COUNTY "COUNTY" true true false 50 Text 0 0 ,First,#,\\entgiswrkv1\DataStore\EGDB_Cons\DW_VIEWER@Addressing@g_dw.sde\addressing.ADDRESSING_OWNER.Addressing\addressing.ADDRESSING_OWNER.ADDRESS_POINTS,COUNTY,-1,-1;STATE "STATE" true true false 2 Text 0 0 ,First,#,\\entgiswrkv1\DataStore\EGDB_Cons\DW_VIEWER@Addressing@g_dw.sde\addressing.ADDRESSING_OWNER.Addressing\addressing.ADDRESSING_OWNER.ADDRESS_POINTS,STATE,-1,-1;ZIP_CODE "ZIP_CODE" true true false 10 Text 0 0 ,First,#,\\entgiswrkv1\DataStore\EGDB_Cons\DW_VIEWER@Addressing@g_dw.sde\addressing.ADDRESSING_OWNER.Addressing\addressing.ADDRESSING_OWNER.ADDRESS_POINTS,ZIP_CODE,-1,-1;ZIP_CODE4 "ZIP_CODE4" true true false 4 Text 0 0 ,First,#,\\entgiswrkv1\DataStore\EGDB_Cons\DW_VIEWER@Addressing@g_dw.sde\addressing.ADDRESSING_OWNER.Addressing\addressing.ADDRESSING_OWNER.ADDRESS_POINTS,ZIP_CODE4,-1,-1;COMMENT "COMMENT" true true false 2000 Text 0 0 ,First,#,\\entgiswrkv1\DataStore\EGDB_Cons\DW_VIEWER@Addressing@g_dw.sde\addressing.ADDRESSING_OWNER.Addressing\addressing.ADDRESSING_OWNER.ADDRESS_POINTS,COMMENT,-1,-1;EDIT_DATE "EDIT_DATE" true true false 36 Date 0 0 ,First,#,\\entgiswrkv1\DataStore\EGDB_Cons\DW_VIEWER@Addressing@g_dw.sde\addressing.ADDRESSING_OWNER.Addressing\addressing.ADDRESSING_OWNER.ADDRESS_POINTS,EDIT_DATE,-1,-1;EDIT_USER "EDIT_USER" true true false 50 Text 0 0 ,First,#,\\entgiswrkv1\DataStore\EGDB_Cons\DW_VIEWER@Addressing@g_dw.sde\addressing.ADDRESSING_OWNER.Addressing\addressing.ADDRESSING_OWNER.ADDRESS_POINTS,EDIT_USER,-1,-1;SOURCE "Source" true true false 30 Text 0 0 ,First,#,\\entgiswrkv1\DataStore\EGDB_Cons\DW_VIEWER@Addressing@g_dw.sde\addressing.ADDRESSING_OWNER.Addressing\addressing.ADDRESSING_OWNER.ADDRESS_POINTS,SOURCE,-1,-1;EXP_FLAG "Exp Flag" true true false 5 Text 0 0 ,First,#,\\entgiswrkv1\DataStore\EGDB_Cons\DW_VIEWER@Addressing@g_dw.sde\addressing.ADDRESSING_OWNER.Addressing\addressing.ADDRESSING_OWNER.ADDRESS_POINTS,EXP_FLAG,-1,-1;FULL_ADDRESS "Full Address" true true false 128 Text 0 0 ,First,#,\\entgiswrkv1\DataStore\EGDB_Cons\DW_VIEWER@Addressing@g_dw.sde\addressing.ADDRESSING_OWNER.Addressing\addressing.ADDRESSING_OWNER.ADDRESS_POINTS,FULL_ADDRESS,-1,-1;ENFORCE_VALIDATION "Enforce Validation" true true false 1 Text 0 0 ,First,#,\\entgiswrkv1\DataStore\EGDB_Cons\DW_VIEWER@Addressing@g_dw.sde\addressing.ADDRESSING_OWNER.Addressing\addressing.ADDRESSING_OWNER.ADDRESS_POINTS,ENFORCE_VALIDATION,-1,-1;SOURCE_ID "SOURCE_ID" true true false 4 Long 0 10 ,First,#,\\entgiswrkv1\DataStore\EGDB_Cons\DW_VIEWER@Addressing@g_dw.sde\addressing.ADDRESSING_OWNER.Addressing\addressing.ADDRESSING_OWNER.ADDRESS_POINTS,SOURCE_ID,-1,-1;ST_SUFFIX "Suffix" true true false 4 Text 0 0 ,First,#,\\entgiswrkv1\DataStore\EGDB_Cons\DW_VIEWER@Addressing@g_dw.sde\addressing.ADDRESSING_OWNER.Addressing\addressing.ADDRESSING_OWNER.ADDRESS_POINTS,ST_SUFFIX,-1,-1" #</Process><Process Name="Delete Rows in PUB ADDRESSPOINTS" ToolSource="c:\program files (x86)\arcgis\desktop10.1\ArcToolbox\Toolboxes\Data Management Tools.tbx\DeleteRows" Date="20140319" Time="184848">DeleteRows \\entfsh01\fsh01_gis$\DCSGIS\Projects\CountyDepts\DCS\DB_Maint\Admin_Conns\GIS_ADMIN@Alco_PUB@sqlinst1(DC).sde\ALCO_PUB.DBO.ADDRESS_POINTS</Process><Process Name="Append PROD PARCELS to Empty PUB ADDRESSPOINTS Table" ToolSource="c:\program files (x86)\arcgis\desktop10.1\ArcToolbox\Toolboxes\Data Management Tools.tbx\Append" Date="20140319" Time="185735">Append \\entgiswrkv1\DataStore\EGDB_Cons\DW_VIEWER@Addressing@g_dw.sde\addressing.ADDRESSING_OWNER.Addressing\addressing.ADDRESSING_OWNER.ADDRESS_POINTS \\entfsh01\fsh01_gis$\DCSGIS\Projects\CountyDepts\DCS\DB_Maint\Admin_Conns\GIS_ADMIN@Alco_PUB@sqlinst1(DC).sde\ALCO_PUB.DBO.ADDRESS_POINTS NO_TEST "FEATURE_KEY "FEATURE_KEY" true true false 4 Long 0 10 ,First,#,\\entgiswrkv1\DataStore\EGDB_Cons\DW_VIEWER@Addressing@g_dw.sde\addressing.ADDRESSING_OWNER.Addressing\addressing.ADDRESSING_OWNER.ADDRESS_POINTS,FEATURE_KEY,-1,-1;ADDRESS_ID "ADDRESS_ID" true true false 4 Long 0 10 ,First,#,\\entgiswrkv1\DataStore\EGDB_Cons\DW_VIEWER@Addressing@g_dw.sde\addressing.ADDRESSING_OWNER.Addressing\addressing.ADDRESSING_OWNER.ADDRESS_POINTS,ADDRESS_ID,-1,-1;PARENT_ID "PARENT_ID" true true false 4 Long 0 10 ,First,#,\\entgiswrkv1\DataStore\EGDB_Cons\DW_VIEWER@Addressing@g_dw.sde\addressing.ADDRESSING_OWNER.Addressing\addressing.ADDRESSING_OWNER.ADDRESS_POINTS,PARENT_ID,-1,-1;STREET_ID "STREET_ID" true true false 4 Long 0 10 ,First,#,\\entgiswrkv1\DataStore\EGDB_Cons\DW_VIEWER@Addressing@g_dw.sde\addressing.ADDRESSING_OWNER.Addressing\addressing.ADDRESSING_OWNER.ADDRESS_POINTS,STREET_ID,-1,-1;DUP_STREET_ID "DUP_STREET_ID" true true false 4 Long 0 10 ,First,#,\\entgiswrkv1\DataStore\EGDB_Cons\DW_VIEWER@Addressing@g_dw.sde\addressing.ADDRESSING_OWNER.Addressing\addressing.ADDRESSING_OWNER.ADDRESS_POINTS,DUP_STREET_ID,-1,-1;ADDRESS_TYPE "ADDRESS_TYPE" true true false 2 Short 0 5 ,First,#,\\entgiswrkv1\DataStore\EGDB_Cons\DW_VIEWER@Addressing@g_dw.sde\addressing.ADDRESSING_OWNER.Addressing\addressing.ADDRESSING_OWNER.ADDRESS_POINTS,ADDRESS_TYPE,-1,-1;STATUS "STATUS" true true false 20 Text 0 0 ,First,#,\\entgiswrkv1\DataStore\EGDB_Cons\DW_VIEWER@Addressing@g_dw.sde\addressing.ADDRESSING_OWNER.Addressing\addressing.ADDRESSING_OWNER.ADDRESS_POINTS,STATUS,-1,-1;ADDR_NUM_PREFIX "ADDR_NUM_PREFIX" true true false 12 Text 0 0 ,First,#,\\entgiswrkv1\DataStore\EGDB_Cons\DW_VIEWER@Addressing@g_dw.sde\addressing.ADDRESSING_OWNER.Addressing\addressing.ADDRESSING_OWNER.ADDRESS_POINTS,ADDR_NUM_PREFIX,-1,-1;ADDR_NUM "ADDR_NUM" true true false 12 Text 0 0 ,First,#,\\entgiswrkv1\DataStore\EGDB_Cons\DW_VIEWER@Addressing@g_dw.sde\addressing.ADDRESSING_OWNER.Addressing\addressing.ADDRESSING_OWNER.ADDRESS_POINTS,ADDR_NUM,-1,-1;ADDR_NUM_SUFFIX "ADDR_NUM_SUFFIX" true true false 12 Text 0 0 ,First,#,\\entgiswrkv1\DataStore\EGDB_Cons\DW_VIEWER@Addressing@g_dw.sde\addressing.ADDRESSING_OWNER.Addressing\addressing.ADDRESSING_OWNER.ADDRESS_POINTS,ADDR_NUM_SUFFIX,-1,-1;ST_PREMODIFIER "ST_PREMODIFIER" true true false 12 Text 0 0 ,First,#,\\entgiswrkv1\DataStore\EGDB_Cons\DW_VIEWER@Addressing@g_dw.sde\addressing.ADDRESSING_OWNER.Addressing\addressing.ADDRESSING_OWNER.ADDRESS_POINTS,ST_PREMODIFIER,-1,-1;ST_PREFIX "ST_PREFIX" true true false 2 Text 0 0 ,First,#,\\entgiswrkv1\DataStore\EGDB_Cons\DW_VIEWER@Addressing@g_dw.sde\addressing.ADDRESSING_OWNER.Addressing\addressing.ADDRESSING_OWNER.ADDRESS_POINTS,ST_PREFIX,-1,-1;ST_PRETYPE "ST_PRETYPE" true true false 12 Text 0 0 ,First,#,\\entgiswrkv1\DataStore\EGDB_Cons\DW_VIEWER@Addressing@g_dw.sde\addressing.ADDRESSING_OWNER.Addressing\addressing.ADDRESSING_OWNER.ADDRESS_POINTS,ST_PRETYPE,-1,-1;ST_NAME "ST_NAME" true true false 50 Text 0 0 ,First,#,\\entgiswrkv1\DataStore\EGDB_Cons\DW_VIEWER@Addressing@g_dw.sde\addressing.ADDRESSING_OWNER.Addressing\addressing.ADDRESSING_OWNER.ADDRESS_POINTS,ST_NAME,-1,-1;ST_TYPE "ST_TYPE" true true false 8 Text 0 0 ,First,#,\\entgiswrkv1\DataStore\EGDB_Cons\DW_VIEWER@Addressing@g_dw.sde\addressing.ADDRESSING_OWNER.Addressing\addressing.ADDRESSING_OWNER.ADDRESS_POINTS,ST_TYPE,-1,-1;ST_POSTMODIFIER "ST_POSTMODIFIER" true true false 12 Text 0 0 ,First,#,\\entgiswrkv1\DataStore\EGDB_Cons\DW_VIEWER@Addressing@g_dw.sde\addressing.ADDRESSING_OWNER.Addressing\addressing.ADDRESSING_OWNER.ADDRESS_POINTS,ST_POSTMODIFIER,-1,-1;UNIT_TYPE "UNIT_TYPE" true true false 12 Text 0 0 ,First,#,\\entgiswrkv1\DataStore\EGDB_Cons\DW_VIEWER@Addressing@g_dw.sde\addressing.ADDRESSING_OWNER.Addressing\addressing.ADDRESSING_OWNER.ADDRESS_POINTS,UNIT_TYPE,-1,-1;UNIT "UNIT" true true false 12 Text 0 0 ,First,#,\\entgiswrkv1\DataStore\EGDB_Cons\DW_VIEWER@Addressing@g_dw.sde\addressing.ADDRESSING_OWNER.Addressing\addressing.ADDRESSING_OWNER.ADDRESS_POINTS,UNIT,-1,-1;FLOOR "FLOOR" true true false 12 Text 0 0 ,First,#,\\entgiswrkv1\DataStore\EGDB_Cons\DW_VIEWER@Addressing@g_dw.sde\addressing.ADDRESSING_OWNER.Addressing\addressing.ADDRESSING_OWNER.ADDRESS_POINTS,FLOOR,-1,-1;MUNICIPALITY "MUNICIPALITY" true true false 50 Text 0 0 ,First,#,\\entgiswrkv1\DataStore\EGDB_Cons\DW_VIEWER@Addressing@g_dw.sde\addressing.ADDRESSING_OWNER.Addressing\addressing.ADDRESSING_OWNER.ADDRESS_POINTS,MUNICIPALITY,-1,-1;COUNTY "COUNTY" true true false 50 Text 0 0 ,First,#,\\entgiswrkv1\DataStore\EGDB_Cons\DW_VIEWER@Addressing@g_dw.sde\addressing.ADDRESSING_OWNER.Addressing\addressing.ADDRESSING_OWNER.ADDRESS_POINTS,COUNTY,-1,-1;STATE "STATE" true true false 2 Text 0 0 ,First,#,\\entgiswrkv1\DataStore\EGDB_Cons\DW_VIEWER@Addressing@g_dw.sde\addressing.ADDRESSING_OWNER.Addressing\addressing.ADDRESSING_OWNER.ADDRESS_POINTS,STATE,-1,-1;ZIP_CODE "ZIP_CODE" true true false 10 Text 0 0 ,First,#,\\entgiswrkv1\DataStore\EGDB_Cons\DW_VIEWER@Addressing@g_dw.sde\addressing.ADDRESSING_OWNER.Addressing\addressing.ADDRESSING_OWNER.ADDRESS_POINTS,ZIP_CODE,-1,-1;ZIP_CODE4 "ZIP_CODE4" true true false 4 Text 0 0 ,First,#,\\entgiswrkv1\DataStore\EGDB_Cons\DW_VIEWER@Addressing@g_dw.sde\addressing.ADDRESSING_OWNER.Addressing\addressing.ADDRESSING_OWNER.ADDRESS_POINTS,ZIP_CODE4,-1,-1;COMMENT "COMMENT" true true false 2000 Text 0 0 ,First,#,\\entgiswrkv1\DataStore\EGDB_Cons\DW_VIEWER@Addressing@g_dw.sde\addressing.ADDRESSING_OWNER.Addressing\addressing.ADDRESSING_OWNER.ADDRESS_POINTS,COMMENT,-1,-1;EDIT_DATE "EDIT_DATE" true true false 36 Date 0 0 ,First,#,\\entgiswrkv1\DataStore\EGDB_Cons\DW_VIEWER@Addressing@g_dw.sde\addressing.ADDRESSING_OWNER.Addressing\addressing.ADDRESSING_OWNER.ADDRESS_POINTS,EDIT_DATE,-1,-1;EDIT_USER "EDIT_USER" true true false 50 Text 0 0 ,First,#,\\entgiswrkv1\DataStore\EGDB_Cons\DW_VIEWER@Addressing@g_dw.sde\addressing.ADDRESSING_OWNER.Addressing\addressing.ADDRESSING_OWNER.ADDRESS_POINTS,EDIT_USER,-1,-1;SOURCE "Source" true true false 30 Text 0 0 ,First,#,\\entgiswrkv1\DataStore\EGDB_Cons\DW_VIEWER@Addressing@g_dw.sde\addressing.ADDRESSING_OWNER.Addressing\addressing.ADDRESSING_OWNER.ADDRESS_POINTS,SOURCE,-1,-1;EXP_FLAG "Exp Flag" true true false 5 Text 0 0 ,First,#,\\entgiswrkv1\DataStore\EGDB_Cons\DW_VIEWER@Addressing@g_dw.sde\addressing.ADDRESSING_OWNER.Addressing\addressing.ADDRESSING_OWNER.ADDRESS_POINTS,EXP_FLAG,-1,-1;FULL_ADDRESS "Full Address" true true false 128 Text 0 0 ,First,#,\\entgiswrkv1\DataStore\EGDB_Cons\DW_VIEWER@Addressing@g_dw.sde\addressing.ADDRESSING_OWNER.Addressing\addressing.ADDRESSING_OWNER.ADDRESS_POINTS,FULL_ADDRESS,-1,-1;ENFORCE_VALIDATION "Enforce Validation" true true false 1 Text 0 0 ,First,#,\\entgiswrkv1\DataStore\EGDB_Cons\DW_VIEWER@Addressing@g_dw.sde\addressing.ADDRESSING_OWNER.Addressing\addressing.ADDRESSING_OWNER.ADDRESS_POINTS,ENFORCE_VALIDATION,-1,-1;SOURCE_ID "SOURCE_ID" true true false 4 Long 0 10 ,First,#,\\entgiswrkv1\DataStore\EGDB_Cons\DW_VIEWER@Addressing@g_dw.sde\addressing.ADDRESSING_OWNER.Addressing\addressing.ADDRESSING_OWNER.ADDRESS_POINTS,SOURCE_ID,-1,-1;ST_SUFFIX "Suffix" true true false 4 Text 0 0 ,First,#,\\entgiswrkv1\DataStore\EGDB_Cons\DW_VIEWER@Addressing@g_dw.sde\addressing.ADDRESSING_OWNER.Addressing\addressing.ADDRESSING_OWNER.ADDRESS_POINTS,ST_SUFFIX,-1,-1" #</Process><Process Name="Delete Rows in PUB ADDRESSPOINTS" ToolSource="c:\program files (x86)\arcgis\desktop10.1\ArcToolbox\Toolboxes\Data Management Tools.tbx\DeleteRows" Date="20140501" Time="161122">DeleteRows \\entfsh01\fsh01_gis$\DCSGIS\Projects\CountyDepts\DCS\DB_Maint\Admin_Conns\GIS_ADMIN@Alco_PUB@sqlinst1(DC).sde\ALCO_PUB.DBO.ADDRESS_POINTS</Process><Process Name="Append PROD PARCELS to Empty PUB ADDRESSPOINTS Table" ToolSource="c:\program files (x86)\arcgis\desktop10.1\ArcToolbox\Toolboxes\Data Management Tools.tbx\Append" Date="20140501" Time="161956">Append \\entgiswrkv1\DataStore\EGDB_Cons\DW_VIEWER@Addressing@g_dw.sde\addressing.ADDRESSING_OWNER.Addressing\addressing.ADDRESSING_OWNER.ADDRESS_POINTS \\entfsh01\fsh01_gis$\DCSGIS\Projects\CountyDepts\DCS\DB_Maint\Admin_Conns\GIS_ADMIN@Alco_PUB@sqlinst1(DC).sde\ALCO_PUB.DBO.ADDRESS_POINTS NO_TEST "FEATURE_KEY "FEATURE_KEY" true true false 4 Long 0 10 ,First,#,\\entgiswrkv1\DataStore\EGDB_Cons\DW_VIEWER@Addressing@g_dw.sde\addressing.ADDRESSING_OWNER.Addressing\addressing.ADDRESSING_OWNER.ADDRESS_POINTS,FEATURE_KEY,-1,-1;ADDRESS_ID "ADDRESS_ID" true true false 4 Long 0 10 ,First,#,\\entgiswrkv1\DataStore\EGDB_Cons\DW_VIEWER@Addressing@g_dw.sde\addressing.ADDRESSING_OWNER.Addressing\addressing.ADDRESSING_OWNER.ADDRESS_POINTS,ADDRESS_ID,-1,-1;PARENT_ID "PARENT_ID" true true false 4 Long 0 10 ,First,#,\\entgiswrkv1\DataStore\EGDB_Cons\DW_VIEWER@Addressing@g_dw.sde\addressing.ADDRESSING_OWNER.Addressing\addressing.ADDRESSING_OWNER.ADDRESS_POINTS,PARENT_ID,-1,-1;STREET_ID "STREET_ID" true true false 4 Long 0 10 ,First,#,\\entgiswrkv1\DataStore\EGDB_Cons\DW_VIEWER@Addressing@g_dw.sde\addressing.ADDRESSING_OWNER.Addressing\addressing.ADDRESSING_OWNER.ADDRESS_POINTS,STREET_ID,-1,-1;DUP_STREET_ID "DUP_STREET_ID" true true false 4 Long 0 10 ,First,#,\\entgiswrkv1\DataStore\EGDB_Cons\DW_VIEWER@Addressing@g_dw.sde\addressing.ADDRESSING_OWNER.Addressing\addressing.ADDRESSING_OWNER.ADDRESS_POINTS,DUP_STREET_ID,-1,-1;ADDRESS_TYPE "ADDRESS_TYPE" true true false 2 Short 0 5 ,First,#,\\entgiswrkv1\DataStore\EGDB_Cons\DW_VIEWER@Addressing@g_dw.sde\addressing.ADDRESSING_OWNER.Addressing\addressing.ADDRESSING_OWNER.ADDRESS_POINTS,ADDRESS_TYPE,-1,-1;STATUS "STATUS" true true false 20 Text 0 0 ,First,#,\\entgiswrkv1\DataStore\EGDB_Cons\DW_VIEWER@Addressing@g_dw.sde\addressing.ADDRESSING_OWNER.Addressing\addressing.ADDRESSING_OWNER.ADDRESS_POINTS,STATUS,-1,-1;ADDR_NUM_PREFIX "ADDR_NUM_PREFIX" true true false 12 Text 0 0 ,First,#,\\entgiswrkv1\DataStore\EGDB_Cons\DW_VIEWER@Addressing@g_dw.sde\addressing.ADDRESSING_OWNER.Addressing\addressing.ADDRESSING_OWNER.ADDRESS_POINTS,ADDR_NUM_PREFIX,-1,-1;ADDR_NUM "ADDR_NUM" true true false 12 Text 0 0 ,First,#,\\entgiswrkv1\DataStore\EGDB_Cons\DW_VIEWER@Addressing@g_dw.sde\addressing.ADDRESSING_OWNER.Addressing\addressing.ADDRESSING_OWNER.ADDRESS_POINTS,ADDR_NUM,-1,-1;ADDR_NUM_SUFFIX "ADDR_NUM_SUFFIX" true true false 12 Text 0 0 ,First,#,\\entgiswrkv1\DataStore\EGDB_Cons\DW_VIEWER@Addressing@g_dw.sde\addressing.ADDRESSING_OWNER.Addressing\addressing.ADDRESSING_OWNER.ADDRESS_POINTS,ADDR_NUM_SUFFIX,-1,-1;ST_PREMODIFIER "ST_PREMODIFIER" true true false 12 Text 0 0 ,First,#,\\entgiswrkv1\DataStore\EGDB_Cons\DW_VIEWER@Addressing@g_dw.sde\addressing.ADDRESSING_OWNER.Addressing\addressing.ADDRESSING_OWNER.ADDRESS_POINTS,ST_PREMODIFIER,-1,-1;ST_PREFIX "ST_PREFIX" true true false 2 Text 0 0 ,First,#,\\entgiswrkv1\DataStore\EGDB_Cons\DW_VIEWER@Addressing@g_dw.sde\addressing.ADDRESSING_OWNER.Addressing\addressing.ADDRESSING_OWNER.ADDRESS_POINTS,ST_PREFIX,-1,-1;ST_PRETYPE "ST_PRETYPE" true true false 12 Text 0 0 ,First,#,\\entgiswrkv1\DataStore\EGDB_Cons\DW_VIEWER@Addressing@g_dw.sde\addressing.ADDRESSING_OWNER.Addressing\addressing.ADDRESSING_OWNER.ADDRESS_POINTS,ST_PRETYPE,-1,-1;ST_NAME "ST_NAME" true true false 50 Text 0 0 ,First,#,\\entgiswrkv1\DataStore\EGDB_Cons\DW_VIEWER@Addressing@g_dw.sde\addressing.ADDRESSING_OWNER.Addressing\addressing.ADDRESSING_OWNER.ADDRESS_POINTS,ST_NAME,-1,-1;ST_TYPE "ST_TYPE" true true false 8 Text 0 0 ,First,#,\\entgiswrkv1\DataStore\EGDB_Cons\DW_VIEWER@Addressing@g_dw.sde\addressing.ADDRESSING_OWNER.Addressing\addressing.ADDRESSING_OWNER.ADDRESS_POINTS,ST_TYPE,-1,-1;ST_POSTMODIFIER "ST_POSTMODIFIER" true true false 12 Text 0 0 ,First,#,\\entgiswrkv1\DataStore\EGDB_Cons\DW_VIEWER@Addressing@g_dw.sde\addressing.ADDRESSING_OWNER.Addressing\addressing.ADDRESSING_OWNER.ADDRESS_POINTS,ST_POSTMODIFIER,-1,-1;UNIT_TYPE "UNIT_TYPE" true true false 12 Text 0 0 ,First,#,\\entgiswrkv1\DataStore\EGDB_Cons\DW_VIEWER@Addressing@g_dw.sde\addressing.ADDRESSING_OWNER.Addressing\addressing.ADDRESSING_OWNER.ADDRESS_POINTS,UNIT_TYPE,-1,-1;UNIT "UNIT" true true false 12 Text 0 0 ,First,#,\\entgiswrkv1\DataStore\EGDB_Cons\DW_VIEWER@Addressing@g_dw.sde\addressing.ADDRESSING_OWNER.Addressing\addressing.ADDRESSING_OWNER.ADDRESS_POINTS,UNIT,-1,-1;FLOOR "FLOOR" true true false 12 Text 0 0 ,First,#,\\entgiswrkv1\DataStore\EGDB_Cons\DW_VIEWER@Addressing@g_dw.sde\addressing.ADDRESSING_OWNER.Addressing\addressing.ADDRESSING_OWNER.ADDRESS_POINTS,FLOOR,-1,-1;MUNICIPALITY "MUNICIPALITY" true true false 50 Text 0 0 ,First,#,\\entgiswrkv1\DataStore\EGDB_Cons\DW_VIEWER@Addressing@g_dw.sde\addressing.ADDRESSING_OWNER.Addressing\addressing.ADDRESSING_OWNER.ADDRESS_POINTS,MUNICIPALITY,-1,-1;COUNTY "COUNTY" true true false 50 Text 0 0 ,First,#,\\entgiswrkv1\DataStore\EGDB_Cons\DW_VIEWER@Addressing@g_dw.sde\addressing.ADDRESSING_OWNER.Addressing\addressing.ADDRESSING_OWNER.ADDRESS_POINTS,COUNTY,-1,-1;STATE "STATE" true true false 2 Text 0 0 ,First,#,\\entgiswrkv1\DataStore\EGDB_Cons\DW_VIEWER@Addressing@g_dw.sde\addressing.ADDRESSING_OWNER.Addressing\addressing.ADDRESSING_OWNER.ADDRESS_POINTS,STATE,-1,-1;ZIP_CODE "ZIP_CODE" true true false 10 Text 0 0 ,First,#,\\entgiswrkv1\DataStore\EGDB_Cons\DW_VIEWER@Addressing@g_dw.sde\addressing.ADDRESSING_OWNER.Addressing\addressing.ADDRESSING_OWNER.ADDRESS_POINTS,ZIP_CODE,-1,-1;ZIP_CODE4 "ZIP_CODE4" true true false 4 Text 0 0 ,First,#,\\entgiswrkv1\DataStore\EGDB_Cons\DW_VIEWER@Addressing@g_dw.sde\addressing.ADDRESSING_OWNER.Addressing\addressing.ADDRESSING_OWNER.ADDRESS_POINTS,ZIP_CODE4,-1,-1;COMMENT "COMMENT" true true false 2000 Text 0 0 ,First,#,\\entgiswrkv1\DataStore\EGDB_Cons\DW_VIEWER@Addressing@g_dw.sde\addressing.ADDRESSING_OWNER.Addressing\addressing.ADDRESSING_OWNER.ADDRESS_POINTS,COMMENT,-1,-1;EDIT_DATE "EDIT_DATE" true true false 36 Date 0 0 ,First,#,\\entgiswrkv1\DataStore\EGDB_Cons\DW_VIEWER@Addressing@g_dw.sde\addressing.ADDRESSING_OWNER.Addressing\addressing.ADDRESSING_OWNER.ADDRESS_POINTS,EDIT_DATE,-1,-1;EDIT_USER "EDIT_USER" true true false 50 Text 0 0 ,First,#,\\entgiswrkv1\DataStore\EGDB_Cons\DW_VIEWER@Addressing@g_dw.sde\addressing.ADDRESSING_OWNER.Addressing\addressing.ADDRESSING_OWNER.ADDRESS_POINTS,EDIT_USER,-1,-1;SOURCE "Source" true true false 30 Text 0 0 ,First,#,\\entgiswrkv1\DataStore\EGDB_Cons\DW_VIEWER@Addressing@g_dw.sde\addressing.ADDRESSING_OWNER.Addressing\addressing.ADDRESSING_OWNER.ADDRESS_POINTS,SOURCE,-1,-1;EXP_FLAG "Exp Flag" true true false 5 Text 0 0 ,First,#,\\entgiswrkv1\DataStore\EGDB_Cons\DW_VIEWER@Addressing@g_dw.sde\addressing.ADDRESSING_OWNER.Addressing\addressing.ADDRESSING_OWNER.ADDRESS_POINTS,EXP_FLAG,-1,-1;FULL_ADDRESS "Full Address" true true false 128 Text 0 0 ,First,#,\\entgiswrkv1\DataStore\EGDB_Cons\DW_VIEWER@Addressing@g_dw.sde\addressing.ADDRESSING_OWNER.Addressing\addressing.ADDRESSING_OWNER.ADDRESS_POINTS,FULL_ADDRESS,-1,-1;ENFORCE_VALIDATION "Enforce Validation" true true false 1 Text 0 0 ,First,#,\\entgiswrkv1\DataStore\EGDB_Cons\DW_VIEWER@Addressing@g_dw.sde\addressing.ADDRESSING_OWNER.Addressing\addressing.ADDRESSING_OWNER.ADDRESS_POINTS,ENFORCE_VALIDATION,-1,-1;SOURCE_ID "SOURCE_ID" true true false 4 Long 0 10 ,First,#,\\entgiswrkv1\DataStore\EGDB_Cons\DW_VIEWER@Addressing@g_dw.sde\addressing.ADDRESSING_OWNER.Addressing\addressing.ADDRESSING_OWNER.ADDRESS_POINTS,SOURCE_ID,-1,-1;ST_SUFFIX "Suffix" true true false 4 Text 0 0 ,First,#,\\entgiswrkv1\DataStore\EGDB_Cons\DW_VIEWER@Addressing@g_dw.sde\addressing.ADDRESSING_OWNER.Addressing\addressing.ADDRESSING_OWNER.ADDRESS_POINTS,ST_SUFFIX,-1,-1" #</Process></lineage><itemProps><itemLocation><linkage Sync="TRUE">file://\\DCSCOB0315AD004\C$\Temp\MonthlyUpdate\3-2-2015.gdb</linkage><protocol Sync="TRUE">Local Area Network</protocol></itemLocation><itemName Sync="TRUE">ALCO_PUB.DBO.ADDRESS_POINTS</itemName><imsContentType Sync="TRUE">002</imsContentType></itemProps><coordRef><type Sync="TRUE">Projected</type><geogcsn Sync="TRUE">GCS_North_American_1983</geogcsn><csUnits Sync="TRUE">Linear Unit: Foot_US (0.304801)</csUnits><projcsn Sync="TRUE">NAD_1983_StatePlane_Pennsylvania_South_FIPS_3702_Feet</projcsn><peXml Sync="TRUE">&lt;ProjectedCoordinateSystem xsi:type='typens:ProjectedCoordinateSystem' xmlns:xsi='http://www.w3.org/2001/XMLSchema-instance' xmlns:xs='http://www.w3.org/2001/XMLSchema' xmlns:typens='http://www.esri.com/schemas/ArcGIS/10.1'&gt;&lt;WKT&gt;PROJCS[&amp;quot;NAD_1983_StatePlane_Pennsylvania_South_FIPS_3702_Feet&amp;quot;,GEOGCS[&amp;quot;GCS_North_American_1983&amp;quot;,DATUM[&amp;quot;D_North_American_1983&amp;quot;,SPHEROID[&amp;quot;GRS_1980&amp;quot;,6378137.0,298.257222101]],PRIMEM[&amp;quot;Greenwich&amp;quot;,0.0],UNIT[&amp;quot;Degree&amp;quot;,0.0174532925199433]],PROJECTION[&amp;quot;Lambert_Conformal_Conic&amp;quot;],PARAMETER[&amp;quot;False_Easting&amp;quot;,1968500.0],PARAMETER[&amp;quot;False_Northing&amp;quot;,0.0],PARAMETER[&amp;quot;Central_Meridian&amp;quot;,-77.75],PARAMETER[&amp;quot;Standard_Parallel_1&amp;quot;,39.93333333333333],PARAMETER[&amp;quot;Standard_Parallel_2&amp;quot;,40.96666666666667],PARAMETER[&amp;quot;Latitude_Of_Origin&amp;quot;,39.33333333333334],UNIT[&amp;quot;Foot_US&amp;quot;,0.3048006096012192],AUTHORITY[&amp;quot;EPSG&amp;quot;,2272]]&lt;/WKT&gt;&lt;XOrigin&gt;-119214199.99995154&lt;/XOrigin&gt;&lt;YOrigin&gt;-96198499.999854967&lt;/YOrigin&gt;&lt;XYScale&gt;24222.9275844566&lt;/XYScale&gt;&lt;ZOrigin&gt;0&lt;/ZOrigin&gt;&lt;ZScale&gt;1&lt;/ZScale&gt;&lt;MOrigin&gt;0&lt;/MOrigin&gt;&lt;MScale&gt;1&lt;/MScale&gt;&lt;XYTolerance&gt;0.00033026561187151672&lt;/XYTolerance&gt;&lt;ZTolerance&gt;0.001&lt;/ZTolerance&gt;&lt;MTolerance&gt;0.001&lt;/MTolerance&gt;&lt;HighPrecision&gt;true&lt;/HighPrecision&gt;&lt;WKID&gt;102729&lt;/WKID&gt;&lt;LatestWKID&gt;2272&lt;/LatestWKID&gt;&lt;/ProjectedCoordinateSystem&gt;</peXml></coordRef></DataProperties><SyncDate>20131227</SyncDate><SyncTime>08592300</SyncTime><ModDate>20131227</ModDate><ModTime>08592300</ModTime><ArcGISstyle>ISO 19139 Metadata Implementation Specification</ArcGISstyle></Esri><dataIdInfo><envirDesc Sync="TRUE">Microsoft Windows Server 2008 R2 Version 6.1 (Build 7601) Service Pack 1; Esri ArcGIS 10.1.0.3035</envirDesc><dataLang><languageCode value="eng" Sync="TRUE"></languageCode><countryCode value="USA" Sync="TRUE"></countryCode></dataLang><idCitation><resTitle Sync="TRUE">ALCO_PUB.DBO.ADDRESS_POINTS</resTitle><presForm><PresFormCd value="005" Sync="TRUE"></PresFormCd></presForm></idCitation><spatRpType><SpatRepTypCd value="001" Sync="TRUE"></SpatRepTypCd></spatRpType></dataIdInfo><mdLang><languageCode value="eng" Sync="TRUE"></languageCode><countryCode value="USA" Sync="TRUE"></countryCode></mdLang><distInfo><distFormat><formatName Sync="TRUE">SDE Feature Class</formatName></distFormat></distInfo><mdHrLv><ScopeCd value="005" Sync="TRUE"></ScopeCd></mdHrLv><mdHrLvName Sync="TRUE">dataset</mdHrLvName><refSysInfo><RefSystem><refSysID><identCode code="2272" Sync="TRUE"></identCode><idCodeSpace Sync="TRUE">EPSG</idCodeSpace><idVersion Sync="TRUE">7.9.4</idVersion></refSysID></RefSystem></refSysInfo><spatRepInfo><VectSpatRep><geometObjs Name="ALCO_PUB.DBO.ADDRESS_POINTS"><geoObjTyp><GeoObjTypCd value="004" Sync="TRUE"></GeoObjTypCd></geoObjTyp><geoObjCnt Sync="TRUE">0</geoObjCnt></geometObjs><topLvl><TopoLevCd value="001" Sync="TRUE"></TopoLevCd></topLvl></VectSpatRep></spatRepInfo><spdoinfo><ptvctinf><esriterm Name="ALCO_PUB.DBO.ADDRESS_POINTS"><efeatyp Sync="TRUE">Simple</efeatyp><efeageom code="1" Sync="TRUE"></efeageom><esritopo Sync="TRUE">FALSE</esritopo><efeacnt Sync="TRUE">0</efeacnt><spindex Sync="TRUE">TRUE</spindex><linrefer Sync="TRUE">FALSE</linrefer></esriterm></ptvctinf></spdoinfo><eainfo><detailed Name="ALCO_PUB.DBO.ADDRESS_POINTS"><enttyp><enttypl Sync="TRUE">ALCO_PUB.DBO.ADDRESS_POINTS</enttypl><enttypt Sync="TRUE">Feature Class</enttypt><enttypc Sync="TRUE">0</enttypc></enttyp><attr><attrlabl Sync="TRUE">OBJECTID</attrlabl><attalias Sync="TRUE">OBJECTID</attalias><attrtype Sync="TRUE">OID</attrtype><attwidth Sync="TRUE">4</attwidth><atprecis Sync="TRUE">10</atprecis><attscale Sync="TRUE">0</attscale><attrdef Sync="TRUE">Internal feature number.</attrdef><attrdefs Sync="TRUE">Esri</attrdefs><attrdomv><udom Sync="TRUE">Sequential unique whole numbers that are automatically generated.</udom></attrdomv></attr><attr><attrlabl Sync="TRUE">FEATURE_KEY</attrlabl><attalias Sync="TRUE">FEATURE_KEY</attalias><attrtype Sync="TRUE">Integer</attrtype><attwidth Sync="TRUE">4</attwidth><atprecis Sync="TRUE">10</atprecis><attscale Sync="TRUE">0</attscale></attr><attr><attrlabl Sync="TRUE">ADDRESS_ID</attrlabl><attalias Sync="TRUE">ADDRESS_ID</attalias><attrtype Sync="TRUE">Integer</attrtype><attwidth Sync="TRUE">4</attwidth><atprecis Sync="TRUE">10</atprecis><attscale Sync="TRUE">0</attscale></attr><attr><attrlabl Sync="TRUE">PARENT_ID</attrlabl><attalias Sync="TRUE">PARENT_ID</attalias><attrtype Sync="TRUE">Integer</attrtype><attwidth Sync="TRUE">4</attwidth><atprecis Sync="TRUE">10</atprecis><attscale Sync="TRUE">0</attscale></attr><attr><attrlabl Sync="TRUE">STREET_ID</attrlabl><attalias Sync="TRUE">STREET_ID</attalias><attrtype Sync="TRUE">Integer</attrtype><attwidth Sync="TRUE">4</attwidth><atprecis Sync="TRUE">10</atprecis><attscale Sync="TRUE">0</attscale></attr><attr><attrlabl Sync="TRUE">DUP_STREET_ID</attrlabl><attalias Sync="TRUE">DUP_STREET_ID</attalias><attrtype Sync="TRUE">Integer</attrtype><attwidth Sync="TRUE">4</attwidth><atprecis Sync="TRUE">10</atprecis><attscale Sync="TRUE">0</attscale></attr><attr><attrlabl Sync="TRUE">ADDRESS_TYPE</attrlabl><attalias Sync="TRUE">ADDRESS_TYPE</attalias><attrtype Sync="TRUE">SmallInteger</attrtype><attwidth Sync="TRUE">2</attwidth><atprecis Sync="TRUE">5</atprecis><attscale Sync="TRUE">0</attscale></attr><attr><attrlabl Sync="TRUE">STATUS</attrlabl><attalias Sync="TRUE">STATUS</attalias><attrtype Sync="TRUE">String</attrtype><attwidth Sync="TRUE">20</attwidth><atprecis Sync="TRUE">0</atprecis><attscale Sync="TRUE">0</attscale></attr><attr><attrlabl Sync="TRUE">ADDR_NUM_PREFIX</attrlabl><attalias Sync="TRUE">ADDR_NUM_PREFIX</attalias><attrtype Sync="TRUE">String</attrtype><attwidth Sync="TRUE">12</attwidth><atprecis Sync="TRUE">0</atprecis><attscale Sync="TRUE">0</attscale></attr><attr><attrlabl Sync="TRUE">ADDR_NUM</attrlabl><attalias Sync="TRUE">ADDR_NUM</attalias><attrtype Sync="TRUE">String</attrtype><attwidth Sync="TRUE">12</attwidth><atprecis Sync="TRUE">0</atprecis><attscale Sync="TRUE">0</attscale></attr><attr><attrlabl Sync="TRUE">ADDR_NUM_SUFFIX</attrlabl><attalias Sync="TRUE">ADDR_NUM_SUFFIX</attalias><attrtype Sync="TRUE">String</attrtype><attwidth Sync="TRUE">12</attwidth><atprecis Sync="TRUE">0</atprecis><attscale Sync="TRUE">0</attscale></attr><attr><attrlabl Sync="TRUE">ST_PREMODIFIER</attrlabl><attalias Sync="TRUE">ST_PREMODIFIER</attalias><attrtype Sync="TRUE">String</attrtype><attwidth Sync="TRUE">12</attwidth><atprecis Sync="TRUE">0</atprecis><attscale Sync="TRUE">0</attscale></attr><attr><attrlabl Sync="TRUE">ST_PREFIX</attrlabl><attalias Sync="TRUE">ST_PREFIX</attalias><attrtype Sync="TRUE">String</attrtype><attwidth Sync="TRUE">2</attwidth><atprecis Sync="TRUE">0</atprecis><attscale Sync="TRUE">0</attscale></attr><attr><attrlabl Sync="TRUE">ST_PRETYPE</attrlabl><attalias Sync="TRUE">ST_PRETYPE</attalias><attrtype Sync="TRUE">String</attrtype><attwidth Sync="TRUE">12</attwidth><atprecis Sync="TRUE">0</atprecis><attscale Sync="TRUE">0</attscale></attr><attr><attrlabl Sync="TRUE">ST_NAME</attrlabl><attalias Sync="TRUE">ST_NAME</attalias><attrtype Sync="TRUE">String</attrtype><attwidth Sync="TRUE">50</attwidth><atprecis Sync="TRUE">0</atprecis><attscale Sync="TRUE">0</attscale></attr><attr><attrlabl Sync="TRUE">ST_TYPE</attrlabl><attalias Sync="TRUE">ST_TYPE</attalias><attrtype Sync="TRUE">String</attrtype><attwidth Sync="TRUE">8</attwidth><atprecis Sync="TRUE">0</atprecis><attscale Sync="TRUE">0</attscale></attr><attr><attrlabl Sync="TRUE">ST_POSTMODIFIER</attrlabl><attalias Sync="TRUE">ST_POSTMODIFIER</attalias><attrtype Sync="TRUE">String</attrtype><attwidth Sync="TRUE">12</attwidth><atprecis Sync="TRUE">0</atprecis><attscale Sync="TRUE">0</attscale></attr><attr><attrlabl Sync="TRUE">UNIT_TYPE</attrlabl><attalias Sync="TRUE">UNIT_TYPE</attalias><attrtype Sync="TRUE">String</attrtype><attwidth Sync="TRUE">12</attwidth><atprecis Sync="TRUE">0</atprecis><attscale Sync="TRUE">0</attscale></attr><attr><attrlabl Sync="TRUE">UNIT</attrlabl><attalias Sync="TRUE">UNIT</attalias><attrtype Sync="TRUE">String</attrtype><attwidth Sync="TRUE">12</attwidth><atprecis Sync="TRUE">0</atprecis><attscale Sync="TRUE">0</attscale></attr><attr><attrlabl Sync="TRUE">FLOOR</attrlabl><attalias Sync="TRUE">FLOOR</attalias><attrtype Sync="TRUE">String</attrtype><attwidth Sync="TRUE">12</attwidth><atprecis Sync="TRUE">0</atprecis><attscale Sync="TRUE">0</attscale></attr><attr><attrlabl Sync="TRUE">MUNICIPALITY</attrlabl><attalias Sync="TRUE">MUNICIPALITY</attalias><attrtype Sync="TRUE">String</attrtype><attwidth Sync="TRUE">50</attwidth><atprecis Sync="TRUE">0</atprecis><attscale Sync="TRUE">0</attscale></attr><attr><attrlabl Sync="TRUE">COUNTY</attrlabl><attalias Sync="TRUE">COUNTY</attalias><attrtype Sync="TRUE">String</attrtype><attwidth Sync="TRUE">50</attwidth><atprecis Sync="TRUE">0</atprecis><attscale Sync="TRUE">0</attscale></attr><attr><attrlabl Sync="TRUE">STATE</attrlabl><attalias Sync="TRUE">STATE</attalias><attrtype Sync="TRUE">String</attrtype><attwidth Sync="TRUE">2</attwidth><atprecis Sync="TRUE">0</atprecis><attscale Sync="TRUE">0</attscale></attr><attr><attrlabl Sync="TRUE">ZIP_CODE</attrlabl><attalias Sync="TRUE">ZIP_CODE</attalias><attrtype Sync="TRUE">String</attrtype><attwidth Sync="TRUE">10</attwidth><atprecis Sync="TRUE">0</atprecis><attscale Sync="TRUE">0</attscale></attr><attr><attrlabl Sync="TRUE">ZIP_CODE4</attrlabl><attalias Sync="TRUE">ZIP_CODE4</attalias><attrtype Sync="TRUE">String</attrtype><attwidth Sync="TRUE">4</attwidth><atprecis Sync="TRUE">0</atprecis><attscale Sync="TRUE">0</attscale></attr><attr><attrlabl Sync="TRUE">COMMENT</attrlabl><attalias Sync="TRUE">COMMENT</attalias><attrtype Sync="TRUE">String</attrtype><attwidth Sync="TRUE">2000</attwidth><atprecis Sync="TRUE">0</atprecis><attscale Sync="TRUE">0</attscale></attr><attr><attrlabl Sync="TRUE">EDIT_DATE</attrlabl><attalias Sync="TRUE">EDIT_DATE</attalias><attrtype Sync="TRUE">Date</attrtype><attwidth Sync="TRUE">36</attwidth><atprecis Sync="TRUE">0</atprecis><attscale Sync="TRUE">0</attscale></attr><attr><attrlabl Sync="TRUE">EDIT_USER</attrlabl><attalias Sync="TRUE">EDIT_USER</attalias><attrtype Sync="TRUE">String</attrtype><attwidth Sync="TRUE">50</attwidth><atprecis Sync="TRUE">0</atprecis><attscale Sync="TRUE">0</attscale></attr><attr><attrlabl Sync="TRUE">SOURCE</attrlabl><attalias Sync="TRUE">Source</attalias><attrtype Sync="TRUE">String</attrtype><attwidth Sync="TRUE">30</attwidth><atprecis Sync="TRUE">0</atprecis><attscale Sync="TRUE">0</attscale></attr><attr><attrlabl Sync="TRUE">EXP_FLAG</attrlabl><attalias Sync="TRUE">Exp Flag</attalias><attrtype Sync="TRUE">String</attrtype><attwidth Sync="TRUE">5</attwidth><atprecis Sync="TRUE">0</atprecis><attscale Sync="TRUE">0</attscale></attr><attr><attrlabl Sync="TRUE">FULL_ADDRESS</attrlabl><attalias Sync="TRUE">Full Address</attalias><attrtype Sync="TRUE">String</attrtype><attwidth Sync="TRUE">128</attwidth><atprecis Sync="TRUE">0</atprecis><attscale Sync="TRUE">0</attscale></attr><attr><attrlabl Sync="TRUE">ENFORCE_VALIDATION</attrlabl><attalias Sync="TRUE">Enforce Validation</attalias><attrtype Sync="TRUE">String</attrtype><attwidth Sync="TRUE">1</attwidth><atprecis Sync="TRUE">0</atprecis><attscale Sync="TRUE">0</attscale></attr><attr><attrlabl Sync="TRUE">SOURCE_ID</attrlabl><attalias Sync="TRUE">SOURCE_ID</attalias><attrtype Sync="TRUE">Integer</attrtype><attwidth Sync="TRUE">4</attwidth><atprecis Sync="TRUE">10</atprecis><attscale Sync="TRUE">0</attscale></attr><attr><attrlabl Sync="TRUE">ST_SUFFIX</attrlabl><attalias Sync="TRUE">Suffix</attalias><attrtype Sync="TRUE">String</attrtype><attwidth Sync="TRUE">4</attwidth><atprecis Sync="TRUE">0</atprecis><attscale Sync="TRUE">0</attscale></attr><attr><attrlabl Sync="TRUE">Shape</attrlabl><attalias Sync="TRUE">Shape</attalias><attrtype Sync="TRUE">Geometry</attrtype><attwidth Sync="TRUE">4</attwidth><atprecis Sync="TRUE">0</atprecis><attscale Sync="TRUE">0</attscale><attrdef Sync="TRUE">Feature geometry.</attrdef><attrdefs Sync="TRUE">Esri</attrdefs><attrdomv><udom Sync="TRUE">Coordinates defining the features.</udom></attrdomv></attr></detailed></eainfo><mdDateSt Sync="TRUE">20131227</mdDateSt></metadata>
