<metadata xml:lang="en"><Esri><MetaID>{C1911DE1-4064-459D-B563-7D49DDFE5964}</MetaID><CreaDate>20060424</CreaDate><CreaTime>14484700</CreaTime><SyncOnce>FALSE</SyncOnce><SyncDate>20121024</SyncDate><SyncTime>13064700</SyncTime><ModDate>20121024</ModDate><ModTime>13064700</ModTime><DataProperties><lineage><Process ToolSource="C:\Program Files\ArcGIS\ArcToolbox\Toolboxes\Conversion Tools.tbx\FeatureClassToFeatureClass" Date="20091009" Time="152209">FeatureClassToFeatureClass V:\Citywide\Data\Shapefiles\census20.shp "V:\GIS-ADMIN\Current Data\Current_Data.gdb" Census_Tract_2000 # "AREA 'AREA' true true false 12 Double 3 11 ,First,#,V:\Citywide\Data\Shapefiles\census20.shp,AREA,-1,-1;PERIMETER 'PERIMETER' true true false 12 Double 3 11 ,First,#,V:\Citywide\Data\Shapefiles\census20.shp,PERIMETER,-1,-1;CENSUS2000 'CENSUS2000' true true false 11 Double 0 11 ,First,#,V:\Citywide\Data\Shapefiles\census20.shp,CENSUS2000,-1,-1;CENSUS2001 'CENSUS2001' true true false 11 Double 0 11 ,First,#,V:\Citywide\Data\Shapefiles\census20.shp,CENSUS2001,-1,-1;HOOD 'HOOD' true true false 40 Text 0 0 ,First,#,V:\Citywide\Data\Shapefiles\census20.shp,HOOD,-1,-1;TRACT_ 'TRACT_' true true false 4 Text 0 0 ,First,#,V:\Citywide\Data\Shapefiles\census20.shp,TRACT_,-1,-1;CD 'CD' true true false 1 Text 0 0 ,First,#,V:\Citywide\Data\Shapefiles\census20.shp,CD,-1,-1" # "V:\GIS-ADMIN\Current Data\Current_Data.gdb\Census_Tract_2000"</Process><Process ToolSource="C:\Program Files\ArcGIS\Desktop10.0\ArcToolbox\Toolboxes\Data Management Tools.tbx\CalculateField" Date="20120105" Time="090514">CalculateField Census_Tract_2000 TRACT4 [TRACT_] VB #</Process><Process ToolSource="C:\Program Files\ArcGIS\Desktop10.0\ArcToolbox\Toolboxes\Conversion Tools.tbx\FeatureClassToFeatureClass" Date="20120120" Time="152521">FeatureClassToFeatureClass "V:\GIS-ADMIN\Current Data\Current_Data.gdb\Census_Tract_2000" V:\GIS-ADMIN\Workspaces\Reinhold\Projects\AddressingCommittee\Geodatabases\FixCensus.mdb Census_Tract_2000 # "AREA "AREA" true true false 8 Double 0 0 ,First,#,V:\GIS-ADMIN\Current Data\Current_Data.gdb\Census_Tract_2000,AREA,-1,-1;PERIMETER "PERIMETER" true true false 8 Double 0 0 ,First,#,V:\GIS-ADMIN\Current Data\Current_Data.gdb\Census_Tract_2000,PERIMETER,-1,-1;CENSUS2000 "CENSUS2000" true true false 8 Double 0 0 ,First,#,V:\GIS-ADMIN\Current Data\Current_Data.gdb\Census_Tract_2000,CENSUS2000,-1,-1;CENSUS2001 "CENSUS2001" true true false 8 Double 0 0 ,First,#,V:\GIS-ADMIN\Current Data\Current_Data.gdb\Census_Tract_2000,CENSUS2001,-1,-1;HOOD "HOOD" true true false 40 Text 0 0 ,First,#,V:\GIS-ADMIN\Current Data\Current_Data.gdb\Census_Tract_2000,HOOD,-1,-1;TRACT_ "TRACT_" true true false 4 Text 0 0 ,First,#,V:\GIS-ADMIN\Current Data\Current_Data.gdb\Census_Tract_2000,TRACT_,-1,-1;CD "CD" true true false 1 Text 0 0 ,First,#,V:\GIS-ADMIN\Current Data\Current_Data.gdb\Census_Tract_2000,CD,-1,-1;Shape_Length "Shape_Length" false true true 8 Double 0 0 ,First,#,V:\GIS-ADMIN\Current Data\Current_Data.gdb\Census_Tract_2000,Shape_Length,-1,-1;Shape_Area "Shape_Area" false true true 8 Double 0 0 ,First,#,V:\GIS-ADMIN\Current Data\Current_Data.gdb\Census_Tract_2000,Shape_Area,-1,-1;Claritas_Join "Claritas_Join" true true false 6 Text 0 0 ,First,#,V:\GIS-ADMIN\Current Data\Current_Data.gdb\Census_Tract_2000,Claritas_Join,-1,-1;Claritas "Claritas" true true false 4 Text 0 0 ,First,#,V:\GIS-ADMIN\Current Data\Current_Data.gdb\Census_Tract_2000,Claritas,-1,-1;TRACT4 "TRACT4" true true false 4 Long 0 0 ,First,#,V:\GIS-ADMIN\Current Data\Current_Data.gdb\Census_Tract_2000,TRACT4,-1,-1" #</Process><Process ToolSource="C:\Program Files\ArcGIS\Desktop10.0\ArcToolbox\Toolboxes\Conversion Tools.tbx\FeatureClassToFeatureClass" Date="20120120" Time="155038">FeatureClassToFeatureClass V:\GIS-ADMIN\Workspaces\Reinhold\Projects\AddressingCommittee\Geodatabases\FixCensus.mdb\Census_Tract_2000 "V:\GIS-ADMIN\Current Data\Current_Data.gdb" Census_Tract_2000_Fixed # "AREA "AREA" true true false 8 Double 0 0 ,First,#,V:\GIS-ADMIN\Workspaces\Reinhold\Projects\AddressingCommittee\Geodatabases\FixCensus.mdb\Census_Tract_2000,AREA,-1,-1;PERIMETER "PERIMETER" true true false 8 Double 0 0 ,First,#,V:\GIS-ADMIN\Workspaces\Reinhold\Projects\AddressingCommittee\Geodatabases\FixCensus.mdb\Census_Tract_2000,PERIMETER,-1,-1;CENSUS2000 "CENSUS2000" true true false 8 Double 0 0 ,First,#,V:\GIS-ADMIN\Workspaces\Reinhold\Projects\AddressingCommittee\Geodatabases\FixCensus.mdb\Census_Tract_2000,CENSUS2000,-1,-1;CENSUS2001 "CENSUS2001" true true false 8 Double 0 0 ,First,#,V:\GIS-ADMIN\Workspaces\Reinhold\Projects\AddressingCommittee\Geodatabases\FixCensus.mdb\Census_Tract_2000,CENSUS2001,-1,-1;HOOD "HOOD" true true false 40 Text 0 0 ,First,#,V:\GIS-ADMIN\Workspaces\Reinhold\Projects\AddressingCommittee\Geodatabases\FixCensus.mdb\Census_Tract_2000,HOOD,-1,-1;TRACT_ "TRACT_" true true false 4 Text 0 0 ,First,#,V:\GIS-ADMIN\Workspaces\Reinhold\Projects\AddressingCommittee\Geodatabases\FixCensus.mdb\Census_Tract_2000,TRACT_,-1,-1;CD "CD" true true false 1 Text 0 0 ,First,#,V:\GIS-ADMIN\Workspaces\Reinhold\Projects\AddressingCommittee\Geodatabases\FixCensus.mdb\Census_Tract_2000,CD,-1,-1;Claritas_Join "Claritas_Join" true true false 6 Text 0 0 ,First,#,V:\GIS-ADMIN\Workspaces\Reinhold\Projects\AddressingCommittee\Geodatabases\FixCensus.mdb\Census_Tract_2000,Claritas_Join,-1,-1;Claritas "Claritas" true true false 4 Text 0 0 ,First,#,V:\GIS-ADMIN\Workspaces\Reinhold\Projects\AddressingCommittee\Geodatabases\FixCensus.mdb\Census_Tract_2000,Claritas,-1,-1;TRACT4 "TRACT4" true true false 4 Long 0 0 ,First,#,V:\GIS-ADMIN\Workspaces\Reinhold\Projects\AddressingCommittee\Geodatabases\FixCensus.mdb\Census_Tract_2000,TRACT4,-1,-1;Shape_Length "Shape_Length" false true true 8 Double 0 0 ,First,#,V:\GIS-ADMIN\Workspaces\Reinhold\Projects\AddressingCommittee\Geodatabases\FixCensus.mdb\Census_Tract_2000,Shape_Length,-1,-1;Shape_Area "Shape_Area" false true true 8 Double 0 0 ,First,#,V:\GIS-ADMIN\Workspaces\Reinhold\Projects\AddressingCommittee\Geodatabases\FixCensus.mdb\Census_Tract_2000,Shape_Area,-1,-1" #</Process><Process ToolSource="c:\program files\arcgis\desktop10.1\ArcToolbox\Toolboxes\Data Management Tools.tbx\CopyFeatures" Date="20121024" Time="130649">CopyFeatures Census_Tract_2000 V:\GIS-ADMIN\google_shapefiles\Census_Tract_2000.shp # 0 0 0</Process></lineage><itemProps><itemName Sync="TRUE">Census_Tract_2000</itemName><imsContentType Sync="TRUE">002</imsContentType><itemLocation><linkage Sync="TRUE">file://\\gis0011\pgh-gis\GIS-ADMIN\google_shapefiles\Census_Tract_2000.shp</linkage><protocol Sync="TRUE">Local Area Network</protocol></itemLocation><itemSize Sync="TRUE">0.000</itemSize></itemProps><coordRef><type Sync="TRUE">Projected</type><geogcsn Sync="TRUE">GCS_North_American_1983</geogcsn><csUnits Sync="TRUE">Linear Unit: Foot_US (0.304801)</csUnits><projcsn Sync="TRUE">NAD_1983_StatePlane_Pennsylvania_South_FIPS_3702_Feet</projcsn><peXml Sync="TRUE">&lt;ProjectedCoordinateSystem xsi:type='typens:ProjectedCoordinateSystem' xmlns:xsi='http://www.w3.org/2001/XMLSchema-instance' xmlns:xs='http://www.w3.org/2001/XMLSchema' xmlns:typens='http://www.esri.com/schemas/ArcGIS/10.1'&gt;&lt;WKT&gt;PROJCS[&amp;quot;NAD_1983_StatePlane_Pennsylvania_South_FIPS_3702_Feet&amp;quot;,GEOGCS[&amp;quot;GCS_North_American_1983&amp;quot;,DATUM[&amp;quot;D_North_American_1983&amp;quot;,SPHEROID[&amp;quot;GRS_1980&amp;quot;,6378137.0,298.257222101]],PRIMEM[&amp;quot;Greenwich&amp;quot;,0.0],UNIT[&amp;quot;Degree&amp;quot;,0.0174532925199433]],PROJECTION[&amp;quot;Lambert_Conformal_Conic&amp;quot;],PARAMETER[&amp;quot;False_Easting&amp;quot;,1968500.0],PARAMETER[&amp;quot;False_Northing&amp;quot;,0.0],PARAMETER[&amp;quot;Central_Meridian&amp;quot;,-77.75],PARAMETER[&amp;quot;Standard_Parallel_1&amp;quot;,39.93333333333333],PARAMETER[&amp;quot;Standard_Parallel_2&amp;quot;,40.96666666666667],PARAMETER[&amp;quot;Latitude_Of_Origin&amp;quot;,39.33333333333334],UNIT[&amp;quot;Foot_US&amp;quot;,0.3048006096012192],AUTHORITY[&amp;quot;EPSG&amp;quot;,2272]]&lt;/WKT&gt;&lt;XOrigin&gt;-119214200&lt;/XOrigin&gt;&lt;YOrigin&gt;-96198500&lt;/YOrigin&gt;&lt;XYScale&gt;37163717.489134133&lt;/XYScale&gt;&lt;ZOrigin&gt;-100000&lt;/ZOrigin&gt;&lt;ZScale&gt;10000&lt;/ZScale&gt;&lt;MOrigin&gt;-100000&lt;/MOrigin&gt;&lt;MScale&gt;10000&lt;/MScale&gt;&lt;XYTolerance&gt;0.0032808333333333331&lt;/XYTolerance&gt;&lt;ZTolerance&gt;0.001&lt;/ZTolerance&gt;&lt;MTolerance&gt;0.001&lt;/MTolerance&gt;&lt;HighPrecision&gt;true&lt;/HighPrecision&gt;&lt;WKID&gt;102729&lt;/WKID&gt;&lt;LatestWKID&gt;2272&lt;/LatestWKID&gt;&lt;/ProjectedCoordinateSystem&gt;</peXml></coordRef></DataProperties></Esri><idinfo><native Sync="TRUE">Microsoft Windows XP Version 5.1 (Build 2600) Service Pack 3; ESRI ArcCatalog 9.3.1.3000</native><descript><langdata Sync="TRUE">en</langdata><abstract>REQUIRED: A brief narrative summary of the data set.</abstract><purpose>REQUIRED: A summary of the intentions with which the data set was developed.</purpose></descript><citation><citeinfo><origin>REQUIRED: The name of an organization or individual that developed the data set.</origin><pubdate>REQUIRED: The date when the data set is published or otherwise made available for release.</pubdate><title Sync="TRUE">Census_Tract_2000</title><ftname Sync="TRUE">Census_Tract_2000</ftname><geoform Sync="TRUE">vector digital data</geoform><onlink Sync="TRUE">\\gis0011\pgh-gis\GIS-ADMIN\Current Data\Current_Data.gdb</onlink></citeinfo></citation><timeperd><current>REQUIRED: The basis on which the time period of content information is determined.</current><timeinfo><sngdate><caldate>REQUIRED: The year (and optionally month, or month and day) for which the data set corresponds to the ground.</caldate></sngdate></timeinfo></timeperd><status><progress>REQUIRED: The state of the data set.</progress><update>REQUIRED: The frequency with which changes and additions are made to the data set after the initial data set is completed.</update></status><spdom><bounding><westbc Sync="TRUE">-80.096786</westbc><eastbc Sync="TRUE">-79.862845</eastbc><northbc Sync="TRUE">40.503675</northbc><southbc Sync="TRUE">40.358000</southbc></bounding><lboundng><leftbc Sync="TRUE">1315933.625000</leftbc><rightbc Sync="TRUE">1379779.625000</rightbc><bottombc Sync="TRUE">381925.562500</bottombc><topbc Sync="TRUE">433399.406250</topbc></lboundng></spdom><keywords><theme><themekt>REQUIRED: Reference to a formally registered thesaurus or a similar authoritative source of theme keywords.</themekt><themekey>REQUIRED: Common-use word or phrase used to describe the subject of the data set.</themekey></theme></keywords><accconst>REQUIRED: Restrictions and legal prerequisites for accessing the data set.</accconst><useconst>REQUIRED: Restrictions and legal prerequisites for using the data set after access is granted.</useconst><natvform Sync="TRUE">File Geodatabase Feature Class</natvform></idinfo><dataIdInfo><envirDesc Sync="TRUE">Microsoft Windows XP Version 5.1 (Build 2600) Service Pack 3; Esri ArcGIS 10.1.0.3035</envirDesc><dataLang><languageCode Sync="TRUE" value="en"></languageCode><countryCode value="US" Sync="TRUE"></countryCode></dataLang><idCitation><resTitle Sync="TRUE">Census_Tract_2000</resTitle><presForm><PresFormCd Sync="TRUE" value="005"></PresFormCd></presForm></idCitation><spatRpType><SpatRepTypCd Sync="TRUE" value="001"></SpatRepTypCd></spatRpType><dataExt><geoEle><GeoBndBox esriExtentType="native"><westBL Sync="TRUE">1315933.625</westBL><eastBL Sync="TRUE">1379779.625</eastBL><northBL Sync="TRUE">433399.40625</northBL><southBL Sync="TRUE">381925.5625</southBL><exTypeCode Sync="TRUE">1</exTypeCode></GeoBndBox></geoEle></dataExt><geoBox esriExtentType="decdegrees"><westBL Sync="TRUE">-80.096786</westBL><eastBL Sync="TRUE">-79.862845</eastBL><northBL Sync="TRUE">40.503675</northBL><southBL Sync="TRUE">40.358</southBL><exTypeCode Sync="TRUE">1</exTypeCode></geoBox></dataIdInfo><metainfo><langmeta Sync="TRUE">en</langmeta><metstdn Sync="TRUE">FGDC Content Standards for Digital Geospatial Metadata</metstdn><metstdv Sync="TRUE">FGDC-STD-001-1998</metstdv><mettc Sync="TRUE">local time</mettc><metc><cntinfo><cntorgp><cntper>REQUIRED: The person responsible for the metadata information.</cntper><cntorg>REQUIRED: The organization responsible for the metadata information.</cntorg></cntorgp><cntaddr><addrtype>REQUIRED: The mailing and/or physical address for the organization or individual.</addrtype><city>REQUIRED: The city of the address.</city><state>REQUIRED: The state or province of the address.</state><postal>REQUIRED: The ZIP or other postal code of the address.</postal></cntaddr><cntvoice>REQUIRED: The telephone number by which individuals can speak to the organization or individual.</cntvoice></cntinfo></metc><metd Sync="TRUE">20091009</metd></metainfo><mdLang><languageCode Sync="TRUE" value="en"></languageCode><countryCode value="US" Sync="TRUE"></countryCode></mdLang><mdStanName Sync="TRUE">ISO 19115 Geographic Information - Metadata</mdStanName><mdStanVer Sync="TRUE">DIS_ESRI1.0</mdStanVer><mdChar><CharSetCd Sync="TRUE" value="004"></CharSetCd></mdChar><mdHrLv><ScopeCd Sync="TRUE" value="005"></ScopeCd></mdHrLv><mdHrLvName Sync="TRUE">dataset</mdHrLvName><distinfo><resdesc Sync="TRUE">Downloadable Data</resdesc><stdorder><digform><digtinfo><transize Sync="TRUE">0.940</transize><dssize Sync="TRUE">0.940</dssize></digtinfo></digform></stdorder></distinfo><distInfo><distributor><distorTran><onLineSrc><orDesc Sync="TRUE">002</orDesc><linkage Sync="TRUE">file://\\gis0011\pgh-gis\GIS-ADMIN\Current Data\Current_Data.gdb</linkage><protocol Sync="TRUE">Local Area Network</protocol></onLineSrc><transSize Sync="TRUE">0.940</transSize></distorTran><distorFormat><formatName Sync="TRUE">File Geodatabase Feature Class</formatName></distorFormat></distributor><distFormat><formatName Sync="TRUE">Shapefile</formatName></distFormat><distTranOps><transSize Sync="TRUE">0.000</transSize></distTranOps></distInfo><spdoinfo><direct Sync="TRUE">Vector</direct><ptvctinf><esriterm Name="Census_Tract_2000"><efeatyp Sync="TRUE">Simple</efeatyp><efeageom code="4" Sync="TRUE"></efeageom><esritopo Sync="TRUE">FALSE</esritopo><efeacnt Sync="TRUE">0</efeacnt><spindex Sync="TRUE">FALSE</spindex><linrefer Sync="TRUE">FALSE</linrefer></esriterm></ptvctinf></spdoinfo><spref><horizsys><cordsysn><geogcsn Sync="TRUE">GCS_North_American_1983</geogcsn><projcsn Sync="TRUE">NAD_1983_StatePlane_Pennsylvania_South_FIPS_3702_Feet</projcsn></cordsysn><planar><planci><plance Sync="TRUE">coordinate pair</plance><plandu Sync="TRUE">survey feet</plandu><coordrep><absres Sync="TRUE">0.000328</absres><ordres Sync="TRUE">0.000328</ordres></coordrep></planci></planar><geodetic><horizdn Sync="TRUE">North American Datum of 1983</horizdn><ellips Sync="TRUE">Geodetic Reference System 80</ellips><semiaxis Sync="TRUE">6378137.000000</semiaxis><denflat Sync="TRUE">298.257222</denflat></geodetic></horizsys></spref><refSysInfo><RefSystem><refSysID><identCode Sync="TRUE" value="2272">NAD_1983_StatePlane_Pennsylvania_South_FIPS_3702_Feet</identCode><idCodeSpace Sync="TRUE">EPSG</idCodeSpace><idVersion Sync="TRUE">7.9.4</idVersion></refSysID></RefSystem></refSysInfo><spatRepInfo><VectSpatRep><geometObjs Name="Census_Tract_2000"><geoObjTyp><GeoObjTypCd value="002" Sync="TRUE"></GeoObjTypCd></geoObjTyp><geoObjCnt Sync="TRUE">0</geoObjCnt></geometObjs><topLvl><TopoLevCd value="001" Sync="TRUE"></TopoLevCd></topLvl></VectSpatRep></spatRepInfo><eainfo><detailed Name="Census_Tract_2000"><enttyp><enttypl Sync="TRUE">Census_Tract_2000</enttypl><enttypt Sync="TRUE">Feature Class</enttypt><enttypc Sync="TRUE">0</enttypc></enttyp><attr><attrlabl Sync="TRUE">FID</attrlabl><attalias Sync="TRUE">FID</attalias><attrtype Sync="TRUE">OID</attrtype><attwidth Sync="TRUE">4</attwidth><atprecis Sync="TRUE">0</atprecis><attscale Sync="TRUE">0</attscale><attrdef Sync="TRUE">Internal feature number.</attrdef><attrdefs Sync="TRUE">Esri</attrdefs><attrdomv><udom Sync="TRUE">Sequential unique whole numbers that are automatically generated.</udom></attrdomv></attr><attr><attrlabl Sync="TRUE">Shape</attrlabl><attalias Sync="TRUE">Shape</attalias><attrtype Sync="TRUE">Geometry</attrtype><attwidth Sync="TRUE">0</attwidth><atprecis Sync="TRUE">0</atprecis><attscale Sync="TRUE">0</attscale><attrdef Sync="TRUE">Feature geometry.</attrdef><attrdefs Sync="TRUE">ESRI</attrdefs><attrdomv><udom Sync="TRUE">Coordinates defining the features.</udom></attrdomv></attr><attr><attrlabl Sync="TRUE">AREA</attrlabl><attalias Sync="TRUE">AREA</attalias><attrtype Sync="TRUE">Double</attrtype><attwidth Sync="TRUE">19</attwidth><atprecis Sync="TRUE">0</atprecis><attscale Sync="TRUE">0</attscale></attr><attr><attrlabl Sync="TRUE">PERIMETER</attrlabl><attalias Sync="TRUE">PERIMETER</attalias><attrtype Sync="TRUE">Double</attrtype><attwidth Sync="TRUE">19</attwidth><atprecis Sync="TRUE">0</atprecis><attscale Sync="TRUE">0</attscale></attr><attr><attrlabl Sync="TRUE">CENSUS2000</attrlabl><attalias Sync="TRUE">CENSUS2000</attalias><attrtype Sync="TRUE">Double</attrtype><attwidth Sync="TRUE">19</attwidth><atprecis Sync="TRUE">0</atprecis><attscale Sync="TRUE">0</attscale></attr><attr><attrlabl Sync="TRUE">CENSUS2001</attrlabl><attalias Sync="TRUE">CENSUS2001</attalias><attrtype Sync="TRUE">Double</attrtype><attwidth Sync="TRUE">19</attwidth><atprecis Sync="TRUE">0</atprecis><attscale Sync="TRUE">0</attscale></attr><attr><attrlabl Sync="TRUE">HOOD</attrlabl><attalias Sync="TRUE">HOOD</attalias><attrtype Sync="TRUE">String</attrtype><attwidth Sync="TRUE">40</attwidth><atprecis Sync="TRUE">0</atprecis><attscale Sync="TRUE">0</attscale></attr><attr><attrlabl Sync="TRUE">TRACT_</attrlabl><attalias Sync="TRUE">TRACT_</attalias><attrtype Sync="TRUE">String</attrtype><attwidth Sync="TRUE">4</attwidth><atprecis Sync="TRUE">0</atprecis><attscale Sync="TRUE">0</attscale></attr><attr><attrlabl Sync="TRUE">CD</attrlabl><attalias Sync="TRUE">CD</attalias><attrtype Sync="TRUE">String</attrtype><attwidth Sync="TRUE">1</attwidth><atprecis Sync="TRUE">0</atprecis><attscale Sync="TRUE">0</attscale></attr><attr><attrlabl Sync="TRUE">Claritas_J</attrlabl><attalias Sync="TRUE">Claritas_J</attalias><attrtype Sync="TRUE">String</attrtype><attwidth Sync="TRUE">6</attwidth><atprecis Sync="TRUE">0</atprecis><attscale Sync="TRUE">0</attscale></attr><attr><attrlabl Sync="TRUE">Claritas</attrlabl><attalias Sync="TRUE">Claritas</attalias><attrtype Sync="TRUE">String</attrtype><attwidth Sync="TRUE">4</attwidth><atprecis Sync="TRUE">0</atprecis><attscale Sync="TRUE">0</attscale></attr><attr><attrlabl Sync="TRUE">TRACT4</attrlabl><attalias Sync="TRUE">TRACT4</attalias><attrtype Sync="TRUE">Integer</attrtype><attwidth Sync="TRUE">9</attwidth><atprecis Sync="TRUE">9</atprecis><attscale Sync="TRUE">0</attscale></attr><attr><attrlabl Sync="TRUE">Shape_Leng</attrlabl><attalias Sync="TRUE">Shape_Leng</attalias><attrtype Sync="TRUE">Double</attrtype><attwidth Sync="TRUE">19</attwidth><atprecis Sync="TRUE">0</atprecis><attscale Sync="TRUE">0</attscale></attr><attr><attrlabl Sync="TRUE">Shape_Area</attrlabl><attalias Sync="TRUE">Shape_Area</attalias><attrtype Sync="TRUE">Double</attrtype><attwidth Sync="TRUE">19</attwidth><atprecis Sync="TRUE">0</atprecis><attscale Sync="TRUE">0</attscale><attrdef Sync="TRUE">Area of feature in internal units squared.</attrdef><attrdefs Sync="TRUE">ESRI</attrdefs><attrdomv><udom Sync="TRUE">Positive real numbers that are automatically generated.</udom></attrdomv></attr></detailed></eainfo><mdDateSt Sync="TRUE">20121024</mdDateSt></metadata>
