<?xml version="1.0"?>
<!--<!DOCTYPE metadata SYSTEM "http://www.esri.com/metadata/esriprof80.dtd">-->
<metadata xml:lang="en"><Esri><CreaDate>20100929</CreaDate><CreaTime>12212700</CreaTime><SyncOnce>FALSE</SyncOnce><DataProperties><lineage><Process Name="Create Feature Class" ToolSource="C:\Program Files\ArcGIS\ArcToolbox\Toolboxes\Data Management Tools.tbx\CreateFeatureclass" Date="20081104" Time="085215">CreateFeatureclass "Database Connections\assess_admin@assess@gissql01.sde\assess.ASSESS_ADMIN.Jurisdiction" Municipalities # municipalboundaries_Layer SAME_AS_TEMPLATE SAME_AS_TEMPLATE "PROJCS['NAD_1983_StatePlane_Pennsylvania_South_FIPS_3702_Feet',GEOGCS['GCS_North_American_1983',DATUM['D_North_American_1983',SPHEROID['GRS_1980',6378137.0,298.257222101]],PRIMEM['Greenwich',0.0],UNIT['Degree',0.0174532925199433]],PROJECTION['Lambert_Conformal_Conic'],PARAMETER['False_Easting',1968500.0],PARAMETER['False_Northing',0.0],PARAMETER['Central_Meridian',-77.75],PARAMETER['Standard_Parallel_1',39.93333333333333],PARAMETER['Standard_Parallel_2',40.96666666666667],PARAMETER['Latitude_Of_Origin',39.33333333333334],UNIT['Foot_US',0.3048006096012192]];1170574 297931 6055.73189611415;0 1;0 100000" # 0 0 0 "Database Connections\assess_admin@assess@gissql01.sde\assess.ASSESS_ADMIN.Jurisdiction\assess.ASSESS_ADMIN.Municipalities"</Process><Process Name="Append" ToolSource="C:\Program Files\ArcGIS\ArcToolbox\Toolboxes\Data Management Tools.tbx\Append" Date="20081104" Time="085218">Append municipalboundaries_Layer "Database Connections\assess_admin@assess@gissql01.sde\assess.ASSESS_ADMIN.Jurisdiction\assess.ASSESS_ADMIN.Municipalities" TEST "Database Connections\assess_admin@assess@gissql01.sde\assess.ASSESS_ADMIN.Jurisdiction\assess.ASSESS_ADMIN.Municipalities"</Process><Process Name="FeatureClassToFeatureClass_2" ToolSource="C:\Program Files\ArcGIS\ArcToolbox\Toolboxes\Conversion Tools.tbx\FeatureClassToFeatureClass" Date="20081104" Time="085218">FeatureClassToFeatureClass P:\DCSGIS\Data\landrecords.mdb\Jurisdiction\municipalboundaries "Database Connections\assess_admin@assess@gissql01.sde\assess.ASSESS_ADMIN.Jurisdiction" Municipalities # "NAME NAME VISIBLE;TYPE TYPE VISIBLE;LABEL LABEL VISIBLE;COG COG VISIBLE;SCHOOLD SCHOOLD VISIBLE;CONGDIST CONGDIST VISIBLE;FIPS FIPS VISIBLE;REGION REGION VISIBLE;ACRES ACRES VISIBLE;SQMI SQMI VISIBLE;MUNICODE MUNICODE VISIBLE;CNTL_ID CNTL_ID VISIBLE;CNTYCOUNCIL CNTYCOUNCIL VISIBLE;EOC EOC VISIBLE;ASSESSORTERRITORY ASSESSORTERRITORY VISIBLE;VALUATIONAREA VALUATIONAREA VISIBLE;YEARCONVERTED YEARCONVERTED VISIBLE;Shape_Length Shape_Length VISIBLE;Shape_Area Shape_Area VISIBLE" SAME_AS_TEMPLATE SAME_AS_TEMPLATE # 0 "Database Connections\assess_admin@assess@gissql01.sde\assess.ASSESS_ADMIN.Jurisdiction\assess.ASSESS_ADMIN.Municipalities"</Process><Process ToolSource="C:\Program Files\ArcGIS\ArcToolbox\Toolboxes\Conversion Tools.tbx\FeatureClassToFeatureClass" Date="20090211" Time="143046">FeatureClassToFeatureClass "Database Connections\OSA@assess@gissql01.sde\assess.ASSESS_ADMIN.Jurisdiction\assess.ASSESS_ADMIN.Municipalities" C:\TEMP\MuniBoundaries.mdb muniboundaries # "NAME 'NAME' true true false 30 Text 0 0 ,First,#,Database Connections\OSA@assess@gissql01.sde\assess.ASSESS_ADMIN.Jurisdiction\assess.ASSESS_ADMIN.Municipalities,NAME,-1,-1;TYPE 'TYPE' true true false 10 Text 0 0 ,First,#,Database Connections\OSA@assess@gissql01.sde\assess.ASSESS_ADMIN.Jurisdiction\assess.ASSESS_ADMIN.Municipalities,TYPE,-1,-1;LABEL 'LABEL' true true false 40 Text 0 0 ,First,#,Database Connections\OSA@assess@gissql01.sde\assess.ASSESS_ADMIN.Jurisdiction\assess.ASSESS_ADMIN.Municipalities,LABEL,-1,-1;COG 'COG' true true false 40 Text 0 0 ,First,#,Database Connections\OSA@assess@gissql01.sde\assess.ASSESS_ADMIN.Jurisdiction\assess.ASSESS_ADMIN.Municipalities,COG,-1,-1;SCHOOLD 'SCHOOLD' true true false 40 Text 0 0 ,First,#,Database Connections\OSA@assess@gissql01.sde\assess.ASSESS_ADMIN.Jurisdiction\assess.ASSESS_ADMIN.Municipalities,SCHOOLD,-1,-1;CONGDIST 'CONGDIST' true true false 2 Short 0 5 ,First,#,Database Connections\OSA@assess@gissql01.sde\assess.ASSESS_ADMIN.Jurisdiction\assess.ASSESS_ADMIN.Municipalities,CONGDIST,-1,-1;FIPS 'FIPS' true true false 4 Long 0 10 ,First,#,Database Connections\OSA@assess@gissql01.sde\assess.ASSESS_ADMIN.Jurisdiction\assess.ASSESS_ADMIN.Municipalities,FIPS,-1,-1;REGION 'REGION' true true false 3 Text 0 0 ,First,#,Database Connections\OSA@assess@gissql01.sde\assess.ASSESS_ADMIN.Jurisdiction\assess.ASSESS_ADMIN.Municipalities,REGION,-1,-1;ACRES 'ACRES' true true false 8 Double 8 38 ,First,#,Database Connections\OSA@assess@gissql01.sde\assess.ASSESS_ADMIN.Jurisdiction\assess.ASSESS_ADMIN.Municipalities,ACRES,-1,-1;SQMI 'SQMI' true true false 8 Double 8 38 ,First,#,Database Connections\OSA@assess@gissql01.sde\assess.ASSESS_ADMIN.Jurisdiction\assess.ASSESS_ADMIN.Municipalities,SQMI,-1,-1;MUNICODE 'MUNICODE' true true false 3 Text 0 0 ,First,#,Database Connections\OSA@assess@gissql01.sde\assess.ASSESS_ADMIN.Jurisdiction\assess.ASSESS_ADMIN.Municipalities,MUNICODE,-1,-1;CNTL_ID 'CNTL_ID' true true false 10 Text 0 0 ,First,#,Database Connections\OSA@assess@gissql01.sde\assess.ASSESS_ADMIN.Jurisdiction\assess.ASSESS_ADMIN.Municipalities,CNTL_ID,-1,-1;CNTYCOUNCIL 'CNTYCOUNCIL' true true false 2 Short 0 5 ,First,#,Database Connections\OSA@assess@gissql01.sde\assess.ASSESS_ADMIN.Jurisdiction\assess.ASSESS_ADMIN.Municipalities,CNTYCOUNCIL,-1,-1;EOC 'EOC' true true false 20 Text 0 0 ,First,#,Database Connections\OSA@assess@gissql01.sde\assess.ASSESS_ADMIN.Jurisdiction\assess.ASSESS_ADMIN.Municipalities,EOC,-1,-1;ASSESSORTERRITORY 'ASSESSORTERRITORY' true true false 50 Text 0 0 ,First,#,Database Connections\OSA@assess@gissql01.sde\assess.ASSESS_ADMIN.Jurisdiction\assess.ASSESS_ADMIN.Municipalities,ASSESSORTERRITORY,-1,-1;VALUATIONAREA 'VALUATIONAREA' true true false 50 Text 0 0 ,First,#,Database Connections\OSA@assess@gissql01.sde\assess.ASSESS_ADMIN.Jurisdiction\assess.ASSESS_ADMIN.Municipalities,VALUATIONAREA,-1,-1;YEARCONVERTED 'YEARCONVERTED' true true false 8 Double 8 38 ,First,#,Database Connections\OSA@assess@gissql01.sde\assess.ASSESS_ADMIN.Jurisdiction\assess.ASSESS_ADMIN.Municipalities,YEARCONVERTED,-1,-1;SHAPE_area 'SHAPE_area' false false true 0 Double 0 0 ,First,#,Database Connections\OSA@assess@gissql01.sde\assess.ASSESS_ADMIN.Jurisdiction\assess.ASSESS_ADMIN.Municipalities,SHAPE.area,-1,-1;SHAPE_len 'SHAPE_len' false false true 0 Double 0 0 ,First,#,Database Connections\OSA@assess@gissql01.sde\assess.ASSESS_ADMIN.Jurisdiction\assess.ASSESS_ADMIN.Municipalities,SHAPE.len,-1,-1" # C:\TEMP\MuniBoundaries.mdb\muniboundaries</Process><Process ToolSource="C:\Program Files\ArcGIS\ArcToolbox\Toolboxes\Data Management Tools.tbx\Merge" Date="20110322" Time="131801">Merge Wilkinsburg_FireDistricts;Fire_Zones V:\GIS-ADMIN\Workspaces\Reinhold\Projects\Fire\Geodatabase\FireDistricts01_24_11.mdb\Fire_Zones2 "NAME 'NAME' true true false 30 Text 0 0 ,First,#,Wilkinsburg_FireDistricts,NAME,-1,-1;TYPE 'TYPE' true true false 10 Text 0 0 ,First,#,Wilkinsburg_FireDistricts,TYPE,-1,-1;LABEL 'LABEL' true true false 40 Text 0 0 ,First,#,Wilkinsburg_FireDistricts,LABEL,-1,-1;COG 'COG' true true false 40 Text 0 0 ,First,#,Wilkinsburg_FireDistricts,COG,-1,-1;SCHOOLD 'SCHOOLD' true true false 40 Text 0 0 ,First,#,Wilkinsburg_FireDistricts,SCHOOLD,-1,-1;CONGDIST 'CONGDIST' true true false 2 Short 0 0 ,First,#,Wilkinsburg_FireDistricts,CONGDIST,-1,-1;FIPS 'FIPS' true true false 4 Long 0 0 ,First,#,Wilkinsburg_FireDistricts,FIPS,-1,-1;REGION 'REGION' true true false 3 Text 0 0 ,First,#,Wilkinsburg_FireDistricts,REGION,-1,-1;ACRES 'ACRES' true true false 8 Double 0 0 ,First,#,Wilkinsburg_FireDistricts,ACRES,-1,-1;SQMI 'SQMI' true true false 8 Double 0 0 ,First,#,Wilkinsburg_FireDistricts,SQMI,-1,-1;MUNICODE 'MUNICODE' true true false 3 Text 0 0 ,First,#,Wilkinsburg_FireDistricts,MUNICODE,-1,-1;CNTL_ID 'CNTL_ID' true true false 10 Text 0 0 ,First,#,Wilkinsburg_FireDistricts,CNTL_ID,-1,-1;CNTYCOUNCIL 'CNTYCOUNCIL' true true false 2 Short 0 0 ,First,#,Wilkinsburg_FireDistricts,CNTYCOUNCIL,-1,-1;EOC 'EOC' true true false 20 Text 0 0 ,First,#,Wilkinsburg_FireDistricts,EOC,-1,-1;ASSESSORTERRITORY 'ASSESSORTERRITORY' true true false 50 Text 0 0 ,First,#,Wilkinsburg_FireDistricts,ASSESSORTERRITORY,-1,-1;VALUATIONAREA 'VALUATIONAREA' true true false 50 Text 0 0 ,First,#,Wilkinsburg_FireDistricts,VALUATIONAREA,-1,-1;YEARCONVERTED 'YEARCONVERTED' true true false 8 Double 0 0 ,First,#,Wilkinsburg_FireDistricts,YEARCONVERTED,-1,-1;WARD 'WARD' true true false 2 Short 0 0 ,First,#,Wilkinsburg_FireDistricts,WARD,-1,-1;Shape_Length 'Shape_Length' false true true 8 Double 0 0 ,First,#,Wilkinsburg_FireDistricts,Shape_Length,-1,-1,Fire_Zones,Shape_Length,-1,-1;Shape_Area 'Shape_Area' false true true 8 Double 0 0 ,First,#,Wilkinsburg_FireDistricts,Shape_Area,-1,-1,Fire_Zones,Shape_Area,-1,-1;FireDistrict 'FireDistrict' true true false 10 Text 0 0 ,First,#,Wilkinsburg_FireDistricts,FireDistrict,-1,-1;AREA 'AREA' true true false 4 Float 0 0 ,First,#,Fire_Zones,AREA,-1,-1;PERIMETER 'PERIMETER' true true false 4 Float 0 0 ,First,#,Fire_Zones,PERIMETER,-1,-1;FIREZONES_ 'FIREZONES_' true true false 4 Long 0 0 ,First,#,Fire_Zones,FIREZONES_,-1,-1;FIREZONES_ID 'FIREZONES_ID' true true false 4 Long 0 0 ,First,#,Fire_Zones,FIREZONES_ID,-1,-1;DIST_ZONE 'DIST_ZONE' true true false 10 Text 0 0 ,First,#,Fire_Zones,DIST_ZONE,-1,-1;OldDist_Zone 'OldDist_Zone' true true false 10 Text 0 0 ,First,#,Fire_Zones,OldDist_Zone,-1,-1;MapBook 'MapBook' true true false 50 Text 0 0 ,First,#,Fire_Zones,MapBook,-1,-1"</Process><Process ToolSource="C:\Program Files\ArcGIS\ArcToolbox\Toolboxes\Data Management Tools.tbx\DeleteField" Date="20110322" Time="132346">DeleteField V:\GIS-ADMIN\Workspaces\Reinhold\Projects\Fire\Geodatabase\FireDistricts01_24_11.mdb\Fire_Zones2 NAME;TYPE;LABEL;COG;SCHOOLD;CONGDIST;FIPS;REGION;ACRES;SQMI;MUNICODE;CNTL_ID;CNTYCOUNCIL;EOC;ASSESSORTERRITORY;VALUATIONAREA;YEARCONVERTED;WARD;FireDistrict V:\GIS-ADMIN\Workspaces\Reinhold\Projects\Fire\Geodatabase\FireDistricts01_24_11.mdb\Fire_Zones2</Process><Process ToolSource="C:\Program Files\ArcGIS\ArcToolbox\Toolboxes\Conversion Tools.tbx\FeatureClassToFeatureClass" Date="20110510" Time="121144">FeatureClassToFeatureClass V:\GIS-ADMIN\Workspaces\Reinhold\Projects\Fire\Geodatabase\FireDistricts01_24_11.mdb\Fire_Zones2 "V:\GIS-ADMIN\Current Data\Current_Data.gdb" Fire_Zones # "AREA 'AREA' true true false 4 Float 0 0 ,First,#,V:\GIS-ADMIN\Workspaces\Reinhold\Projects\Fire\Geodatabase\FireDistricts01_24_11.mdb\Fire_Zones2,AREA,-1,-1;PERIMETER 'PERIMETER' true true false 4 Float 0 0 ,First,#,V:\GIS-ADMIN\Workspaces\Reinhold\Projects\Fire\Geodatabase\FireDistricts01_24_11.mdb\Fire_Zones2,PERIMETER,-1,-1;FIREZONES_ 'FIREZONES_' true true false 4 Long 0 0 ,First,#,V:\GIS-ADMIN\Workspaces\Reinhold\Projects\Fire\Geodatabase\FireDistricts01_24_11.mdb\Fire_Zones2,FIREZONES_,-1,-1;FIREZONES_ID 'FIREZONES_ID' true true false 4 Long 0 0 ,First,#,V:\GIS-ADMIN\Workspaces\Reinhold\Projects\Fire\Geodatabase\FireDistricts01_24_11.mdb\Fire_Zones2,FIREZONES_ID,-1,-1;DIST_ZONE 'DIST_ZONE' true true false 10 Text 0 0 ,First,#,V:\GIS-ADMIN\Workspaces\Reinhold\Projects\Fire\Geodatabase\FireDistricts01_24_11.mdb\Fire_Zones2,DIST_ZONE,-1,-1;OldDist_Zone 'OldDist_Zone' true true false 10 Text 0 0 ,First,#,V:\GIS-ADMIN\Workspaces\Reinhold\Projects\Fire\Geodatabase\FireDistricts01_24_11.mdb\Fire_Zones2,OldDist_Zone,-1,-1;MapBook 'MapBook' true true false 50 Text 0 0 ,First,#,V:\GIS-ADMIN\Workspaces\Reinhold\Projects\Fire\Geodatabase\FireDistricts01_24_11.mdb\Fire_Zones2,MapBook,-1,-1;Shape_Length 'Shape_Length' false true true 8 Double 0 0 ,First,#,V:\GIS-ADMIN\Workspaces\Reinhold\Projects\Fire\Geodatabase\FireDistricts01_24_11.mdb\Fire_Zones2,Shape_Length,-1,-1;Shape_Area 'Shape_Area' false true true 8 Double 0 0 ,First,#,V:\GIS-ADMIN\Workspaces\Reinhold\Projects\Fire\Geodatabase\FireDistricts01_24_11.mdb\Fire_Zones2,Shape_Area,-1,-1" # "V:\GIS-ADMIN\Current Data\Current_Data.gdb\Fire_Zones"</Process><Process ToolSource="c:\program files\arcgis\desktop10.1\ArcToolbox\Toolboxes\Data Management Tools.tbx\CopyFeatures" Date="20121024" Time="130813">CopyFeatures Fire_Zones V:\GIS-ADMIN\google_shapefiles\Fire_Zones.shp # 0 0 0</Process></lineage><itemProps><itemName Sync="TRUE">Fire_Zones</itemName><imsContentType Sync="TRUE">002</imsContentType><itemSize Sync="TRUE">0.000</itemSize><itemLocation><linkage Sync="TRUE">file://\\gis0011\pgh-gis\GIS-ADMIN\google_shapefiles\Fire_Zones.shp</linkage><protocol Sync="TRUE">Local Area Network</protocol></itemLocation></itemProps><coordRef><type Sync="TRUE">Projected</type><geogcsn Sync="TRUE">GCS_North_American_1983</geogcsn><csUnits Sync="TRUE">Linear Unit: Foot_US (0.304801)</csUnits><projcsn Sync="TRUE">NAD_1983_StatePlane_Pennsylvania_South_FIPS_3702_Feet</projcsn><peXml Sync="TRUE">&lt;ProjectedCoordinateSystem xsi:type='typens:ProjectedCoordinateSystem' xmlns:xsi='http://www.w3.org/2001/XMLSchema-instance' xmlns:xs='http://www.w3.org/2001/XMLSchema' xmlns:typens='http://www.esri.com/schemas/ArcGIS/10.1'&gt;&lt;WKT&gt;PROJCS[&amp;quot;NAD_1983_StatePlane_Pennsylvania_South_FIPS_3702_Feet&amp;quot;,GEOGCS[&amp;quot;GCS_North_American_1983&amp;quot;,DATUM[&amp;quot;D_North_American_1983&amp;quot;,SPHEROID[&amp;quot;GRS_1980&amp;quot;,6378137.0,298.257222101]],PRIMEM[&amp;quot;Greenwich&amp;quot;,0.0],UNIT[&amp;quot;Degree&amp;quot;,0.0174532925199433]],PROJECTION[&amp;quot;Lambert_Conformal_Conic&amp;quot;],PARAMETER[&amp;quot;False_Easting&amp;quot;,1968500.0],PARAMETER[&amp;quot;False_Northing&amp;quot;,0.0],PARAMETER[&amp;quot;Central_Meridian&amp;quot;,-77.75],PARAMETER[&amp;quot;Standard_Parallel_1&amp;quot;,39.93333333333333],PARAMETER[&amp;quot;Standard_Parallel_2&amp;quot;,40.96666666666667],PARAMETER[&amp;quot;Latitude_Of_Origin&amp;quot;,39.33333333333334],UNIT[&amp;quot;Foot_US&amp;quot;,0.3048006096012192],AUTHORITY[&amp;quot;EPSG&amp;quot;,2272]]&lt;/WKT&gt;&lt;XOrigin&gt;-119214200&lt;/XOrigin&gt;&lt;YOrigin&gt;-96198500&lt;/YOrigin&gt;&lt;XYScale&gt;37163717.489134133&lt;/XYScale&gt;&lt;ZOrigin&gt;-100000&lt;/ZOrigin&gt;&lt;ZScale&gt;10000&lt;/ZScale&gt;&lt;MOrigin&gt;-100000&lt;/MOrigin&gt;&lt;MScale&gt;10000&lt;/MScale&gt;&lt;XYTolerance&gt;0.0032808333333333331&lt;/XYTolerance&gt;&lt;ZTolerance&gt;0.001&lt;/ZTolerance&gt;&lt;MTolerance&gt;0.001&lt;/MTolerance&gt;&lt;HighPrecision&gt;true&lt;/HighPrecision&gt;&lt;WKID&gt;102729&lt;/WKID&gt;&lt;LatestWKID&gt;2272&lt;/LatestWKID&gt;&lt;/ProjectedCoordinateSystem&gt;</peXml></coordRef></DataProperties><SyncDate>20121024</SyncDate><SyncTime>13081100</SyncTime><ModDate>20121024</ModDate><ModTime>13081100</ModTime><MetaID>{0B79AA4B-D1EB-48FE-87F5-9AD990DF8826}</MetaID></Esri><idinfo><native Sync="TRUE">Microsoft Windows XP Version 5.1 (Build 2600) Service Pack 3; ESRI ArcCatalog 9.3.1.3000</native><descript><langdata Sync="TRUE">en</langdata><abstract>REQUIRED: A brief narrative summary of the data set.</abstract><purpose>REQUIRED: A summary of the intentions with which the data set was developed.</purpose></descript><citation><citeinfo><origin>REQUIRED: The name of an organization or individual that developed the data set.</origin><pubdate>REQUIRED: The date when the data set is published or otherwise made available for release.</pubdate><title Sync="TRUE">Fire_Zones</title><ftname Sync="TRUE">Fire_Zones</ftname><geoform Sync="TRUE">vector digital data</geoform><onlink Sync="TRUE">\\Gis0011\pgh-gis\GIS-ADMIN\Current Data\Current_Data.gdb</onlink></citeinfo></citation><timeperd><current>REQUIRED: The basis on which the time period of content information is determined.</current><timeinfo><sngdate><caldate>REQUIRED: The year (and optionally month, or month and day) for which the data set corresponds to the ground.</caldate></sngdate></timeinfo></timeperd><status><progress>REQUIRED: The state of the data set.</progress><update>REQUIRED: The frequency with which changes and additions are made to the data set after the initial data set is completed.</update></status><spdom><bounding><westbc Sync="TRUE">REQUIRED: Western-most coordinate of the limit of coverage expressed in longitude.</westbc><eastbc Sync="TRUE">REQUIRED: Eastern-most coordinate of the limit of coverage expressed in longitude.</eastbc><northbc Sync="TRUE">REQUIRED: Northern-most coordinate of the limit of coverage expressed in latitude.</northbc><southbc Sync="TRUE">REQUIRED: Southern-most coordinate of the limit of coverage expressed in latitude.</southbc></bounding></spdom><keywords><theme><themekt>REQUIRED: Reference to a formally registered thesaurus or a similar authoritative source of theme keywords.</themekt><themekey>REQUIRED: Common-use word or phrase used to describe the subject of the data set.</themekey></theme></keywords><accconst>REQUIRED: Restrictions and legal prerequisites for accessing the data set.</accconst><useconst>REQUIRED: Restrictions and legal prerequisites for using the data set after access is granted.</useconst><natvform Sync="TRUE">File Geodatabase Feature Class</natvform></idinfo><dataIdInfo><envirDesc Sync="TRUE">Microsoft Windows XP Version 5.1 (Build 2600) Service Pack 3; Esri ArcGIS 10.1.0.3035</envirDesc><dataLang><languageCode Sync="TRUE" value="en"></languageCode><countryCode value="US" Sync="TRUE"></countryCode></dataLang><idCitation><resTitle Sync="TRUE">Fire_Zones</resTitle><presForm><PresFormCd Sync="TRUE" value="005"></PresFormCd></presForm></idCitation><spatRpType><SpatRepTypCd Sync="TRUE" value="001"></SpatRepTypCd></spatRpType></dataIdInfo><metainfo><langmeta Sync="TRUE">en</langmeta><metstdn Sync="TRUE">FGDC Content Standards for Digital Geospatial Metadata</metstdn><metstdv Sync="TRUE">FGDC-STD-001-1998</metstdv><mettc Sync="TRUE">local time</mettc><metc><cntinfo><cntorgp><cntper>REQUIRED: The person responsible for the metadata information.</cntper><cntorg>REQUIRED: The organization responsible for the metadata information.</cntorg></cntorgp><cntaddr><addrtype>REQUIRED: The mailing and/or physical address for the organization or individual.</addrtype><city>REQUIRED: The city of the address.</city><state>REQUIRED: The state or province of the address.</state><postal>REQUIRED: The ZIP or other postal code of the address.</postal></cntaddr><cntvoice>REQUIRED: The telephone number by which individuals can speak to the organization or individual.</cntvoice></cntinfo></metc><metd Sync="TRUE">20110510</metd></metainfo><mdLang><languageCode Sync="TRUE" value="en"></languageCode><countryCode value="US" Sync="TRUE"></countryCode></mdLang><mdStanName Sync="TRUE">ISO 19115 Geographic Information - Metadata</mdStanName><mdStanVer Sync="TRUE">DIS_ESRI1.0</mdStanVer><mdChar><CharSetCd Sync="TRUE" value="004"></CharSetCd></mdChar><mdHrLv><ScopeCd Sync="TRUE" value="005"></ScopeCd></mdHrLv><mdHrLvName Sync="TRUE">dataset</mdHrLvName><distinfo><resdesc Sync="TRUE">Downloadable Data</resdesc></distinfo><distInfo><distributor><distorTran><onLineSrc><orDesc Sync="TRUE">002</orDesc><linkage Sync="TRUE">file://\\Gis0011\pgh-gis\GIS-ADMIN\Current Data\Current_Data.gdb</linkage><protocol Sync="TRUE">Local Area Network</protocol></onLineSrc></distorTran><distorFormat><formatName Sync="TRUE">File Geodatabase Feature Class</formatName></distorFormat></distributor><distFormat><formatName Sync="TRUE">Shapefile</formatName></distFormat><distTranOps><transSize Sync="TRUE">0.000</transSize></distTranOps></distInfo><spdoinfo><direct Sync="TRUE">Vector</direct><ptvctinf><esriterm Name="Fire_Zones"><efeatyp Sync="TRUE">Simple</efeatyp><efeageom code="4" Sync="TRUE"></efeageom><esritopo Sync="TRUE">FALSE</esritopo><efeacnt Sync="TRUE">0</efeacnt><spindex Sync="TRUE">FALSE</spindex><linrefer Sync="TRUE">FALSE</linrefer></esriterm></ptvctinf></spdoinfo><spref><horizsys><cordsysn><geogcsn Sync="TRUE">GCS_North_American_1983</geogcsn><projcsn Sync="TRUE">NAD_1983_StatePlane_Pennsylvania_South_FIPS_3702_Feet</projcsn></cordsysn><planar><planci><plance Sync="TRUE">coordinate pair</plance><plandu Sync="TRUE">survey feet</plandu><coordrep><absres Sync="TRUE">0.000041</absres><ordres Sync="TRUE">0.000041</ordres></coordrep></planci></planar><geodetic><horizdn Sync="TRUE">North American Datum of 1983</horizdn><ellips Sync="TRUE">Geodetic Reference System 80</ellips><semiaxis Sync="TRUE">6378137.000000</semiaxis><denflat Sync="TRUE">298.257222</denflat></geodetic></horizsys><vertdef><altsys><altenc Sync="TRUE">Explicit elevation coordinate included with horizontal coordinates</altenc><altres Sync="TRUE">0.000122</altres></altsys></vertdef></spref><refSysInfo><RefSystem><refSysID><identCode Sync="TRUE" value="2272">NAD_1983_StatePlane_Pennsylvania_South_FIPS_3702_Feet</identCode><idCodeSpace Sync="TRUE">EPSG</idCodeSpace><idVersion Sync="TRUE">7.9.4</idVersion></refSysID></RefSystem></refSysInfo><spatRepInfo><VectSpatRep><geometObjs Name="Fire_Zones"><geoObjTyp><GeoObjTypCd value="002" Sync="TRUE"></GeoObjTypCd></geoObjTyp><geoObjCnt Sync="TRUE">0</geoObjCnt></geometObjs><topLvl><TopoLevCd value="001" Sync="TRUE"></TopoLevCd></topLvl></VectSpatRep></spatRepInfo><eainfo><detailed Name="Fire_Zones"><enttyp><enttypl Sync="TRUE">Fire_Zones</enttypl><enttypt Sync="TRUE">Feature Class</enttypt><enttypc Sync="TRUE">0</enttypc></enttyp><attr><attrlabl Sync="TRUE">FID</attrlabl><attalias Sync="TRUE">FID</attalias><attrtype Sync="TRUE">OID</attrtype><attwidth Sync="TRUE">4</attwidth><atprecis Sync="TRUE">0</atprecis><attscale Sync="TRUE">0</attscale><attrdef Sync="TRUE">Internal feature number.</attrdef><attrdefs Sync="TRUE">Esri</attrdefs><attrdomv><udom Sync="TRUE">Sequential unique whole numbers that are automatically generated.</udom></attrdomv></attr><attr><attrlabl Sync="TRUE">Shape</attrlabl><attalias Sync="TRUE">Shape</attalias><attrtype Sync="TRUE">Geometry</attrtype><attwidth Sync="TRUE">0</attwidth><atprecis Sync="TRUE">0</atprecis><attscale Sync="TRUE">0</attscale><attrdef Sync="TRUE">Feature geometry.</attrdef><attrdefs Sync="TRUE">ESRI</attrdefs><attrdomv><udom Sync="TRUE">Coordinates defining the features.</udom></attrdomv></attr><attr><attrlabl Sync="TRUE">AREA</attrlabl><attalias Sync="TRUE">AREA</attalias><attrtype Sync="TRUE">Single</attrtype><attwidth Sync="TRUE">13</attwidth><atprecis Sync="TRUE">0</atprecis><attscale Sync="TRUE">0</attscale></attr><attr><attrlabl Sync="TRUE">PERIMETER</attrlabl><attalias Sync="TRUE">PERIMETER</attalias><attrtype Sync="TRUE">Single</attrtype><attwidth Sync="TRUE">13</attwidth><atprecis Sync="TRUE">0</atprecis><attscale Sync="TRUE">0</attscale></attr><attr><attrlabl Sync="TRUE">FIREZONES_</attrlabl><attalias Sync="TRUE">FIREZONES_</attalias><attrtype Sync="TRUE">Integer</attrtype><attwidth Sync="TRUE">9</attwidth><atprecis Sync="TRUE">9</atprecis><attscale Sync="TRUE">0</attscale></attr><attr><attrlabl Sync="TRUE">FIREZONES1</attrlabl><attalias Sync="TRUE">FIREZONES1</attalias><attrtype Sync="TRUE">Integer</attrtype><attwidth Sync="TRUE">9</attwidth><atprecis Sync="TRUE">9</atprecis><attscale Sync="TRUE">0</attscale></attr><attr><attrlabl Sync="TRUE">DIST_ZONE</attrlabl><attalias Sync="TRUE">DIST_ZONE</attalias><attrtype Sync="TRUE">String</attrtype><attwidth Sync="TRUE">10</attwidth><atprecis Sync="TRUE">0</atprecis><attscale Sync="TRUE">0</attscale></attr><attr><attrlabl Sync="TRUE">OldDist_Zo</attrlabl><attalias Sync="TRUE">OldDist_Zo</attalias><attrtype Sync="TRUE">String</attrtype><attwidth Sync="TRUE">10</attwidth><atprecis Sync="TRUE">0</atprecis><attscale Sync="TRUE">0</attscale></attr><attr><attrlabl Sync="TRUE">MapBook</attrlabl><attalias Sync="TRUE">MapBook</attalias><attrtype Sync="TRUE">String</attrtype><attwidth Sync="TRUE">50</attwidth><atprecis Sync="TRUE">0</atprecis><attscale Sync="TRUE">0</attscale></attr><attr><attrlabl Sync="TRUE">Shape_Leng</attrlabl><attalias Sync="TRUE">Shape_Leng</attalias><attrtype Sync="TRUE">Double</attrtype><attwidth Sync="TRUE">19</attwidth><atprecis Sync="TRUE">0</atprecis><attscale Sync="TRUE">0</attscale></attr><attr><attrlabl Sync="TRUE">Shape_Area</attrlabl><attalias Sync="TRUE">Shape_Area</attalias><attrtype Sync="TRUE">Double</attrtype><attwidth Sync="TRUE">19</attwidth><atprecis Sync="TRUE">0</atprecis><attscale Sync="TRUE">0</attscale><attrdef Sync="TRUE">Area of feature in internal units squared.</attrdef><attrdefs Sync="TRUE">ESRI</attrdefs><attrdomv><udom Sync="TRUE">Positive real numbers that are automatically generated.</udom></attrdomv></attr></detailed></eainfo><mdDateSt Sync="TRUE">20121024</mdDateSt><dataqual><lineage><procstep><procdesc Sync="TRUE">Dataset copied.</procdesc><srcused Sync="TRUE">\\DCP0198X\C$\CountyData\MuniBoundaries.mdb</srcused><procdate Sync="TRUE">20100805</procdate><proctime Sync="TRUE">15104700</proctime></procstep><procstep><procdesc Sync="TRUE">Dataset copied.</procdesc><srcused Sync="TRUE">\\Gis0011\pgh-gis\GIS-ADMIN\Workspaces\Reinhold\Projects\Fire\Geodatabase\Wilkinsburg.mdb</srcused><procdate Sync="TRUE">20100805</procdate><proctime Sync="TRUE">15161600</proctime></procstep><procstep><procdesc Sync="TRUE">Dataset copied.</procdesc><srcused Sync="TRUE">\\Gis0011\pgh-gis\GIS-ADMIN\Workspaces\Reinhold\Projects\Fire\Geodatabase\Wilkinsburg.mdb</srcused><procdate Sync="TRUE">20100929</procdate><proctime Sync="TRUE">12212700</proctime></procstep></lineage></dataqual></metadata>
