<?xml version="1.0"?>
<!--<!DOCTYPE metadata SYSTEM "http://www.esri.com/metadata/esriprof80.dtd">-->
<metadata xml:lang="en"><Esri><CreaDate>20030102</CreaDate><CreaTime>09162600</CreaTime><SyncOnce>FALSE</SyncOnce><MetaID>{9ABA1A9A-1E5C-11D7-B6EC-0002A5A901D0}</MetaID><SyncDate>20121024</SyncDate><SyncTime>13050400</SyncTime><ModDate>20121024</ModDate><ModTime>13050400</ModTime><DataProperties><lineage><Process ToolSource="C:\Program Files\ArcGIS\ArcToolbox\Toolboxes\Conversion Tools.tbx\FeatureClassToFeatureClass" Date="20091009" Time="152056">FeatureClassToFeatureClass V:\Citywide\Data\Shapefiles\bg2000.shp "V:\GIS-ADMIN\Current Data\Current_Data.gdb" Block_Group_2000 # "AREA 'AREA' true true false 13 Double 3 12 ,First,#,V:\Citywide\Data\Shapefiles\bg2000.shp,AREA,-1,-1;PERIMETER 'PERIMETER' true true false 13 Double 3 12 ,First,#,V:\Citywide\Data\Shapefiles\bg2000.shp,PERIMETER,-1,-1;BG2000_ 'BG2000_' true true false 11 Double 0 11 ,First,#,V:\Citywide\Data\Shapefiles\bg2000.shp,BG2000_,-1,-1;BG2000_ID 'BG2000_ID' true true false 11 Double 0 11 ,First,#,V:\Citywide\Data\Shapefiles\bg2000.shp,BG2000_ID,-1,-1;CENT2000 'CENT2000' true true false 5 Text 0 0 ,First,#,V:\Citywide\Data\Shapefiles\bg2000.shp,CENT2000,-1,-1;BG2000 'BG2000' true true false 1 Text 0 0 ,First,#,V:\Citywide\Data\Shapefiles\bg2000.shp,BG2000,-1,-1;TRACTBG 'TRACTBG' true true false 7 Text 0 0 ,First,#,V:\Citywide\Data\Shapefiles\bg2000.shp,TRACTBG,-1,-1;CLARITAS 'CLARITAS' true true false 12 Text 0 0 ,First,#,V:\Citywide\Data\Shapefiles\bg2000.shp,CLARITAS,-1,-1;under18 'under18' true true false 4 Short 0 4 ,First,#,V:\Citywide\Data\Shapefiles\bg2000.shp,under18,-1,-1" # "V:\GIS-ADMIN\Current Data\Current_Data.gdb\Block_Group_2000"</Process><Process ToolSource="c:\program files\arcgis\desktop10.1\ArcToolbox\Toolboxes\Data Management Tools.tbx\CopyFeatures" Date="20121024" Time="130506">CopyFeatures Block_Group_2000 V:\GIS-ADMIN\google_shapefiles\Block_Group_2000.shp # 0 0 0</Process></lineage><itemProps><itemName Sync="TRUE">Block_Group_2000</itemName><imsContentType Sync="TRUE">002</imsContentType><itemSize Sync="TRUE">0.000</itemSize><itemLocation><linkage Sync="TRUE">file://\\gis0011\pgh-gis\GIS-ADMIN\google_shapefiles\Block_Group_2000.shp</linkage><protocol Sync="TRUE">Local Area Network</protocol></itemLocation></itemProps><coordRef><type Sync="TRUE">Projected</type><geogcsn Sync="TRUE">GCS_North_American_1983</geogcsn><csUnits Sync="TRUE">Linear Unit: Foot_US (0.304801)</csUnits><projcsn Sync="TRUE">NAD_1983_StatePlane_Pennsylvania_South_FIPS_3702_Feet</projcsn><peXml Sync="TRUE">&lt;ProjectedCoordinateSystem xsi:type='typens:ProjectedCoordinateSystem' xmlns:xsi='http://www.w3.org/2001/XMLSchema-instance' xmlns:xs='http://www.w3.org/2001/XMLSchema' xmlns:typens='http://www.esri.com/schemas/ArcGIS/10.1'&gt;&lt;WKT&gt;PROJCS[&amp;quot;NAD_1983_StatePlane_Pennsylvania_South_FIPS_3702_Feet&amp;quot;,GEOGCS[&amp;quot;GCS_North_American_1983&amp;quot;,DATUM[&amp;quot;D_North_American_1983&amp;quot;,SPHEROID[&amp;quot;GRS_1980&amp;quot;,6378137.0,298.257222101]],PRIMEM[&amp;quot;Greenwich&amp;quot;,0.0],UNIT[&amp;quot;Degree&amp;quot;,0.0174532925199433]],PROJECTION[&amp;quot;Lambert_Conformal_Conic&amp;quot;],PARAMETER[&amp;quot;False_Easting&amp;quot;,1968500.0],PARAMETER[&amp;quot;False_Northing&amp;quot;,0.0],PARAMETER[&amp;quot;Central_Meridian&amp;quot;,-77.75],PARAMETER[&amp;quot;Standard_Parallel_1&amp;quot;,39.93333333333333],PARAMETER[&amp;quot;Standard_Parallel_2&amp;quot;,40.96666666666667],PARAMETER[&amp;quot;Latitude_Of_Origin&amp;quot;,39.33333333333334],UNIT[&amp;quot;Foot_US&amp;quot;,0.3048006096012192],AUTHORITY[&amp;quot;EPSG&amp;quot;,2272]]&lt;/WKT&gt;&lt;XOrigin&gt;-119214200&lt;/XOrigin&gt;&lt;YOrigin&gt;-96198500&lt;/YOrigin&gt;&lt;XYScale&gt;37163717.489134133&lt;/XYScale&gt;&lt;ZOrigin&gt;-100000&lt;/ZOrigin&gt;&lt;ZScale&gt;10000&lt;/ZScale&gt;&lt;MOrigin&gt;-100000&lt;/MOrigin&gt;&lt;MScale&gt;10000&lt;/MScale&gt;&lt;XYTolerance&gt;0.0032808333333333331&lt;/XYTolerance&gt;&lt;ZTolerance&gt;0.001&lt;/ZTolerance&gt;&lt;MTolerance&gt;0.001&lt;/MTolerance&gt;&lt;HighPrecision&gt;true&lt;/HighPrecision&gt;&lt;WKID&gt;102729&lt;/WKID&gt;&lt;LatestWKID&gt;2272&lt;/LatestWKID&gt;&lt;/ProjectedCoordinateSystem&gt;</peXml></coordRef></DataProperties></Esri><idinfo><citation><citeinfo><origin>US Census Bureau</origin><pubdate>Unknown</pubdate><title>Block Groups, 2000</title><ftname Sync="TRUE">Block_Group_2000</ftname><geoform Sync="TRUE">vector digital data</geoform><onlink Sync="TRUE">\\gis0011\pgh-gis\GIS-ADMIN\Current Data\Current_Data.gdb</onlink></citeinfo></citation><native Sync="TRUE">Microsoft Windows XP Version 5.1 (Build 2600) Service Pack 3; ESRI ArcCatalog 9.3.1.3000</native><descript><langdata Sync="TRUE">en</langdata><abstract>Block Groups, 2000</abstract><purpose>Census Block Group for the 2000 Census.</purpose></descript><timeperd><current>publication date</current><timeinfo><sngdate><caldate>unknown</caldate></sngdate></timeinfo></timeperd><status><progress>Complete</progress><update>Unknown</update></status><spdom><bounding><westbc Sync="TRUE">-80.096786</westbc><eastbc Sync="TRUE">-79.862845</eastbc><northbc Sync="TRUE">40.503675</northbc><southbc Sync="TRUE">40.358000</southbc></bounding><lboundng><leftbc Sync="TRUE">1315933.625000</leftbc><rightbc Sync="TRUE">1379779.625000</rightbc><bottombc Sync="TRUE">381925.562500</bottombc><topbc Sync="TRUE">433399.406250</topbc></lboundng></spdom><keywords><theme><themekey>block</themekey><themekey>block groups</themekey><themekey>census</themekey></theme><place><placekey>Pittsburgh</placekey><placekey>Pennsylvania</placekey><placekey>Allegheny County</placekey></place><theme><themekt>ISO 19115 Topic Category </themekt><themekey>boundaries</themekey><themekey>society</themekey></theme></keywords><accconst>None</accconst><useconst>None</useconst><natvform Sync="TRUE">File Geodatabase Feature Class</natvform><ptcontac><cntinfo><cntorgp><cntorg>City of Pittsburgh, Department of City Planning</cntorg><cntper>GIS Manager</cntper></cntorgp><cntaddr><addrtype>mailing and physical address</addrtype><address>200 Ross Street, 4th Floor</address><city>Pittsburgh</city><state>PA</state><postal>15219</postal><country>USA</country></cntaddr><cntvoice>412-255-2200</cntvoice><cntfax>412-255-2838</cntfax><cntemail>Email not applicable</cntemail></cntinfo></ptcontac><browse/></idinfo><distInfo><distributor><distorTran><onLineSrc><linkage Sync="TRUE">file://\\gis0011\pgh-gis\GIS-ADMIN\Current Data\Current_Data.gdb</linkage><protocol Sync="TRUE">Local Area Network</protocol><orDesc Sync="TRUE">002</orDesc></onLineSrc><transSize Sync="TRUE">0.966</transSize></distorTran><distorFormat><formatName Sync="TRUE">File Geodatabase Feature Class</formatName></distorFormat></distributor><distFormat><formatName Sync="TRUE">Shapefile</formatName></distFormat><distTranOps><transSize Sync="TRUE">0.000</transSize></distTranOps></distInfo><dataqual><lineage><procstep><procdesc Sync="TRUE">Dataset copied.</procdesc><srcused Sync="TRUE">y:\homa\bg2000</srcused><date Sync="TRUE">20030102</date><time Sync="TRUE">09124400</time></procstep><procstep><procdesc Sync="TRUE">Dataset copied.</procdesc><srcused Sync="TRUE">p:\citywide\data\coverages\bg2000</srcused><date Sync="TRUE">20030102</date><time Sync="TRUE">09162600</time></procstep></lineage></dataqual><dataIdInfo><envirDesc Sync="TRUE">Microsoft Windows XP Version 5.1 (Build 2600) Service Pack 3; Esri ArcGIS 10.1.0.3035</envirDesc><dataLang><languageCode Sync="TRUE" value="en"></languageCode><countryCode value="US" Sync="TRUE"></countryCode></dataLang><idCitation><resTitle Sync="TRUE">Block_Group_2000</resTitle><presForm><PresFormCd Sync="TRUE" value="005"></PresFormCd></presForm></idCitation><spatRpType><SpatRepTypCd Sync="TRUE" value="001"></SpatRepTypCd></spatRpType><dataExt><geoEle><GeoBndBox esriExtentType="native"><westBL Sync="TRUE">1315933.625</westBL><eastBL Sync="TRUE">1379779.625</eastBL><northBL Sync="TRUE">433399.40625</northBL><southBL Sync="TRUE">381925.5625</southBL><exTypeCode Sync="TRUE">1</exTypeCode></GeoBndBox></geoEle></dataExt><geoBox esriExtentType="decdegrees"><westBL Sync="TRUE">-80.096786</westBL><eastBL Sync="TRUE">-79.862845</eastBL><northBL Sync="TRUE">40.503675</northBL><southBL Sync="TRUE">40.358</southBL><exTypeCode Sync="TRUE">1</exTypeCode></geoBox></dataIdInfo><metainfo><langmeta Sync="TRUE">en</langmeta><metstdn Sync="TRUE">FGDC Content Standards for Digital Geospatial Metadata</metstdn><metstdv Sync="TRUE">FGDC-STD-001-1998</metstdv><mettc Sync="TRUE">local time</mettc><metc><cntinfo><cntorgp><cntper>GIS Manager</cntper><cntorg>City of Pittsburgh, Department of City Planning</cntorg></cntorgp><cntaddr><addrtype>mailing and physical address</addrtype><city>Pittsburgh</city><state>Pennsylvania</state><postal>15219</postal><address>200 Ross Street, 4th Floor</address><country>USA</country></cntaddr><cntvoice>412-255-2200</cntvoice><cntfax>412-255-2838</cntfax><cntemail>Email not applicable</cntemail></cntinfo></metc><metd Sync="TRUE">20091009</metd></metainfo><mdLang><languageCode Sync="TRUE" value="en"></languageCode><countryCode value="US" Sync="TRUE"></countryCode></mdLang><mdStanName Sync="TRUE">ISO 19115 Geographic Information - Metadata</mdStanName><mdStanVer Sync="TRUE">DIS_ESRI1.0</mdStanVer><mdChar><CharSetCd Sync="TRUE" value="004"></CharSetCd></mdChar><mdHrLv><ScopeCd Sync="TRUE" value="005"></ScopeCd></mdHrLv><mdHrLvName Sync="TRUE">dataset</mdHrLvName><distinfo><resdesc Sync="TRUE">Downloadable Data</resdesc><stdorder><digform><digtinfo><transize Sync="TRUE">0.966</transize><dssize Sync="TRUE">0.966</dssize></digtinfo></digform></stdorder><distrib><cntinfo><cntorgp><cntorg>City of Pittsburgh, Department of City Planning</cntorg><cntper>GIS Manager</cntper></cntorgp><cntaddr><addrtype>mailing and physical address</addrtype><address>200 Ross Street, 4th Floor</address><city>Pittsburgh</city><state>PA</state><postal>15219</postal><country>USA</country></cntaddr><cntvoice>412-255-2200</cntvoice><cntfax>412-255-2838</cntfax><cntemail>Email not applicable</cntemail></cntinfo></distrib><distliab>The City of Pittsburgh assumes no liability regarding the use of this data.</distliab></distinfo><spdoinfo><direct Sync="TRUE">Vector</direct><ptvctinf><esriterm Name="Block_Group_2000"><efeatyp Sync="TRUE">Simple</efeatyp><efeageom code="4" Sync="TRUE"></efeageom><esritopo Sync="TRUE">FALSE</esritopo><efeacnt Sync="TRUE">0</efeacnt><spindex Sync="TRUE">FALSE</spindex><linrefer Sync="TRUE">FALSE</linrefer></esriterm></ptvctinf></spdoinfo><spref><horizsys><cordsysn><geogcsn Sync="TRUE">GCS_North_American_1983</geogcsn><projcsn Sync="TRUE">NAD_1983_StatePlane_Pennsylvania_South_FIPS_3702_Feet</projcsn></cordsysn><planar><planci><plance Sync="TRUE">coordinate pair</plance><plandu Sync="TRUE">survey feet</plandu><coordrep><absres Sync="TRUE">0.000328</absres><ordres Sync="TRUE">0.000328</ordres></coordrep></planci></planar><geodetic><horizdn Sync="TRUE">North American Datum of 1983</horizdn><ellips Sync="TRUE">Geodetic Reference System 80</ellips><semiaxis Sync="TRUE">6378137.000000</semiaxis><denflat Sync="TRUE">298.257222</denflat></geodetic></horizsys></spref><refSysInfo><RefSystem><refSysID><identCode Sync="TRUE" value="2272">NAD_1983_StatePlane_Pennsylvania_South_FIPS_3702_Feet</identCode><idCodeSpace Sync="TRUE">EPSG</idCodeSpace><idVersion Sync="TRUE">7.9.4</idVersion></refSysID></RefSystem></refSysInfo><spatRepInfo><VectSpatRep><geometObjs Name="Block_Group_2000"><geoObjTyp><GeoObjTypCd value="002" Sync="TRUE"></GeoObjTypCd></geoObjTyp><geoObjCnt Sync="TRUE">0</geoObjCnt></geometObjs><topLvl><TopoLevCd value="001" Sync="TRUE"></TopoLevCd></topLvl></VectSpatRep></spatRepInfo><eainfo><detailed Name="Block_Group_2000"><enttyp><enttypl Sync="TRUE">Block_Group_2000</enttypl><enttypt Sync="TRUE">Feature Class</enttypt><enttypc Sync="TRUE">0</enttypc></enttyp><attr><attrlabl Sync="TRUE">FID</attrlabl><attalias Sync="TRUE">FID</attalias><attrtype Sync="TRUE">OID</attrtype><attwidth Sync="TRUE">4</attwidth><atprecis Sync="TRUE">0</atprecis><attscale Sync="TRUE">0</attscale><attrdef Sync="TRUE">Internal feature number.</attrdef><attrdefs Sync="TRUE">Esri</attrdefs><attrdomv><udom Sync="TRUE">Sequential unique whole numbers that are automatically generated.</udom></attrdomv></attr><attr><attrlabl Sync="TRUE">Shape</attrlabl><attalias Sync="TRUE">Shape</attalias><attrtype Sync="TRUE">Geometry</attrtype><attwidth Sync="TRUE">0</attwidth><atprecis Sync="TRUE">0</atprecis><attscale Sync="TRUE">0</attscale><attrdef Sync="TRUE">Feature geometry.</attrdef><attrdefs Sync="TRUE">ESRI</attrdefs><attrdomv><udom Sync="TRUE">Coordinates defining the features.</udom></attrdomv></attr><attr><attrlabl Sync="TRUE">AREA</attrlabl><attalias Sync="TRUE">AREA</attalias><attrtype Sync="TRUE">Double</attrtype><attwidth Sync="TRUE">19</attwidth><attrdef>Area of polygon in internal units squared</attrdef><atprecis Sync="TRUE">0</atprecis><attscale Sync="TRUE">0</attscale></attr><attr><attrlabl Sync="TRUE">PERIMETER</attrlabl><attalias Sync="TRUE">PERIMETER</attalias><attrtype Sync="TRUE">Double</attrtype><attwidth Sync="TRUE">19</attwidth><attrdef>Perimeter of polygon in internal units</attrdef><atprecis Sync="TRUE">0</atprecis><attscale Sync="TRUE">0</attscale></attr><attr><attrlabl Sync="TRUE">BG2000_</attrlabl><attalias Sync="TRUE">BG2000_</attalias><attrtype Sync="TRUE">Double</attrtype><attwidth Sync="TRUE">19</attwidth><attrdef>Internal feature number</attrdef><atprecis Sync="TRUE">0</atprecis><attscale Sync="TRUE">0</attscale></attr><attr><attrlabl Sync="TRUE">BG2000_ID</attrlabl><attalias Sync="TRUE">BG2000_ID</attalias><attrtype Sync="TRUE">Double</attrtype><attwidth Sync="TRUE">19</attwidth><attrdef>User-defined feature number</attrdef><atprecis Sync="TRUE">0</atprecis><attscale Sync="TRUE">0</attscale></attr><attr><attrlabl Sync="TRUE">CENT2000</attrlabl><attalias Sync="TRUE">CENT2000</attalias><attrtype Sync="TRUE">String</attrtype><attwidth Sync="TRUE">5</attwidth><attrdef>Tract number for Census 2000</attrdef><atprecis Sync="TRUE">0</atprecis><attscale Sync="TRUE">0</attscale></attr><attr><attrlabl Sync="TRUE">BG2000</attrlabl><attalias Sync="TRUE">BG2000</attalias><attrtype Sync="TRUE">String</attrtype><attwidth Sync="TRUE">1</attwidth><attrdef>Block Group number for Census 2000</attrdef><atprecis Sync="TRUE">0</atprecis><attscale Sync="TRUE">0</attscale></attr><attr><attrlabl Sync="TRUE">TRACTBG</attrlabl><attalias Sync="TRUE">TRACTBG</attalias><attrtype Sync="TRUE">String</attrtype><attwidth Sync="TRUE">7</attwidth><attrdef>Combined Tract and Block Group number</attrdef><atprecis Sync="TRUE">0</atprecis><attscale Sync="TRUE">0</attscale></attr><attr><attrlabl Sync="TRUE">CLARITAS</attrlabl><attalias Sync="TRUE">CLARITAS</attalias><attrtype Sync="TRUE">String</attrtype><attwidth Sync="TRUE">12</attwidth><atprecis Sync="TRUE">0</atprecis><attscale Sync="TRUE">0</attscale></attr><attr><attrlabl Sync="TRUE">under18</attrlabl><attalias Sync="TRUE">under18</attalias><attrtype Sync="TRUE">SmallInteger</attrtype><attwidth Sync="TRUE">4</attwidth><atprecis Sync="TRUE">4</atprecis><attscale Sync="TRUE">0</attscale></attr><attr><attrlabl Sync="TRUE">Shape_Leng</attrlabl><attalias Sync="TRUE">Shape_Leng</attalias><attrtype Sync="TRUE">Double</attrtype><attwidth Sync="TRUE">19</attwidth><atprecis Sync="TRUE">0</atprecis><attscale Sync="TRUE">0</attscale></attr><attr><attrlabl Sync="TRUE">Shape_Area</attrlabl><attalias Sync="TRUE">Shape_Area</attalias><attrtype Sync="TRUE">Double</attrtype><attwidth Sync="TRUE">19</attwidth><atprecis Sync="TRUE">0</atprecis><attscale Sync="TRUE">0</attscale><attrdef Sync="TRUE">Area of feature in internal units squared.</attrdef><attrdefs Sync="TRUE">ESRI</attrdefs><attrdomv><udom Sync="TRUE">Positive real numbers that are automatically generated.</udom></attrdomv></attr></detailed></eainfo><mdDateSt Sync="TRUE">20121024</mdDateSt></metadata>
