<?xml version="1.0"?>
<!--<!DOCTYPE metadata SYSTEM "http://www.esri.com/metadata/esriprof80.dtd">-->
<metadata xml:lang="en"><Esri><MetaID>{8BD7FF11-A6C4-4591-93A5-9AFBD1EE7FCA}</MetaID><CreaDate>20090527</CreaDate><CreaTime>08233700</CreaTime><SyncOnce>FALSE</SyncOnce><SyncDate>20121024</SyncDate><SyncTime>13035000</SyncTime><ModDate>20121024</ModDate><ModTime>13035000</ModTime><DataProperties><itemProps><itemName Sync="TRUE">railroad</itemName><imsContentType Sync="TRUE">002</imsContentType><itemLocation><linkage Sync="TRUE">file://\\gis0011\pgh-gis\GIS-ADMIN\google_shapefiles\railroad.shp</linkage><protocol Sync="TRUE">Local Area Network</protocol></itemLocation><itemSize Sync="TRUE">0.000</itemSize></itemProps><coordRef><type Sync="TRUE">Projected</type><geogcsn Sync="TRUE">GCS_North_American_1983</geogcsn><projcsn Sync="TRUE">NAD_1983_StatePlane_Pennsylvania_South_FIPS_3702_Feet</projcsn><peXml Sync="TRUE">&lt;ProjectedCoordinateSystem xsi:type='typens:ProjectedCoordinateSystem' xmlns:xsi='http://www.w3.org/2001/XMLSchema-instance' xmlns:xs='http://www.w3.org/2001/XMLSchema' xmlns:typens='http://www.esri.com/schemas/ArcGIS/10.1'&gt;&lt;WKT&gt;PROJCS[&amp;quot;NAD_1983_StatePlane_Pennsylvania_South_FIPS_3702_Feet&amp;quot;,GEOGCS[&amp;quot;GCS_North_American_1983&amp;quot;,DATUM[&amp;quot;D_North_American_1983&amp;quot;,SPHEROID[&amp;quot;GRS_1980&amp;quot;,6378137.0,298.257222101]],PRIMEM[&amp;quot;Greenwich&amp;quot;,0.0],UNIT[&amp;quot;Degree&amp;quot;,0.0174532925199433]],PROJECTION[&amp;quot;Lambert_Conformal_Conic&amp;quot;],PARAMETER[&amp;quot;False_Easting&amp;quot;,1968500.0],PARAMETER[&amp;quot;False_Northing&amp;quot;,0.0],PARAMETER[&amp;quot;Central_Meridian&amp;quot;,-77.75],PARAMETER[&amp;quot;Standard_Parallel_1&amp;quot;,39.93333333333333],PARAMETER[&amp;quot;Standard_Parallel_2&amp;quot;,40.96666666666667],PARAMETER[&amp;quot;Latitude_Of_Origin&amp;quot;,39.33333333333334],UNIT[&amp;quot;Foot_US&amp;quot;,0.3048006096012192],AUTHORITY[&amp;quot;EPSG&amp;quot;,2272]]&lt;/WKT&gt;&lt;XOrigin&gt;-119214200&lt;/XOrigin&gt;&lt;YOrigin&gt;-96198500&lt;/YOrigin&gt;&lt;XYScale&gt;37163717.489134133&lt;/XYScale&gt;&lt;ZOrigin&gt;-100000&lt;/ZOrigin&gt;&lt;ZScale&gt;10000&lt;/ZScale&gt;&lt;MOrigin&gt;-100000&lt;/MOrigin&gt;&lt;MScale&gt;10000&lt;/MScale&gt;&lt;XYTolerance&gt;0.0032808333333333331&lt;/XYTolerance&gt;&lt;ZTolerance&gt;0.001&lt;/ZTolerance&gt;&lt;MTolerance&gt;0.001&lt;/MTolerance&gt;&lt;HighPrecision&gt;true&lt;/HighPrecision&gt;&lt;WKID&gt;102729&lt;/WKID&gt;&lt;LatestWKID&gt;2272&lt;/LatestWKID&gt;&lt;/ProjectedCoordinateSystem&gt;</peXml><csUnits Sync="TRUE">Linear Unit: Foot_US (0.304801)</csUnits></coordRef><lineage><Process ToolSource="C:\Program Files\ArcGIS\Desktop10.0\ArcToolbox\Toolboxes\Data Management Tools.tbx\CopyFeatures" Date="20120627" Time="154409">CopyFeatures V:\Citywide\Data\Shapefiles\railroad.shp "V:\GIS-ADMIN\Current Data\Current_Data.gdb\railroad" # 0 0 0</Process><Process ToolSource="c:\program files\arcgis\desktop10.1\ArcToolbox\Toolboxes\Data Management Tools.tbx\CopyFeatures" Date="20121024" Time="130353">CopyFeatures railroad V:\GIS-ADMIN\google_shapefiles\railroad.shp # 0 0 0</Process></lineage></DataProperties></Esri><idinfo><native Sync="TRUE">Microsoft Windows XP Version 5.1 (Build 2600) Service Pack 3; ESRI ArcCatalog 9.3.0.1770</native><descript><langdata Sync="TRUE">en</langdata><abstract>Railroad Lines</abstract><purpose>Railroad Double Lines</purpose></descript><citation><citeinfo><origin>City of Pittsburgh</origin><pubdate>Unknown</pubdate><title>Railroad Double Lines</title><ftname Sync="TRUE">railroad</ftname><geoform Sync="TRUE">vector digital data</geoform><onlink Sync="TRUE">\\Gis0011\pgh-gis\Citywide\Data\Shapefiles\railroad.shp</onlink></citeinfo></citation><timeperd><current>publication date</current><timeinfo><sngdate><caldate>unknown</caldate></sngdate></timeinfo></timeperd><status><progress>Complete</progress><update>As needed</update></status><spdom><bounding><westbc Sync="TRUE">-80.094386</westbc><eastbc Sync="TRUE">-79.880805</eastbc><northbc Sync="TRUE">40.490900</northbc><southbc Sync="TRUE">40.372241</southbc></bounding><lboundng><leftbc Sync="TRUE">1316480.851000</leftbc><rightbc Sync="TRUE">1374898.330836</rightbc><bottombc Sync="TRUE">387100.784011</bottombc><topbc Sync="TRUE">428861.377000</topbc></lboundng></spdom><keywords><theme><themekey>railroad</themekey><themekey>rail lines</themekey></theme><place><placekey>Pittsburgh</placekey><placekey>Pennsylvania</placekey><placekey>Allegheny County</placekey></place><theme><themekt>ISO 19115 Topic Category </themekt><themekey>transportation</themekey></theme></keywords><accconst>None</accconst><useconst>None</useconst><natvform Sync="TRUE">Shapefile</natvform><ptcontac><cntinfo><cntorgp><cntorg>City of Pittsburgh, Department of City Planning</cntorg><cntper>GIS Manager</cntper></cntorgp><cntaddr><addrtype>mailing and physical address</addrtype><address>200 Ross Street, 4th Floor</address><city>Pittsburgh</city><state>PA</state><postal>15219</postal><country>USA</country></cntaddr><cntvoice>412-255-2200</cntvoice><cntfax>412-255-2838</cntfax><cntemail>Email not applicable</cntemail></cntinfo></ptcontac><browse/></idinfo><dataIdInfo><envirDesc Sync="TRUE">Microsoft Windows XP Version 5.1 (Build 2600) Service Pack 3; Esri ArcGIS 10.1.0.3035</envirDesc><dataLang><languageCode Sync="TRUE" value="en" country="US"></languageCode><countryCode value="US" Sync="TRUE"></countryCode></dataLang><idCitation><resTitle Sync="TRUE">railroad</resTitle><presForm><PresFormCd Sync="TRUE" value="005"></PresFormCd></presForm></idCitation><spatRpType><SpatRepTypCd Sync="TRUE" value="001"></SpatRepTypCd></spatRpType><dataExt><geoEle><GeoBndBox esriExtentType="native"><westBL Sync="TRUE">1316480.851</westBL><eastBL Sync="TRUE">1374898.330836</eastBL><northBL Sync="TRUE">428861.377</northBL><southBL Sync="TRUE">387100.784011</southBL><exTypeCode Sync="TRUE">1</exTypeCode></GeoBndBox></geoEle></dataExt><geoBox esriExtentType="decdegrees"><westBL Sync="TRUE">-80.094386</westBL><eastBL Sync="TRUE">-79.880805</eastBL><northBL Sync="TRUE">40.4909</northBL><southBL Sync="TRUE">40.372241</southBL><exTypeCode Sync="TRUE">1</exTypeCode></geoBox><descKeys><thesaName uuidref="723f6998-058e-11dc-8314-0800200c9a66"></thesaName><keyword Sync="TRUE">002</keyword></descKeys></dataIdInfo><metainfo><langmeta Sync="TRUE">en</langmeta><metstdn Sync="TRUE">FGDC Content Standards for Digital Geospatial Metadata</metstdn><metstdv Sync="TRUE">FGDC-STD-001-1998</metstdv><mettc Sync="TRUE">local time</mettc><metc><cntinfo><cntorgp><cntper>GIS Manager</cntper><cntorg>City of Pittsburgh, Department of City Planning</cntorg></cntorgp><cntaddr><addrtype>mailing and physical address</addrtype><city>Pittsburgh</city><state>Pennsylvania</state><postal>15219</postal><address>200 Ross Street, 4th Floor</address><country>USA</country></cntaddr><cntvoice>412-255-2200</cntvoice><cntfax>412-255-2838</cntfax><cntemail>Email not applicable</cntemail></cntinfo></metc><metd Sync="TRUE">20090715</metd></metainfo><mdLang><languageCode Sync="TRUE" value="en"></languageCode><countryCode value="US" Sync="TRUE"></countryCode></mdLang><mdStanName Sync="TRUE">ISO 19115 Geographic Information - Metadata</mdStanName><mdStanVer Sync="TRUE">DIS_ESRI1.0</mdStanVer><mdChar><CharSetCd Sync="TRUE" value="004"></CharSetCd></mdChar><mdHrLv><ScopeCd Sync="TRUE" value="005"></ScopeCd></mdHrLv><mdHrLvName Sync="TRUE">dataset</mdHrLvName><distinfo><resdesc Sync="TRUE">Downloadable Data</resdesc><stdorder><digform><digtinfo><transize Sync="TRUE">1.387</transize><dssize Sync="TRUE">1.387</dssize></digtinfo></digform></stdorder><distrib><cntinfo><cntorgp><cntorg>City of Pittsburgh, Department of City Planning</cntorg><cntper>GIS Manager</cntper></cntorgp><cntaddr><addrtype>mailing and physical address</addrtype><address>200 Ross Street, 4th Floor</address><city>Pittsburgh</city><state>Pennsylvania</state><postal>15219</postal><country>USA</country></cntaddr><cntvoice>412-255-2200</cntvoice><cntfax>412-255-2838</cntfax><cntemail>Email not applicable</cntemail></cntinfo></distrib><distliab>The City of Pittsburgh assumes no liability regarding the use of this data.</distliab></distinfo><distInfo><distributor><distorTran><onLineSrc><orDesc Sync="TRUE">002</orDesc><linkage Sync="TRUE">file://\\Gis0011\pgh-gis\Citywide\Data\Shapefiles\railroad.shp</linkage><protocol Sync="TRUE">Local Area Network</protocol></onLineSrc><transSize Sync="TRUE">1.387</transSize></distorTran><distorFormat><formatName Sync="TRUE">Shapefile</formatName></distorFormat></distributor><distFormat><formatName Sync="TRUE">Shapefile</formatName></distFormat><distTranOps><transSize Sync="TRUE">0.000</transSize></distTranOps></distInfo><spdoinfo><direct Sync="TRUE">Vector</direct><ptvctinf><esriterm Name="railroad"><efeatyp Sync="TRUE">Simple</efeatyp><efeageom code="3" Sync="TRUE"></efeageom><esritopo Sync="TRUE">FALSE</esritopo><efeacnt Sync="TRUE">0</efeacnt><spindex Sync="TRUE">FALSE</spindex><linrefer Sync="TRUE">FALSE</linrefer></esriterm></ptvctinf></spdoinfo><spref><horizsys><cordsysn><geogcsn Sync="TRUE">GCS_North_American_1983</geogcsn><projcsn Sync="TRUE">NAD_1983_StatePlane_Pennsylvania_South_FIPS_3702_Feet</projcsn></cordsysn><planar><planci><plance Sync="TRUE">coordinate pair</plance><plandu Sync="TRUE">survey feet</plandu><coordrep><absres Sync="TRUE">0.000000</absres><ordres Sync="TRUE">0.000000</ordres></coordrep></planci></planar><geodetic><horizdn Sync="TRUE">North American Datum of 1983</horizdn><ellips Sync="TRUE">Geodetic Reference System 80</ellips><semiaxis Sync="TRUE">6378137.000000</semiaxis><denflat Sync="TRUE">298.257222</denflat></geodetic></horizsys></spref><refSysInfo><RefSystem><refSysID><identCode Sync="TRUE" code="2272" value="2272">NAD_1983_StatePlane_Pennsylvania_South_FIPS_3702_Feet</identCode><idCodeSpace Sync="TRUE">EPSG</idCodeSpace><idVersion Sync="TRUE">7.9.4</idVersion></refSysID></RefSystem></refSysInfo><spatRepInfo><VectSpatRep><geometObjs Name="railroad"><geoObjTyp><GeoObjTypCd value="002" Sync="TRUE"></GeoObjTypCd></geoObjTyp><geoObjCnt Sync="TRUE">0</geoObjCnt></geometObjs><topLvl><TopoLevCd value="001" Sync="TRUE"></TopoLevCd></topLvl></VectSpatRep></spatRepInfo><eainfo><detailed Name="railroad"><enttyp><enttypl Sync="TRUE">railroad</enttypl><enttypt Sync="TRUE">Feature Class</enttypt><enttypc Sync="TRUE">0</enttypc></enttyp><attr><attrlabl Sync="TRUE">FID</attrlabl><attalias Sync="TRUE">FID</attalias><attrtype Sync="TRUE">OID</attrtype><attwidth Sync="TRUE">4</attwidth><atprecis Sync="TRUE">0</atprecis><attscale Sync="TRUE">0</attscale><attrdef Sync="TRUE">Internal feature number.</attrdef><attrdefs Sync="TRUE">Esri</attrdefs><attrdomv><udom Sync="TRUE">Sequential unique whole numbers that are automatically generated.</udom></attrdomv></attr><attr><attrlabl Sync="TRUE">Shape</attrlabl><attalias Sync="TRUE">Shape</attalias><attrtype Sync="TRUE">Geometry</attrtype><attwidth Sync="TRUE">0</attwidth><atprecis Sync="TRUE">0</atprecis><attscale Sync="TRUE">0</attscale><attrdef Sync="TRUE">Feature geometry.</attrdef><attrdefs Sync="TRUE">ESRI</attrdefs><attrdomv><udom Sync="TRUE">Coordinates defining the features.</udom></attrdomv></attr><attr><attrlabl Sync="TRUE">FNODE_</attrlabl><attalias Sync="TRUE">FNODE_</attalias><attrtype Sync="TRUE">Double</attrtype><attwidth Sync="TRUE">19</attwidth><attrdef>Internal node number for beginning of arc</attrdef><atprecis Sync="TRUE">0</atprecis><attscale Sync="TRUE">0</attscale></attr><attr><attrlabl Sync="TRUE">TNODE_</attrlabl><attalias Sync="TRUE">TNODE_</attalias><attrtype Sync="TRUE">Double</attrtype><attwidth Sync="TRUE">19</attwidth><attrdef>Internal node number for end of an arc</attrdef><atprecis Sync="TRUE">0</atprecis><attscale Sync="TRUE">0</attscale></attr><attr><attrlabl Sync="TRUE">LPOLY_</attrlabl><attalias Sync="TRUE">LPOLY_</attalias><attrtype Sync="TRUE">Double</attrtype><attwidth Sync="TRUE">19</attwidth><attrdef>Internal node number for left polygon</attrdef><atprecis Sync="TRUE">0</atprecis><attscale Sync="TRUE">0</attscale></attr><attr><attrlabl Sync="TRUE">RPOLY_</attrlabl><attalias Sync="TRUE">RPOLY_</attalias><attrtype Sync="TRUE">Double</attrtype><attwidth Sync="TRUE">19</attwidth><attrdef>Internal node number for right polygon</attrdef><atprecis Sync="TRUE">0</atprecis><attscale Sync="TRUE">0</attscale></attr><attr><attrlabl Sync="TRUE">LENGTH</attrlabl><attalias Sync="TRUE">LENGTH</attalias><attrtype Sync="TRUE">Double</attrtype><attwidth Sync="TRUE">19</attwidth><attrdef>Length of feature in internal units</attrdef><atprecis Sync="TRUE">0</atprecis><attscale Sync="TRUE">0</attscale></attr><attr><attrlabl Sync="TRUE">RAILROAD_</attrlabl><attalias Sync="TRUE">RAILROAD_</attalias><attrtype Sync="TRUE">Double</attrtype><attwidth Sync="TRUE">19</attwidth><attrdef>Internal feature number</attrdef><atprecis Sync="TRUE">0</atprecis><attscale Sync="TRUE">0</attscale></attr><attr><attrlabl Sync="TRUE">RAILROAD_I</attrlabl><attalias Sync="TRUE">RAILROAD_I</attalias><attrtype Sync="TRUE">Double</attrtype><attwidth Sync="TRUE">19</attwidth><attrdef>User-defined feature number</attrdef><atprecis Sync="TRUE">0</atprecis><attscale Sync="TRUE">0</attscale></attr><attr><attrlabl Sync="TRUE">CODE</attrlabl><attalias Sync="TRUE">CODE</attalias><attrtype Sync="TRUE">SmallInteger</attrtype><attwidth Sync="TRUE">4</attwidth><attrdef>Code</attrdef><attrdomv><edom><edomv>910</edomv><edomvd>Rail Lines, In Use</edomvd></edom><edom><edomv>915</edomv></edom><edom><edomv>920</edomv><edomvd>Rail Lines, Abandoned</edomvd></edom><edom><edomv>930</edomv><edomvd>Rail Lines, Old</edomvd></edom><edom><edomv>940</edomv></edom><edom><edomv>990</edomv><edomvd>Structures</edomvd></edom><edom><edomv>991</edomv></edom></attrdomv><atprecis Sync="TRUE">4</atprecis><attscale Sync="TRUE">0</attscale></attr><attr><attrlabl Sync="TRUE">DESCRIPTIO</attrlabl><attalias Sync="TRUE">DESCRIPTIO</attalias><attrtype Sync="TRUE">String</attrtype><attwidth Sync="TRUE">20</attwidth><attrdef>Description of Code</attrdef><atprecis Sync="TRUE">0</atprecis><attscale Sync="TRUE">0</attscale></attr><attr><attrlabl Sync="TRUE">ATEXT</attrlabl><attalias Sync="TRUE">ATEXT</attalias><attrtype Sync="TRUE">String</attrtype><attwidth Sync="TRUE">30</attwidth><atprecis Sync="TRUE">0</atprecis><attscale Sync="TRUE">0</attscale></attr><attr><attrlabl Sync="TRUE">Shape_Leng</attrlabl><attalias Sync="TRUE">Shape_Leng</attalias><attrtype Sync="TRUE">Double</attrtype><attwidth Sync="TRUE">19</attwidth><atprecis Sync="TRUE">0</atprecis><attscale Sync="TRUE">0</attscale></attr></detailed></eainfo><mdDateSt Sync="TRUE">20121024</mdDateSt></metadata>
