<?xml version="1.0"?>
<!--<!DOCTYPE metadata SYSTEM "http://www.esri.com/metadata/esriprof80.dtd">-->
<metadata xml:lang="en"><Esri><CreaDate>20091022</CreaDate><CreaTime>15560500</CreaTime><SyncOnce>FALSE</SyncOnce><DataProperties><lineage><Process ToolSource="C:\Program Files\ArcGIS\ArcToolbox\Toolboxes\Data Management Tools.tbx\DefineProjection" Date="20091022" Time="155411">DefineProjection dvy1620 Unknown dvy1620</Process><Process ToolSource="C:\Program Files\ArcGIS\ArcToolbox\Toolboxes\Data Management Tools.tbx\DefineProjection" Date="20091022" Time="155458">DefineProjection dvy1620 PROJCS['NAD_1983_StatePlane_Pennsylvania_South_FIPS_3702_Feet',GEOGCS['GCS_North_American_1983',DATUM['D_North_American_1983',SPHEROID['GRS_1980',6378137.0,298.257222101]],PRIMEM['Greenwich',0.0],UNIT['Degree',0.0174532925199433]],PROJECTION['Lambert_Conformal_Conic'],PARAMETER['False_Easting',1968500.0],PARAMETER['False_Northing',0.0],PARAMETER['Central_Meridian',-77.75],PARAMETER['Standard_Parallel_1',39.93333333333333],PARAMETER['Standard_Parallel_2',40.96666666666667],PARAMETER['Latitude_Of_Origin',39.33333333333334],UNIT['Foot_US',0.3048006096012192]] dvy1620</Process><Process ToolSource="C:\Program Files\ArcGIS\ArcToolbox\Toolboxes\Data Management Tools.tbx\Project" Date="20091022" Time="155608">Project dvy1620 V:\GIS-ADMIN\Workspaces\Palilla\2009\Shapefiles\SNAPCTAC\dvy1620_Project.shp PROJCS['NAD_1983_StatePlane_Pennsylvania_South_FIPS_3702_Feet',GEOGCS['GCS_North_American_1983',DATUM['D_North_American_1983',SPHEROID['GRS_1980',6378137.0,298.257222101]],PRIMEM['Greenwich',0.0],UNIT['Degree',0.0174532925199433]],PROJECTION['Lambert_Conformal_Conic'],PARAMETER['False_Easting',1968500.0],PARAMETER['False_Northing',0.0],PARAMETER['Central_Meridian',-77.75],PARAMETER['Standard_Parallel_1',39.93333333333333],PARAMETER['Standard_Parallel_2',40.96666666666667],PARAMETER['Latitude_Of_Origin',39.33333333333334],UNIT['Foot_US',0.3048006096012192]] # PROJCS['NAD_1983_StatePlane_Pennsylvania_South_FIPS_3702_Feet',GEOGCS['GCS_North_American_1983',DATUM['D_North_American_1983',SPHEROID['GRS_1980',6378137.0,298.257222101]],PRIMEM['Greenwich',0.0],UNIT['Degree',0.0174532925199433]],PROJECTION['Lambert_Conformal_Conic'],PARAMETER['False_Easting',1968500.0],PARAMETER['False_Northing',0.0],PARAMETER['Central_Meridian',-77.75],PARAMETER['Standard_Parallel_1',39.93333333333333],PARAMETER['Standard_Parallel_2',40.96666666666667],PARAMETER['Latitude_Of_Origin',39.33333333333334],UNIT['Foot_US',0.3048006096012192]]</Process><Process ToolSource="C:\Program Files\ArcGIS\ArcToolbox\Toolboxes\Conversion Tools.tbx\FeatureClassToFeatureClass" Date="20091022" Time="160013">FeatureClassToFeatureClass V:\GIS-ADMIN\Workspaces\Palilla\2009\Shapefiles\SNAPCTAC\dvy1620_Project.shp "V:\GIS-ADMIN\Current Data\Current_Data.gdb" Tree_Keeper # "ID 'ID' true true false 16 Double 0 16 ,First,#,V:\GIS-ADMIN\Workspaces\Palilla\2009\Shapefiles\SNAPCTAC\dvy1620_Project.shp,ID,-1,-1;UniqueID 'UniqueID' true true false 20 Text 0 0 ,First,#,V:\GIS-ADMIN\Workspaces\Palilla\2009\Shapefiles\SNAPCTAC\dvy1620_Project.shp,UniqueID,-1,-1;Address 'Address' true true false 6 Text 0 0 ,First,#,V:\GIS-ADMIN\Workspaces\Palilla\2009\Shapefiles\SNAPCTAC\dvy1620_Project.shp,Address,-1,-1;Suffix 'Suffix' true true false 5 Text 0 0 ,First,#,V:\GIS-ADMIN\Workspaces\Palilla\2009\Shapefiles\SNAPCTAC\dvy1620_Project.shp,Suffix,-1,-1;Street 'Street' true true false 50 Text 0 0 ,First,#,V:\GIS-ADMIN\Workspaces\Palilla\2009\Shapefiles\SNAPCTAC\dvy1620_Project.shp,Street,-1,-1;OnStr 'OnStr' true true false 50 Text 0 0 ,First,#,V:\GIS-ADMIN\Workspaces\Palilla\2009\Shapefiles\SNAPCTAC\dvy1620_Project.shp,OnStr,-1,-1;FromStr 'FromStr' true true false 50 Text 0 0 ,First,#,V:\GIS-ADMIN\Workspaces\Palilla\2009\Shapefiles\SNAPCTAC\dvy1620_Project.shp,FromStr,-1,-1;toStr 'toStr' true true false 50 Text 0 0 ,First,#,V:\GIS-ADMIN\Workspaces\Palilla\2009\Shapefiles\SNAPCTAC\dvy1620_Project.shp,toStr,-1,-1;Side 'Side' true true false 20 Text 0 0 ,First,#,V:\GIS-ADMIN\Workspaces\Palilla\2009\Shapefiles\SNAPCTAC\dvy1620_Project.shp,Side,-1,-1;Site 'Site' true true false 4 Text 0 0 ,First,#,V:\GIS-ADMIN\Workspaces\Palilla\2009\Shapefiles\SNAPCTAC\dvy1620_Project.shp,Site,-1,-1;SPP 'SPP' true true false 40 Text 0 0 ,First,#,V:\GIS-ADMIN\Workspaces\Palilla\2009\Shapefiles\SNAPCTAC\dvy1620_Project.shp,SPP,-1,-1;DBH 'DBH' true true false 19 Double 7 18 ,First,#,V:\GIS-ADMIN\Workspaces\Palilla\2009\Shapefiles\SNAPCTAC\dvy1620_Project.shp,DBH,-1,-1;COND 'COND' true true false 9 Text 0 0 ,First,#,V:\GIS-ADMIN\Workspaces\Palilla\2009\Shapefiles\SNAPCTAC\dvy1620_Project.shp,COND,-1,-1;TRUNKS 'TRUNKS' true true false 19 Double 7 18 ,First,#,V:\GIS-ADMIN\Workspaces\Palilla\2009\Shapefiles\SNAPCTAC\dvy1620_Project.shp,TRUNKS,-1,-1;MT 'MT' true true false 20 Text 0 0 ,First,#,V:\GIS-ADMIN\Workspaces\Palilla\2009\Shapefiles\SNAPCTAC\dvy1620_Project.shp,MT,-1,-1;OBSERVE 'OBSERVE' true true false 20 Text 0 0 ,First,#,V:\GIS-ADMIN\Workspaces\Palilla\2009\Shapefiles\SNAPCTAC\dvy1620_Project.shp,OBSERVE,-1,-1;HARDSCAPE 'HARDSCAPE' true true false 1 Text 0 0 ,First,#,V:\GIS-ADMIN\Workspaces\Palilla\2009\Shapefiles\SNAPCTAC\dvy1620_Project.shp,HARDSCAPE,-1,-1;INSPECT 'INSPECT' true true false 1 Text 0 0 ,First,#,V:\GIS-ADMIN\Workspaces\Palilla\2009\Shapefiles\SNAPCTAC\dvy1620_Project.shp,INSPECT,-1,-1;KLIR 'KLIR' true true false 17 Text 0 0 ,First,#,V:\GIS-ADMIN\Workspaces\Palilla\2009\Shapefiles\SNAPCTAC\dvy1620_Project.shp,KLIR,-1,-1;UTILITIES 'UTILITIES' true true false 1 Text 0 0 ,First,#,V:\GIS-ADMIN\Workspaces\Palilla\2009\Shapefiles\SNAPCTAC\dvy1620_Project.shp,UTILITIES,-1,-1;GROW 'GROW' true true false 17 Text 0 0 ,First,#,V:\GIS-ADMIN\Workspaces\Palilla\2009\Shapefiles\SNAPCTAC\dvy1620_Project.shp,GROW,-1,-1;SPACESIZE 'SPACESIZE' true true false 19 Double 7 18 ,First,#,V:\GIS-ADMIN\Workspaces\Palilla\2009\Shapefiles\SNAPCTAC\dvy1620_Project.shp,SPACESIZE,-1,-1;LOCTYPE 'LOCTYPE' true true false 20 Text 0 0 ,First,#,V:\GIS-ADMIN\Workspaces\Palilla\2009\Shapefiles\SNAPCTAC\dvy1620_Project.shp,LOCTYPE,-1,-1;AREA 'AREA' true true false 19 Double 7 18 ,First,#,V:\GIS-ADMIN\Workspaces\Palilla\2009\Shapefiles\SNAPCTAC\dvy1620_Project.shp,AREA,-1,-1;STAFF 'STAFF' true true false 253 Text 0 0 ,First,#,V:\GIS-ADMIN\Workspaces\Palilla\2009\Shapefiles\SNAPCTAC\dvy1620_Project.shp,STAFF,-1,-1;Inv_Date 'Inv_Date' true true false 8 Date 0 0 ,First,#,V:\GIS-ADMIN\Workspaces\Palilla\2009\Shapefiles\SNAPCTAC\dvy1620_Project.shp,Inv_Date,-1,-1;Inv_Time 'Inv_Time' true true false 12 Text 0 0 ,First,#,V:\GIS-ADMIN\Workspaces\Palilla\2009\Shapefiles\SNAPCTAC\dvy1620_Project.shp,Inv_Time,-1,-1;INSPECT_DT 'INSPECT_DT' true true false 8 Date 0 0 ,First,#,V:\GIS-ADMIN\Workspaces\Palilla\2009\Shapefiles\SNAPCTAC\dvy1620_Project.shp,INSPECT_DT,-1,-1;Inspect_TM 'Inspect_TM' true true false 12 Text 0 0 ,First,#,V:\GIS-ADMIN\Workspaces\Palilla\2009\Shapefiles\SNAPCTAC\dvy1620_Project.shp,Inspect_TM,-1,-1;Notes 'Notes' true true false 253 Text 0 0 ,First,#,V:\GIS-ADMIN\Workspaces\Palilla\2009\Shapefiles\SNAPCTAC\dvy1620_Project.shp,Notes,-1,-1;Active 'Active' true true false 16 Double 0 16 ,First,#,V:\GIS-ADMIN\Workspaces\Palilla\2009\Shapefiles\SNAPCTAC\dvy1620_Project.shp,Active,-1,-1" # "V:\GIS-ADMIN\Current Data\Current_Data.gdb\Tree_Keeper"</Process><Process ToolSource="c:\program files\arcgis\desktop10.1\ArcToolbox\Toolboxes\Data Management Tools.tbx\CopyFeatures" Date="20121024" Time="130136">CopyFeatures Tree_Keeper V:\GIS-ADMIN\google_shapefiles\Tree_Keeper.shp # 0 0 0</Process></lineage><itemProps><itemName Sync="TRUE">Tree_Keeper</itemName><imsContentType Sync="TRUE">002</imsContentType><itemSize Sync="TRUE">0.000</itemSize><itemLocation><linkage Sync="TRUE">file://\\gis0011\pgh-gis\GIS-ADMIN\google_shapefiles\Tree_Keeper.shp</linkage><protocol Sync="TRUE">Local Area Network</protocol></itemLocation></itemProps><coordRef><type Sync="TRUE">Projected</type><geogcsn Sync="TRUE">GCS_North_American_1983</geogcsn><csUnits Sync="TRUE">Linear Unit: Foot_US (0.304801)</csUnits><projcsn Sync="TRUE">NAD_1983_StatePlane_Pennsylvania_South_FIPS_3702_Feet</projcsn><peXml Sync="TRUE">&lt;ProjectedCoordinateSystem xsi:type='typens:ProjectedCoordinateSystem' xmlns:xsi='http://www.w3.org/2001/XMLSchema-instance' xmlns:xs='http://www.w3.org/2001/XMLSchema' xmlns:typens='http://www.esri.com/schemas/ArcGIS/10.1'&gt;&lt;WKT&gt;PROJCS[&amp;quot;NAD_1983_StatePlane_Pennsylvania_South_FIPS_3702_Feet&amp;quot;,GEOGCS[&amp;quot;GCS_North_American_1983&amp;quot;,DATUM[&amp;quot;D_North_American_1983&amp;quot;,SPHEROID[&amp;quot;GRS_1980&amp;quot;,6378137.0,298.257222101]],PRIMEM[&amp;quot;Greenwich&amp;quot;,0.0],UNIT[&amp;quot;Degree&amp;quot;,0.0174532925199433]],PROJECTION[&amp;quot;Lambert_Conformal_Conic&amp;quot;],PARAMETER[&amp;quot;False_Easting&amp;quot;,1968500.0],PARAMETER[&amp;quot;False_Northing&amp;quot;,0.0],PARAMETER[&amp;quot;Central_Meridian&amp;quot;,-77.75],PARAMETER[&amp;quot;Standard_Parallel_1&amp;quot;,39.93333333333333],PARAMETER[&amp;quot;Standard_Parallel_2&amp;quot;,40.96666666666667],PARAMETER[&amp;quot;Latitude_Of_Origin&amp;quot;,39.33333333333334],UNIT[&amp;quot;Foot_US&amp;quot;,0.3048006096012192],AUTHORITY[&amp;quot;EPSG&amp;quot;,2272]]&lt;/WKT&gt;&lt;XOrigin&gt;-119214200&lt;/XOrigin&gt;&lt;YOrigin&gt;-96198500&lt;/YOrigin&gt;&lt;XYScale&gt;37163717.489134133&lt;/XYScale&gt;&lt;ZOrigin&gt;-100000&lt;/ZOrigin&gt;&lt;ZScale&gt;10000&lt;/ZScale&gt;&lt;MOrigin&gt;-100000&lt;/MOrigin&gt;&lt;MScale&gt;10000&lt;/MScale&gt;&lt;XYTolerance&gt;0.0032808333333333331&lt;/XYTolerance&gt;&lt;ZTolerance&gt;0.001&lt;/ZTolerance&gt;&lt;MTolerance&gt;0.001&lt;/MTolerance&gt;&lt;HighPrecision&gt;true&lt;/HighPrecision&gt;&lt;WKID&gt;102729&lt;/WKID&gt;&lt;LatestWKID&gt;2272&lt;/LatestWKID&gt;&lt;/ProjectedCoordinateSystem&gt;</peXml></coordRef></DataProperties><MetaID>{F61FFDD2-EB03-4886-AD1B-A1D740EBD6BB}</MetaID><SyncDate>20121024</SyncDate><SyncTime>13012000</SyncTime><ModDate>20121024</ModDate><ModTime>13012000</ModTime></Esri><idinfo><citation><citeinfo><onlink Sync="TRUE">\\gis0011\pgh-gis\GIS-ADMIN\Current Data\Current_Data.gdb</onlink><origin>REQUIRED: The name of an organization or individual that developed the data set.</origin><pubdate>REQUIRED: The date when the data set is published or otherwise made available for release.</pubdate><title Sync="TRUE">Tree_Keeper</title><ftname Sync="TRUE">Tree_Keeper</ftname><geoform Sync="TRUE">vector digital data</geoform></citeinfo></citation><native Sync="TRUE">Microsoft Windows XP Version 5.1 (Build 2600) Service Pack 3; ESRI ArcCatalog 9.3.1.3000</native><descript><langdata Sync="TRUE">en</langdata><abstract>REQUIRED: A brief narrative summary of the data set.</abstract><purpose>REQUIRED: A summary of the intentions with which the data set was developed.</purpose></descript><timeperd><current>REQUIRED: The basis on which the time period of content information is determined.</current><timeinfo><sngdate><caldate>REQUIRED: The year (and optionally month, or month and day) for which the data set corresponds to the ground.</caldate></sngdate></timeinfo></timeperd><status><progress>REQUIRED: The state of the data set.</progress><update>REQUIRED: The frequency with which changes and additions are made to the data set after the initial data set is completed.</update></status><spdom><bounding><westbc Sync="TRUE">-80.083565</westbc><eastbc Sync="TRUE">-79.863865</eastbc><northbc Sync="TRUE">40.502779</northbc><southbc Sync="TRUE">40.360310</southbc></bounding><lboundng><leftbc Sync="TRUE">1319603.210127</leftbc><rightbc Sync="TRUE">1379513.120162</rightbc><bottombc Sync="TRUE">382670.169951</bottombc><topbc Sync="TRUE">433079.160012</topbc></lboundng></spdom><keywords><theme><themekt>REQUIRED: Reference to a formally registered thesaurus or a similar authoritative source of theme keywords.</themekt><themekey>REQUIRED: Common-use word or phrase used to describe the subject of the data set.</themekey></theme></keywords><accconst>REQUIRED: Restrictions and legal prerequisites for accessing the data set.</accconst><useconst>REQUIRED: Restrictions and legal prerequisites for using the data set after access is granted.</useconst><natvform Sync="TRUE">File Geodatabase Feature Class</natvform></idinfo><distInfo><distributor><distorTran><onLineSrc><linkage Sync="TRUE">file://\\gis0011\pgh-gis\GIS-ADMIN\Current Data\Current_Data.gdb</linkage><protocol Sync="TRUE">Local Area Network</protocol><orDesc Sync="TRUE">002</orDesc></onLineSrc></distorTran><distorFormat><formatName Sync="TRUE">File Geodatabase Feature Class</formatName></distorFormat></distributor><distFormat><formatName Sync="TRUE">Shapefile</formatName></distFormat><distTranOps><transSize Sync="TRUE">0.000</transSize></distTranOps></distInfo><dataqual><lineage><procstep><procdesc Sync="TRUE">Dataset copied.</procdesc><srcused Sync="TRUE"></srcused><procdate Sync="TRUE">20091022</procdate><proctime Sync="TRUE">15560500</proctime></procstep></lineage></dataqual><dataIdInfo><envirDesc Sync="TRUE">Microsoft Windows XP Version 5.1 (Build 2600) Service Pack 3; Esri ArcGIS 10.1.0.3035</envirDesc><dataLang><languageCode Sync="TRUE" value="en"></languageCode><countryCode value="US" Sync="TRUE"></countryCode></dataLang><idCitation><resTitle Sync="TRUE">Tree_Keeper</resTitle><presForm><PresFormCd value="005" Sync="TRUE"></PresFormCd></presForm></idCitation><dataExt><geoEle><GeoBndBox esriExtentType="native"><westBL Sync="TRUE">1319603.210127</westBL><eastBL Sync="TRUE">1379513.120162</eastBL><northBL Sync="TRUE">433079.160012</northBL><southBL Sync="TRUE">382670.169951</southBL><exTypeCode Sync="TRUE">1</exTypeCode></GeoBndBox></geoEle></dataExt><geoBox esriExtentType="decdegrees"><westBL Sync="TRUE">-80.083565</westBL><eastBL Sync="TRUE">-79.863865</eastBL><northBL Sync="TRUE">40.502779</northBL><southBL Sync="TRUE">40.36031</southBL><exTypeCode Sync="TRUE">1</exTypeCode></geoBox><spatRpType><SpatRepTypCd value="001" Sync="TRUE"></SpatRepTypCd></spatRpType></dataIdInfo><metainfo><langmeta Sync="TRUE">en</langmeta><metstdn Sync="TRUE">FGDC Content Standards for Digital Geospatial Metadata</metstdn><metstdv Sync="TRUE">FGDC-STD-001-1998</metstdv><mettc Sync="TRUE">local time</mettc><metc><cntinfo><cntorgp><cntper>REQUIRED: The person responsible for the metadata information.</cntper><cntorg>REQUIRED: The organization responsible for the metadata information.</cntorg></cntorgp><cntaddr><addrtype>REQUIRED: The mailing and/or physical address for the organization or individual.</addrtype><city>REQUIRED: The city of the address.</city><state>REQUIRED: The state or province of the address.</state><postal>REQUIRED: The ZIP or other postal code of the address.</postal></cntaddr><cntvoice>REQUIRED: The telephone number by which individuals can speak to the organization or individual.</cntvoice></cntinfo></metc><metd Sync="TRUE">20091124</metd></metainfo><mdLang><languageCode Sync="TRUE" value="en"></languageCode><countryCode value="US" Sync="TRUE"></countryCode></mdLang><mdStanName Sync="TRUE">ISO 19115 Geographic Information - Metadata</mdStanName><mdStanVer Sync="TRUE">DIS_ESRI1.0</mdStanVer><mdChar><CharSetCd Sync="TRUE" value="004"></CharSetCd></mdChar><mdHrLv><ScopeCd Sync="TRUE" value="005"></ScopeCd></mdHrLv><mdHrLvName Sync="TRUE">dataset</mdHrLvName><distinfo><resdesc Sync="TRUE">Downloadable Data</resdesc></distinfo><spdoinfo><direct Sync="TRUE">Vector</direct><ptvctinf><esriterm Name="Tree_Keeper"><efeatyp Sync="TRUE">Simple</efeatyp><efeageom code="1" Sync="TRUE"></efeageom><esritopo Sync="TRUE">FALSE</esritopo><efeacnt Sync="TRUE">0</efeacnt><spindex Sync="TRUE">FALSE</spindex><linrefer Sync="TRUE">FALSE</linrefer></esriterm></ptvctinf></spdoinfo><spref><horizsys><cordsysn><geogcsn Sync="TRUE">GCS_North_American_1983</geogcsn><projcsn Sync="TRUE">NAD_1983_StatePlane_Pennsylvania_South_FIPS_3702_Feet</projcsn></cordsysn><planar><planci><plance Sync="TRUE">coordinate pair</plance><plandu Sync="TRUE">survey feet</plandu><coordrep><absres Sync="TRUE">0.000328</absres><ordres Sync="TRUE">0.000328</ordres></coordrep></planci></planar><geodetic><horizdn Sync="TRUE">North American Datum of 1983</horizdn><ellips Sync="TRUE">Geodetic Reference System 80</ellips><semiaxis Sync="TRUE">6378137.000000</semiaxis><denflat Sync="TRUE">298.257222</denflat></geodetic></horizsys></spref><refSysInfo><RefSystem><refSysID><identCode Sync="TRUE" value="2272">NAD_1983_StatePlane_Pennsylvania_South_FIPS_3702_Feet</identCode><idCodeSpace Sync="TRUE">EPSG</idCodeSpace><idVersion Sync="TRUE">7.9.4</idVersion></refSysID></RefSystem></refSysInfo><spatRepInfo><VectSpatRep><geometObjs Name="Tree_Keeper"><geoObjTyp><GeoObjTypCd value="004" Sync="TRUE"></GeoObjTypCd></geoObjTyp><geoObjCnt Sync="TRUE">0</geoObjCnt></geometObjs><topLvl><TopoLevCd value="001" Sync="TRUE"></TopoLevCd></topLvl></VectSpatRep></spatRepInfo><eainfo><detailed Name="Tree_Keeper"><enttyp><enttypl Sync="TRUE">Tree_Keeper</enttypl><enttypt Sync="TRUE">Feature Class</enttypt><enttypc Sync="TRUE">0</enttypc></enttyp><attr><attrlabl Sync="TRUE">FID</attrlabl><attalias Sync="TRUE">FID</attalias><attrtype Sync="TRUE">OID</attrtype><attwidth Sync="TRUE">4</attwidth><atprecis Sync="TRUE">0</atprecis><attscale Sync="TRUE">0</attscale><attrdef Sync="TRUE">Internal feature number.</attrdef><attrdefs Sync="TRUE">Esri</attrdefs><attrdomv><udom Sync="TRUE">Sequential unique whole numbers that are automatically generated.</udom></attrdomv></attr><attr><attrlabl Sync="TRUE">Shape</attrlabl><attalias Sync="TRUE">Shape</attalias><attrtype Sync="TRUE">Geometry</attrtype><attwidth Sync="TRUE">0</attwidth><atprecis Sync="TRUE">0</atprecis><attscale Sync="TRUE">0</attscale><attrdef Sync="TRUE">Feature geometry.</attrdef><attrdefs Sync="TRUE">ESRI</attrdefs><attrdomv><udom Sync="TRUE">Coordinates defining the features.</udom></attrdomv></attr><attr><attrlabl Sync="TRUE">ID</attrlabl><attalias Sync="TRUE">ID</attalias><attrtype Sync="TRUE">Double</attrtype><attwidth Sync="TRUE">19</attwidth><atprecis Sync="TRUE">0</atprecis><attscale Sync="TRUE">0</attscale></attr><attr><attrlabl Sync="TRUE">UniqueID</attrlabl><attalias Sync="TRUE">UniqueID</attalias><attrtype Sync="TRUE">String</attrtype><attwidth Sync="TRUE">20</attwidth><atprecis Sync="TRUE">0</atprecis><attscale Sync="TRUE">0</attscale></attr><attr><attrlabl Sync="TRUE">Address</attrlabl><attalias Sync="TRUE">Address</attalias><attrtype Sync="TRUE">String</attrtype><attwidth Sync="TRUE">6</attwidth><atprecis Sync="TRUE">0</atprecis><attscale Sync="TRUE">0</attscale></attr><attr><attrlabl Sync="TRUE">Suffix</attrlabl><attalias Sync="TRUE">Suffix</attalias><attrtype Sync="TRUE">String</attrtype><attwidth Sync="TRUE">5</attwidth><atprecis Sync="TRUE">0</atprecis><attscale Sync="TRUE">0</attscale></attr><attr><attrlabl Sync="TRUE">Street</attrlabl><attalias Sync="TRUE">Street</attalias><attrtype Sync="TRUE">String</attrtype><attwidth Sync="TRUE">50</attwidth><atprecis Sync="TRUE">0</atprecis><attscale Sync="TRUE">0</attscale></attr><attr><attrlabl Sync="TRUE">OnStr</attrlabl><attalias Sync="TRUE">OnStr</attalias><attrtype Sync="TRUE">String</attrtype><attwidth Sync="TRUE">50</attwidth><atprecis Sync="TRUE">0</atprecis><attscale Sync="TRUE">0</attscale></attr><attr><attrlabl Sync="TRUE">FromStr</attrlabl><attalias Sync="TRUE">FromStr</attalias><attrtype Sync="TRUE">String</attrtype><attwidth Sync="TRUE">50</attwidth><atprecis Sync="TRUE">0</atprecis><attscale Sync="TRUE">0</attscale></attr><attr><attrlabl Sync="TRUE">toStr</attrlabl><attalias Sync="TRUE">toStr</attalias><attrtype Sync="TRUE">String</attrtype><attwidth Sync="TRUE">50</attwidth><atprecis Sync="TRUE">0</atprecis><attscale Sync="TRUE">0</attscale></attr><attr><attrlabl Sync="TRUE">Side</attrlabl><attalias Sync="TRUE">Side</attalias><attrtype Sync="TRUE">String</attrtype><attwidth Sync="TRUE">20</attwidth><atprecis Sync="TRUE">0</atprecis><attscale Sync="TRUE">0</attscale></attr><attr><attrlabl Sync="TRUE">Site</attrlabl><attalias Sync="TRUE">Site</attalias><attrtype Sync="TRUE">String</attrtype><attwidth Sync="TRUE">4</attwidth><atprecis Sync="TRUE">0</atprecis><attscale Sync="TRUE">0</attscale></attr><attr><attrlabl Sync="TRUE">SPP</attrlabl><attalias Sync="TRUE">SPP</attalias><attrtype Sync="TRUE">String</attrtype><attwidth Sync="TRUE">40</attwidth><atprecis Sync="TRUE">0</atprecis><attscale Sync="TRUE">0</attscale></attr><attr><attrlabl Sync="TRUE">DBH</attrlabl><attalias Sync="TRUE">DBH</attalias><attrtype Sync="TRUE">Double</attrtype><attwidth Sync="TRUE">19</attwidth><atprecis Sync="TRUE">0</atprecis><attscale Sync="TRUE">0</attscale></attr><attr><attrlabl Sync="TRUE">COND</attrlabl><attalias Sync="TRUE">COND</attalias><attrtype Sync="TRUE">String</attrtype><attwidth Sync="TRUE">9</attwidth><atprecis Sync="TRUE">0</atprecis><attscale Sync="TRUE">0</attscale></attr><attr><attrlabl Sync="TRUE">TRUNKS</attrlabl><attalias Sync="TRUE">TRUNKS</attalias><attrtype Sync="TRUE">Double</attrtype><attwidth Sync="TRUE">19</attwidth><atprecis Sync="TRUE">0</atprecis><attscale Sync="TRUE">0</attscale></attr><attr><attrlabl Sync="TRUE">MT</attrlabl><attalias Sync="TRUE">MT</attalias><attrtype Sync="TRUE">String</attrtype><attwidth Sync="TRUE">20</attwidth><atprecis Sync="TRUE">0</atprecis><attscale Sync="TRUE">0</attscale></attr><attr><attrlabl Sync="TRUE">OBSERVE</attrlabl><attalias Sync="TRUE">OBSERVE</attalias><attrtype Sync="TRUE">String</attrtype><attwidth Sync="TRUE">20</attwidth><atprecis Sync="TRUE">0</atprecis><attscale Sync="TRUE">0</attscale></attr><attr><attrlabl Sync="TRUE">HARDSCAPE</attrlabl><attalias Sync="TRUE">HARDSCAPE</attalias><attrtype Sync="TRUE">String</attrtype><attwidth Sync="TRUE">1</attwidth><atprecis Sync="TRUE">0</atprecis><attscale Sync="TRUE">0</attscale></attr><attr><attrlabl Sync="TRUE">INSPECT</attrlabl><attalias Sync="TRUE">INSPECT</attalias><attrtype Sync="TRUE">String</attrtype><attwidth Sync="TRUE">1</attwidth><atprecis Sync="TRUE">0</atprecis><attscale Sync="TRUE">0</attscale></attr><attr><attrlabl Sync="TRUE">KLIR</attrlabl><attalias Sync="TRUE">KLIR</attalias><attrtype Sync="TRUE">String</attrtype><attwidth Sync="TRUE">17</attwidth><atprecis Sync="TRUE">0</atprecis><attscale Sync="TRUE">0</attscale></attr><attr><attrlabl Sync="TRUE">UTILITIES</attrlabl><attalias Sync="TRUE">UTILITIES</attalias><attrtype Sync="TRUE">String</attrtype><attwidth Sync="TRUE">1</attwidth><atprecis Sync="TRUE">0</atprecis><attscale Sync="TRUE">0</attscale></attr><attr><attrlabl Sync="TRUE">GROW</attrlabl><attalias Sync="TRUE">GROW</attalias><attrtype Sync="TRUE">String</attrtype><attwidth Sync="TRUE">17</attwidth><atprecis Sync="TRUE">0</atprecis><attscale Sync="TRUE">0</attscale></attr><attr><attrlabl Sync="TRUE">SPACESIZE</attrlabl><attalias Sync="TRUE">SPACESIZE</attalias><attrtype Sync="TRUE">Double</attrtype><attwidth Sync="TRUE">19</attwidth><atprecis Sync="TRUE">0</atprecis><attscale Sync="TRUE">0</attscale></attr><attr><attrlabl Sync="TRUE">LOCTYPE</attrlabl><attalias Sync="TRUE">LOCTYPE</attalias><attrtype Sync="TRUE">String</attrtype><attwidth Sync="TRUE">20</attwidth><atprecis Sync="TRUE">0</atprecis><attscale Sync="TRUE">0</attscale></attr><attr><attrlabl Sync="TRUE">AREA</attrlabl><attalias Sync="TRUE">AREA</attalias><attrtype Sync="TRUE">Double</attrtype><attwidth Sync="TRUE">19</attwidth><atprecis Sync="TRUE">0</atprecis><attscale Sync="TRUE">0</attscale></attr><attr><attrlabl Sync="TRUE">STAFF</attrlabl><attalias Sync="TRUE">STAFF</attalias><attrtype Sync="TRUE">String</attrtype><attwidth Sync="TRUE">253</attwidth><atprecis Sync="TRUE">0</atprecis><attscale Sync="TRUE">0</attscale></attr><attr><attrlabl Sync="TRUE">Inv_Date</attrlabl><attalias Sync="TRUE">Inv_Date</attalias><attrtype Sync="TRUE">Date</attrtype><attwidth Sync="TRUE">8</attwidth><atprecis Sync="TRUE">0</atprecis><attscale Sync="TRUE">0</attscale></attr><attr><attrlabl Sync="TRUE">Inv_Time</attrlabl><attalias Sync="TRUE">Inv_Time</attalias><attrtype Sync="TRUE">String</attrtype><attwidth Sync="TRUE">12</attwidth><atprecis Sync="TRUE">0</atprecis><attscale Sync="TRUE">0</attscale></attr><attr><attrlabl Sync="TRUE">INSPECT_DT</attrlabl><attalias Sync="TRUE">INSPECT_DT</attalias><attrtype Sync="TRUE">Date</attrtype><attwidth Sync="TRUE">8</attwidth><atprecis Sync="TRUE">0</atprecis><attscale Sync="TRUE">0</attscale></attr><attr><attrlabl Sync="TRUE">Inspect_TM</attrlabl><attalias Sync="TRUE">Inspect_TM</attalias><attrtype Sync="TRUE">String</attrtype><attwidth Sync="TRUE">12</attwidth><atprecis Sync="TRUE">0</atprecis><attscale Sync="TRUE">0</attscale></attr><attr><attrlabl Sync="TRUE">Notes</attrlabl><attalias Sync="TRUE">Notes</attalias><attrtype Sync="TRUE">String</attrtype><attwidth Sync="TRUE">253</attwidth><atprecis Sync="TRUE">0</atprecis><attscale Sync="TRUE">0</attscale></attr><attr><attrlabl Sync="TRUE">Active</attrlabl><attalias Sync="TRUE">Active</attalias><attrtype Sync="TRUE">Double</attrtype><attwidth Sync="TRUE">19</attwidth><atprecis Sync="TRUE">0</atprecis><attscale Sync="TRUE">0</attscale></attr></detailed></eainfo><mdDateSt Sync="TRUE">20121024</mdDateSt></metadata>
