<metadata xml:lang="en"><Esri><CreaDate>20130509</CreaDate><CreaTime>09471700</CreaTime><SyncOnce>FALSE</SyncOnce><DataProperties><lineage><Process Name="FeatureclassToCoverage_1" ToolSource="C:\Program Files\ArcGIS\ArcToolbox\Toolboxes\Conversion Tools.tbx\FeatureclassToCoverage" Date="20071008" Time="102551">FeatureclassToCoverage "V:\GIS-ADMIN\Workspaces\Palilla\ZONING_CHANGES\zoning.shp POLYGON" V:\GIS-ADMIN\Workspaces\Palilla\ZONING_CHANGES\zoning # DOUBLE</Process><Process Name="FeatureClassToFeatureClass_1" ToolSource="C:\Program Files\ArcGIS\ArcToolbox\Toolboxes\Conversion Tools.tbx\FeatureClassToFeatureClass" Date="20071008" Time="113046">FeatureClassToFeatureClass V:\GIS-ADMIN\Workspaces\Palilla\coverages\zoning\polygon V:\Citywide\Data\Shapefiles zoning.shp # "AREA AREA false false true 8 Double 0 0 ,First,#,V:\GIS-ADMIN\Workspaces\Palilla\coverages\zoning\polygon,AREA,-1,-1;PERIMETER PERIMETER false false true 8 Double 0 0 ,First,#,V:\GIS-ADMIN\Workspaces\Palilla\coverages\zoning\polygon,PERIMETER,-1,-1;ZONING_ ZONING_ false false true 4 Long 0 0 ,First,#,V:\GIS-ADMIN\Workspaces\Palilla\coverages\zoning\polygon,ZONING#,-1,-1;ZONING_ID ZONING_ID true false true 4 Long 0 0 ,First,#,V:\GIS-ADMIN\Workspaces\Palilla\coverages\zoning\polygon,ZONING-ID,-1,-1;ZON_NEW ZON_NEW true false false 25 Text 0 0 ,First,#,V:\GIS-ADMIN\Workspaces\Palilla\coverages\zoning\polygon,ZON_NEW,-1,-1" # V:\Citywide\Data\Shapefiles\zoning.shp</Process><Process Name="Erase_1" ToolSource="C:\Program Files\ArcGIS\ArcToolbox\Toolboxes\Analysis Tools.tbx\Erase" Date="20071210" Time="113041">Erase zoningBeforeEsplen Esplen V:\GIS-ADMIN\Workspaces\Palilla\ZONING_CHANGES\zoning.shp #</Process><Process Name="Erase_1" ToolSource="C:\Program Files\ArcGIS\ArcToolbox\Toolboxes\Analysis Tools.tbx\Erase" Date="20080408" Time="100825">Erase zoning Shadyside V:\GIS-ADMIN\Workspaces\Palilla\ZONING_CHANGES\zoning_Erase.shp #</Process><Process ToolSource="C:\Program Files\ArcGIS\ArcToolbox\Toolboxes\Analysis Tools.tbx\Erase" Date="20090629" Time="095756">Erase zoning PerryNorth V:\GIS-ADMIN\Workspaces\Palilla\ZONING_CHANGES\zoning_Erase1.shp #</Process><Process ToolSource="C:\Program Files\ArcGIS\ArcToolbox\Toolboxes\Analysis Tools.tbx\Erase" Date="20090629" Time="095832">Erase zoning_Erase1 DuqHeights V:\GIS-ADMIN\Workspaces\Palilla\ZONING_CHANGES\zoning_Erase1_Erase.shp #</Process><Process ToolSource="C:\Program Files\ArcGIS\ArcToolbox\Toolboxes\Analysis Tools.tbx\Erase" Date="20090629" Time="095857">Erase zoning_Erase1_Erase MtWashington V:\GIS-ADMIN\Workspaces\Palilla\ZONING_CHANGES\zoning_Erase1_Erase_Erase.shp #</Process><Process ToolSource="C:\Program Files\ArcGIS\ArcToolbox\Toolboxes\Conversion Tools.tbx\FeatureClassToFeatureClass" Date="20091009" Time="151617">FeatureClassToFeatureClass V:\Citywide\Data\Shapefiles\zoning.shp "V:\GIS-ADMIN\Current Data\Current_Data.gdb" Zoning_District # "AREA 'AREA' true true false 19 Double 0 0 ,First,#,V:\Citywide\Data\Shapefiles\zoning.shp,AREA,-1,-1;PERIMETER 'PERIMETER' true true false 19 Double 0 0 ,First,#,V:\Citywide\Data\Shapefiles\zoning.shp,PERIMETER,-1,-1;ZONING_ 'ZONING_' true true false 9 Long 0 9 ,First,#,V:\Citywide\Data\Shapefiles\zoning.shp,ZONING_,-1,-1;ZONING_ID 'ZONING_ID' true true false 9 Long 0 9 ,First,#,V:\Citywide\Data\Shapefiles\zoning.shp,ZONING_ID,-1,-1;ZON_NEW 'ZON_NEW' true true false 25 Text 0 0 ,First,#,V:\Citywide\Data\Shapefiles\zoning.shp,ZON_NEW,-1,-1" # "V:\GIS-ADMIN\Current Data\Current_Data.gdb\Zoning_District"</Process><Process ToolSource="C:\Program Files\ArcGIS\ArcToolbox\Toolboxes\Analysis Tools.tbx\Erase" Date="20100216" Time="114627">Erase Zoning_District Zoning V:\GIS-ADMIN\Workspaces\Palilla\2010\Shapefiles\Zoning_District_Erase.shp #</Process><Process ToolSource="C:\Program Files\ArcGIS\ArcToolbox\Toolboxes\Conversion Tools.tbx\FeatureClassToFeatureClass" Date="20100216" Time="124142">FeatureClassToFeatureClass V:\GIS-ADMIN\Workspaces\Palilla\2010\Shapefiles\Zoning_District.shp "V:\GIS-ADMIN\Current Data\Current_Data.gdb" Zoning_District # "AREA 'AREA' true true false 19 Double 0 0 ,First,#,V:\GIS-ADMIN\Workspaces\Palilla\2010\Shapefiles\Zoning_District.shp,AREA,-1,-1;PERIMETER 'PERIMETER' true true false 19 Double 0 0 ,First,#,V:\GIS-ADMIN\Workspaces\Palilla\2010\Shapefiles\Zoning_District.shp,PERIMETER,-1,-1;ZONING_ 'ZONING_' true true false 9 Long 0 9 ,First,#,V:\GIS-ADMIN\Workspaces\Palilla\2010\Shapefiles\Zoning_District.shp,ZONING_,-1,-1;ZONING_ID 'ZONING_ID' true true false 9 Long 0 9 ,First,#,V:\GIS-ADMIN\Workspaces\Palilla\2010\Shapefiles\Zoning_District.shp,ZONING_ID,-1,-1;ZON_NEW 'ZON_NEW' true true false 25 Text 0 0 ,First,#,V:\GIS-ADMIN\Workspaces\Palilla\2010\Shapefiles\Zoning_District.shp,ZON_NEW,-1,-1;Shape_Leng 'Shape_Leng' true true false 19 Double 0 0 ,First,#,V:\GIS-ADMIN\Workspaces\Palilla\2010\Shapefiles\Zoning_District.shp,Shape_Leng,-1,-1;Shape_Area 'Shape_Area' true true false 19 Double 0 0 ,First,#,V:\GIS-ADMIN\Workspaces\Palilla\2010\Shapefiles\Zoning_District.shp,Shape_Area,-1,-1" # "V:\GIS-ADMIN\Current Data\Current_Data.gdb\Zoning_District"</Process><Process ToolSource="C:\Program Files\ArcGIS\ArcToolbox\Toolboxes\Analysis Tools.tbx\Erase" Date="20110315" Time="135802">Erase Zoning_District Westwood "V:\GIS-ADMIN\Current Data\Zoning.gdb\Zoning_District_Erase" #</Process></lineage><itemProps><itemLocation><linkage Sync="TRUE">file://\\gis0011\pgh-gis\GIS-ADMIN\Shapefiles\zoning.shp</linkage><protocol Sync="TRUE">Local Area Network</protocol></itemLocation><itemName Sync="TRUE">zoning</itemName><imsContentType Sync="TRUE">002</imsContentType><itemSize Sync="TRUE">0.000</itemSize></itemProps><coordRef><type Sync="TRUE">Projected</type><geogcsn Sync="TRUE">GCS_North_American_1983</geogcsn><csUnits Sync="TRUE">Linear Unit: Foot_US (0.304801)</csUnits><projcsn Sync="TRUE">NAD_1983_StatePlane_Pennsylvania_South_FIPS_3702_Feet</projcsn><peXml Sync="TRUE">&lt;ProjectedCoordinateSystem xsi:type='typens:ProjectedCoordinateSystem' xmlns:xsi='http://www.w3.org/2001/XMLSchema-instance' xmlns:xs='http://www.w3.org/2001/XMLSchema' xmlns:typens='http://www.esri.com/schemas/ArcGIS/10.1'&gt;&lt;WKT&gt;PROJCS[&amp;quot;NAD_1983_StatePlane_Pennsylvania_South_FIPS_3702_Feet&amp;quot;,GEOGCS[&amp;quot;GCS_North_American_1983&amp;quot;,DATUM[&amp;quot;D_North_American_1983&amp;quot;,SPHEROID[&amp;quot;GRS_1980&amp;quot;,6378137.0,298.257222101]],PRIMEM[&amp;quot;Greenwich&amp;quot;,0.0],UNIT[&amp;quot;Degree&amp;quot;,0.0174532925199433]],PROJECTION[&amp;quot;Lambert_Conformal_Conic&amp;quot;],PARAMETER[&amp;quot;False_Easting&amp;quot;,1968500.0],PARAMETER[&amp;quot;False_Northing&amp;quot;,0.0],PARAMETER[&amp;quot;Central_Meridian&amp;quot;,-77.75],PARAMETER[&amp;quot;Standard_Parallel_1&amp;quot;,39.93333333333333],PARAMETER[&amp;quot;Standard_Parallel_2&amp;quot;,40.96666666666667],PARAMETER[&amp;quot;Latitude_Of_Origin&amp;quot;,39.33333333333334],UNIT[&amp;quot;Foot_US&amp;quot;,0.3048006096012192],AUTHORITY[&amp;quot;EPSG&amp;quot;,2272]]&lt;/WKT&gt;&lt;XOrigin&gt;-119214200&lt;/XOrigin&gt;&lt;YOrigin&gt;-96198500&lt;/YOrigin&gt;&lt;XYScale&gt;37163717.489134133&lt;/XYScale&gt;&lt;ZOrigin&gt;-100000&lt;/ZOrigin&gt;&lt;ZScale&gt;10000&lt;/ZScale&gt;&lt;MOrigin&gt;-100000&lt;/MOrigin&gt;&lt;MScale&gt;10000&lt;/MScale&gt;&lt;XYTolerance&gt;0.0032808333333333331&lt;/XYTolerance&gt;&lt;ZTolerance&gt;0.001&lt;/ZTolerance&gt;&lt;MTolerance&gt;0.001&lt;/MTolerance&gt;&lt;HighPrecision&gt;true&lt;/HighPrecision&gt;&lt;WKID&gt;102729&lt;/WKID&gt;&lt;LatestWKID&gt;2272&lt;/LatestWKID&gt;&lt;/ProjectedCoordinateSystem&gt;</peXml></coordRef></DataProperties><SyncDate>20140319</SyncDate><SyncTime>12280700</SyncTime><ModDate>20140319</ModDate><ModTime>12280700</ModTime><ArcGISFormat>1.0</ArcGISFormat></Esri><idinfo><citation><citeinfo><origin>City of Pittsburgh</origin><pubdate>Unknown</pubdate><title>Zoning Boundaries</title><ftname Sync="TRUE">Zoning_District_Erase</ftname><geoform Sync="TRUE">vector digital data</geoform><onlink Sync="TRUE">\\gis0011\pgh-gis\GIS-ADMIN\Current Data\Zoning.gdb</onlink></citeinfo></citation><native Sync="TRUE">Microsoft Windows XP Version 5.1 (Build 2600) Service Pack 3; ESRI ArcCatalog 9.3.1.3000</native><descript><langdata Sync="TRUE">en</langdata><abstract>Zoning Boundaries</abstract><purpose>Zoning Boundaries map; contains the zoning code (old and new)</purpose></descript><timeperd><current>publication date</current><timeinfo><sngdate><caldate>unknown</caldate></sngdate></timeinfo></timeperd><status><progress>Complete</progress><update>As needed</update></status><spdom><bounding><westbc Sync="TRUE">-80.096786</westbc><eastbc Sync="TRUE">-79.862845</eastbc><northbc Sync="TRUE">40.503675</northbc><southbc Sync="TRUE">40.358000</southbc></bounding><lboundng><leftbc Sync="TRUE">1315933.624971</leftbc><rightbc Sync="TRUE">1379779.625000</rightbc><bottombc Sync="TRUE">381925.562473</bottombc><topbc Sync="TRUE">433399.406277</topbc></lboundng></spdom><keywords><theme><themekey>zoning</themekey><themekey>planning</themekey></theme><place><placekey>Pittsburgh</placekey><placekey>Pennsylvania</placekey><placekey>Allegheny County</placekey></place><theme><themekt>ISO 19115 Topic Category </themekt><themekey>planningCadastre</themekey></theme></keywords><accconst>None</accconst><useconst>None</useconst><natvform Sync="TRUE">File Geodatabase Feature Class</natvform><ptcontac><cntinfo><cntorgp><cntorg>City of Pittsburgh, Department of City Planning</cntorg><cntper>GIS Manager</cntper></cntorgp><cntaddr><addrtype>mailing and physical address</addrtype><address>200 Ross Street, 4th Floor</address><city>Pittsburgh</city><state>Pennsylvania</state><postal>15219</postal><country>USA</country></cntaddr><cntvoice>412-255-2200</cntvoice><cntfax>412-255-2838</cntfax><cntemail>Email not applicable</cntemail></cntinfo></ptcontac><browse/></idinfo><distInfo><distributor><distorTran><onLineSrc><linkage Sync="TRUE">file://\\gis0011\pgh-gis\GIS-ADMIN\Current Data\Zoning.gdb</linkage><protocol Sync="TRUE">Local Area Network</protocol><orDesc Sync="TRUE">002</orDesc></onLineSrc><transSize Sync="TRUE">0.000</transSize></distorTran><distorFormat><formatName Sync="TRUE">File Geodatabase Feature Class</formatName></distorFormat></distributor><distFormat><formatName Sync="TRUE">Shapefile</formatName></distFormat><distTranOps><transSize Sync="TRUE">0.000</transSize></distTranOps></distInfo><dataqual><lineage><procstep><procdesc Sync="TRUE">Dataset moved.</procdesc><srcused Sync="TRUE">v:\gis-admin\workspaces\palilla\zoning_changes\zoning</srcused><date Sync="TRUE">20071008</date><time Sync="TRUE">10300400</time></procstep><procstep><procdesc Sync="TRUE">Dataset moved.</procdesc><srcused Sync="TRUE">v:\gis-admin\workspaces\palilla\coverages\zoning</srcused><date Sync="TRUE">20071008</date><time Sync="TRUE">11284800</time></procstep><procstep><procdesc Sync="TRUE">Dataset copied.</procdesc><srcused Sync="TRUE">v:\citywide\data\coverages\zoning</srcused><date Sync="TRUE">20071008</date><time Sync="TRUE">11291600</time></procstep><procstep><procdesc Sync="TRUE">Dataset copied.</procdesc><srcused Sync="TRUE">V:\Citywide\Data\Shapefiles\zoning</srcused><date Sync="TRUE">20071210</date><time Sync="TRUE">11263400</time></procstep><procstep><procdesc Sync="TRUE">Dataset copied.</procdesc><srcused Sync="TRUE">V:\GIS-ADMIN\Workspaces\Palilla\ZONING_CHANGES\zoning</srcused><date Sync="TRUE">20080410</date><time Sync="TRUE">15203300</time></procstep><procstep><procdesc Sync="TRUE">Dataset copied.</procdesc><srcused Sync="TRUE">V:\Citywide\Data\Shapefiles\zoning</srcused><procdate Sync="TRUE">20090629</procdate><proctime Sync="TRUE">09504200</proctime></procstep><procstep><procdesc Sync="TRUE">Dataset copied.</procdesc><srcused Sync="TRUE">V:\GIS-ADMIN\Workspaces\Palilla\ZONING_CHANGES\zoning</srcused><procdate Sync="TRUE">20090707</procdate><proctime Sync="TRUE">10295200</proctime></procstep></lineage></dataqual><dataIdInfo><envirDesc Sync="TRUE">Microsoft Windows 7 Version 6.1 (Build 7601) Service Pack 1; Esri ArcGIS 10.2.0.3348</envirDesc><dataLang><languageCode Sync="TRUE" value="eng"></languageCode><countryCode value="USA" Sync="TRUE"></countryCode></dataLang><idCitation><resTitle Sync="TRUE">zoning</resTitle><presForm><PresFormCd Sync="TRUE" value="005"></PresFormCd></presForm></idCitation><spatRpType><SpatRepTypCd Sync="TRUE" value="001"></SpatRepTypCd></spatRpType><dataExt><geoEle><GeoBndBox esriExtentType="native"><westBL Sync="TRUE">1315933.624971</westBL><eastBL Sync="TRUE">1379779.625</eastBL><northBL Sync="TRUE">433399.406277</northBL><southBL Sync="TRUE">381925.562473</southBL><exTypeCode Sync="TRUE">1</exTypeCode></GeoBndBox></geoEle></dataExt><geoBox esriExtentType="decdegrees"><westBL Sync="TRUE">-80.096786</westBL><eastBL Sync="TRUE">-79.862845</eastBL><northBL Sync="TRUE">40.503675</northBL><southBL Sync="TRUE">40.358</southBL><exTypeCode Sync="TRUE">1</exTypeCode></geoBox></dataIdInfo><metainfo><langmeta Sync="TRUE">en</langmeta><metstdn Sync="TRUE">FGDC Content Standards for Digital Geospatial Metadata</metstdn><metstdv Sync="TRUE">FGDC-STD-001-1998</metstdv><mettc Sync="TRUE">local time</mettc><metc><cntinfo><cntorgp><cntper>GIS Manager</cntper><cntorg>City of Pittsburgh, Department of City Planning</cntorg></cntorgp><cntaddr><addrtype>mailing and physical address</addrtype><city>Pittsburgh</city><state>Pennsylvania</state><postal>15219</postal><address>200 Ross Street, 4th Floor</address><country>USA</country></cntaddr><cntvoice>412-255-2200</cntvoice><cntfax>412-255-2838</cntfax><cntemail>Email not applicable</cntemail></cntinfo></metc><metd Sync="TRUE">20110315</metd></metainfo><mdLang><languageCode Sync="TRUE" value="eng"></languageCode><countryCode value="USA" Sync="TRUE"></countryCode></mdLang><mdStanName Sync="TRUE">ISO 19115 Geographic Information - Metadata</mdStanName><mdStanVer Sync="TRUE">DIS_ESRI1.0</mdStanVer><mdChar><CharSetCd Sync="TRUE" value="004"></CharSetCd></mdChar><mdHrLv><ScopeCd Sync="TRUE" value="005"></ScopeCd></mdHrLv><mdHrLvName Sync="TRUE">dataset</mdHrLvName><distinfo><resdesc Sync="TRUE">Downloadable Data</resdesc><stdorder><digform><digtinfo><transize Sync="TRUE">0.000</transize><dssize Sync="TRUE">0.000</dssize></digtinfo></digform></stdorder><distrib><cntinfo><cntorgp><cntorg>City of Pittsburgh, Department of City Planning</cntorg><cntper>GIS Manager</cntper></cntorgp><cntaddr><addrtype>mailing and physical address</addrtype><address>200 Ross Street, 4th Floor</address><city>Pittsburgh</city><state>Pennsylvania</state><postal>15219</postal><country>USA</country></cntaddr><cntvoice>412-255-2200</cntvoice><cntfax>412-255-2838</cntfax><cntemail>Email not applicable</cntemail></cntinfo></distrib><distliab>The City of Pittsburgh assumes no liability regarding the use of this data</distliab></distinfo><spdoinfo><direct Sync="TRUE">Vector</direct><ptvctinf><esriterm Name="zoning"><efeatyp Sync="TRUE">Simple</efeatyp><efeageom code="4" Sync="TRUE"></efeageom><esritopo Sync="TRUE">FALSE</esritopo><efeacnt Sync="TRUE">0</efeacnt><spindex Sync="TRUE">FALSE</spindex><linrefer Sync="TRUE">FALSE</linrefer></esriterm></ptvctinf></spdoinfo><spref><horizsys><cordsysn><geogcsn Sync="TRUE">GCS_North_American_1983</geogcsn><projcsn Sync="TRUE">NAD_1983_StatePlane_Pennsylvania_South_FIPS_3702_Feet</projcsn></cordsysn><planar><planci><plance Sync="TRUE">coordinate pair</plance><plandu Sync="TRUE">survey feet</plandu><coordrep><absres Sync="TRUE">0.000328</absres><ordres Sync="TRUE">0.000328</ordres></coordrep></planci></planar><geodetic><horizdn Sync="TRUE">North American Datum of 1983</horizdn><ellips Sync="TRUE">Geodetic Reference System 80</ellips><semiaxis Sync="TRUE">6378137.000000</semiaxis><denflat Sync="TRUE">298.257222</denflat></geodetic></horizsys></spref><refSysInfo><RefSystem><refSysID><identCode Sync="TRUE" code="2272">NAD_1983_StatePlane_Pennsylvania_South_FIPS_3702_Feet</identCode><idCodeSpace Sync="TRUE">EPSG</idCodeSpace><idVersion Sync="TRUE">8.1.1</idVersion></refSysID></RefSystem></refSysInfo><spatRepInfo><VectSpatRep><geometObjs Name="zoning"><geoObjTyp><GeoObjTypCd value="002" Sync="TRUE"></GeoObjTypCd></geoObjTyp><geoObjCnt Sync="TRUE">0</geoObjCnt></geometObjs><topLvl><TopoLevCd value="001" Sync="TRUE"></TopoLevCd></topLvl></VectSpatRep></spatRepInfo><eainfo><detailed Name="zoning"><enttyp><enttypl Sync="TRUE">zoning</enttypl><enttypt Sync="TRUE">Feature Class</enttypt><enttypc Sync="TRUE">0</enttypc></enttyp><attr><attrlabl Sync="TRUE">FID</attrlabl><attalias Sync="TRUE">FID</attalias><attrtype Sync="TRUE">OID</attrtype><attwidth Sync="TRUE">4</attwidth><atprecis Sync="TRUE">0</atprecis><attscale Sync="TRUE">0</attscale><attrdef Sync="TRUE">Internal feature number.</attrdef><attrdefs Sync="TRUE">Esri</attrdefs><attrdomv><udom Sync="TRUE">Sequential unique whole numbers that are automatically generated.</udom></attrdomv></attr><attr><attrlabl Sync="TRUE">Shape</attrlabl><attalias Sync="TRUE">Shape</attalias><attrtype Sync="TRUE">Geometry</attrtype><attwidth Sync="TRUE">0</attwidth><atprecis Sync="TRUE">0</atprecis><attscale Sync="TRUE">0</attscale><attrdef Sync="TRUE">Feature geometry.</attrdef><attrdefs Sync="TRUE">ESRI</attrdefs><attrdomv><udom Sync="TRUE">Coordinates defining the features.</udom></attrdomv></attr><attr><attrlabl Sync="TRUE">AREA</attrlabl><attalias Sync="TRUE">AREA</attalias><attrtype Sync="TRUE">Double</attrtype><attwidth Sync="TRUE">19</attwidth><attrdef>Area of polygon in internal units squared</attrdef><atprecis Sync="TRUE">0</atprecis><attscale Sync="TRUE">0</attscale></attr><attr><attrlabl Sync="TRUE">PERIMETER</attrlabl><attalias Sync="TRUE">PERIMETER</attalias><attrtype Sync="TRUE">Double</attrtype><attwidth Sync="TRUE">19</attwidth><attrdef>Perimeter of polygon in internal units</attrdef><atprecis Sync="TRUE">0</atprecis><attscale Sync="TRUE">0</attscale></attr><attr><attrlabl Sync="TRUE">ZONING_</attrlabl><attalias Sync="TRUE">ZONING_</attalias><attrtype Sync="TRUE">Integer</attrtype><attwidth Sync="TRUE">9</attwidth><attrdef>Internal feature number</attrdef><atprecis Sync="TRUE">9</atprecis><attscale Sync="TRUE">0</attscale></attr><attr><attrlabl Sync="TRUE">ZONING_ID</attrlabl><attalias Sync="TRUE">ZONING_ID</attalias><attrtype Sync="TRUE">Integer</attrtype><attwidth Sync="TRUE">9</attwidth><attrdef>User-defined feature number</attrdef><atprecis Sync="TRUE">9</atprecis><attscale Sync="TRUE">0</attscale></attr><attr><attrlabl Sync="TRUE">ZON_NEW</attrlabl><attalias Sync="TRUE">ZON_NEW</attalias><attrtype Sync="TRUE">String</attrtype><attwidth Sync="TRUE">25</attwidth><attrdef>Zoning Code</attrdef><attrdomv><edom><edomv>RSD-1</edomv><edomvd>Residential Single-Unit Detached. Very-Low Density</edomvd></edom><edom><edomv>RSD-2</edomv><edomvd>Residential Single-Unit Detached, Very-Low Density</edomvd></edom><edom><edomv>RT-2</edomv><edomvd>Residential Two-Unit, Very-Low Density</edomvd></edom><edom><edomv>RSA-3</edomv><edomvd>Residential Single-Unit Attached, Moderate Density</edomvd></edom><edom><edomv>RTS-3</edomv><edomvd>Residential Three-Unit Attached, Moderate Density</edomvd></edom><edom><edomv>RM-3</edomv><edomvd>Residential Multi-Unit, Moderate Density</edomvd></edom><edom><edomv>RM-4</edomv><edomvd>Residential Multi-Unit, High Density</edomvd></edom><edom><edomv>RM-5</edomv><edomvd>Residential Multi-Unit, Very-High Density</edomvd></edom><edom><edomv>EMI</edomv><edomvd>Educational/Medical Institution</edomvd></edom><edom><edomv>HC</edomv><edomvd>Highway Commercial</edomvd></edom><edom><edomv>LNC</edomv><edomvd>Local Neighborhood Commercial</edomvd></edom><edom><edomv>UNC</edomv><edomvd>Urban Neighborhood Commercial</edomvd></edom><edom><edomv>GT</edomv><edomvd>Golden Triangle</edomvd></edom><edom><edomv>DR</edomv><edomvd>Downtown Riverfront</edomvd></edom><edom><edomv>NI</edomv><edomvd>Neighborhood Industrial</edomvd></edom><edom><edomv>UI</edomv><edomvd>Urban Industrial</edomvd></edom><edom><edomv>GI</edomv><edomvd>General Industrial</edomvd></edom><edom><edomv>PO</edomv><edomvd>Park and Open Space</edomvd></edom><edom><edomv>SP</edomv><edomvd>Specially Planned District</edomvd></edom><edom><edomv>RP</edomv><edomvd>Residential Planned Unit Development</edomvd></edom><edom><edomv>CP</edomv><edomvd>Commercial Planned Unit Development</edomvd></edom><edom><edomv>AP</edomv><edomvd>Residential/Commercial Planned Unit Development</edomvd></edom></attrdomv><atprecis Sync="TRUE">0</atprecis><attscale Sync="TRUE">0</attscale></attr><attr><attrlabl Sync="TRUE">Shape_Leng</attrlabl><attalias Sync="TRUE">Shape_Leng</attalias><attrtype Sync="TRUE">Double</attrtype><attwidth Sync="TRUE">19</attwidth><atprecis Sync="TRUE">0</atprecis><attscale Sync="TRUE">0</attscale></attr><attr><attrlabl Sync="TRUE">Correction</attrlabl><attalias Sync="TRUE">Correction</attalias><attrtype Sync="TRUE">SmallInteger</attrtype><attwidth Sync="TRUE">4</attwidth><atprecis Sync="TRUE">4</atprecis><attscale Sync="TRUE">0</attscale></attr><attr><attrlabl Sync="TRUE">Full_Zonin</attrlabl><attalias Sync="TRUE">Full_Zonin</attalias><attrtype Sync="TRUE">String</attrtype><attwidth Sync="TRUE">100</attwidth><atprecis Sync="TRUE">0</atprecis><attscale Sync="TRUE">0</attscale></attr><attr><attrlabl Sync="TRUE">LegendType</attrlabl><attalias Sync="TRUE">LegendType</attalias><attrtype Sync="TRUE">String</attrtype><attwidth Sync="TRUE">75</attwidth><atprecis Sync="TRUE">0</atprecis><attscale Sync="TRUE">0</attscale></attr><attr><attrlabl Sync="TRUE">municode</attrlabl><attalias Sync="TRUE">municode</attalias><attrtype Sync="TRUE">String</attrtype><attwidth Sync="TRUE">150</attwidth><atprecis Sync="TRUE">0</atprecis><attscale Sync="TRUE">0</attscale></attr><attr><attrlabl Sync="TRUE">Shape_Le_1</attrlabl><attalias Sync="TRUE">Shape_Le_1</attalias><attrtype Sync="TRUE">Double</attrtype><attwidth Sync="TRUE">19</attwidth><atprecis Sync="TRUE">0</atprecis><attscale Sync="TRUE">0</attscale></attr><attr><attrlabl Sync="TRUE">Shape_Area</attrlabl><attalias Sync="TRUE">Shape_Area</attalias><attrtype Sync="TRUE">Double</attrtype><attwidth Sync="TRUE">19</attwidth><attrdef Sync="TRUE">Area of feature in internal units squared.</attrdef><attrdefs Sync="TRUE">ESRI</attrdefs><attrdomv><udom Sync="TRUE">Positive real numbers that are automatically generated.</udom></attrdomv><atprecis Sync="TRUE">0</atprecis><attscale Sync="TRUE">0</attscale></attr></detailed></eainfo><mdDateSt Sync="TRUE">20140319</mdDateSt></metadata>
