<?xml version="1.0" encoding="UTF-8"?>
<metadata xml:lang="en"><Esri><CreaDate>20140319</CreaDate><CreaTime>15253100</CreaTime><SyncOnce>FALSE</SyncOnce><SyncDate>20130531</SyncDate><SyncTime>15565300</SyncTime><ModDate>20130531</ModDate><ModTime>15565300</ModTime><DataProperties><itemProps><itemName Sync="TRUE">Parcels_05_22_2013</itemName><imsContentType Sync="TRUE">002</imsContentType><itemLocation><linkage Sync="TRUE">file://\\gis0011\pgh-gis\GIS-ADMIN\Current Data\Current_Data.gdb</linkage><protocol Sync="TRUE">Local Area Network</protocol></itemLocation></itemProps><coordRef><type Sync="TRUE">Projected</type><geogcsn Sync="TRUE">GCS_North_American_1983</geogcsn><csUnits Sync="TRUE">Linear Unit: Foot_US (0.304801)</csUnits><projcsn Sync="TRUE">NAD_1983_StatePlane_Pennsylvania_South_FIPS_3702_Feet</projcsn><peXml Sync="TRUE">&lt;ProjectedCoordinateSystem xsi:type='typens:ProjectedCoordinateSystem' xmlns:xsi='http://www.w3.org/2001/XMLSchema-instance' xmlns:xs='http://www.w3.org/2001/XMLSchema' xmlns:typens='http://www.esri.com/schemas/ArcGIS/10.0'&gt;&lt;WKT&gt;PROJCS[&amp;quot;NAD_1983_StatePlane_Pennsylvania_South_FIPS_3702_Feet&amp;quot;,GEOGCS[&amp;quot;GCS_North_American_1983&amp;quot;,DATUM[&amp;quot;D_North_American_1983&amp;quot;,SPHEROID[&amp;quot;GRS_1980&amp;quot;,6378137.0,298.257222101]],PRIMEM[&amp;quot;Greenwich&amp;quot;,0.0],UNIT[&amp;quot;Degree&amp;quot;,0.0174532925199433]],PROJECTION[&amp;quot;Lambert_Conformal_Conic&amp;quot;],PARAMETER[&amp;quot;False_Easting&amp;quot;,1968500.0],PARAMETER[&amp;quot;False_Northing&amp;quot;,0.0],PARAMETER[&amp;quot;Central_Meridian&amp;quot;,-77.75],PARAMETER[&amp;quot;Standard_Parallel_1&amp;quot;,39.93333333333333],PARAMETER[&amp;quot;Standard_Parallel_2&amp;quot;,40.96666666666667],PARAMETER[&amp;quot;Latitude_Of_Origin&amp;quot;,39.33333333333334],UNIT[&amp;quot;Foot_US&amp;quot;,0.3048006096012192],AUTHORITY[&amp;quot;EPSG&amp;quot;,2272]]&lt;/WKT&gt;&lt;XOrigin&gt;-119214199.99995154&lt;/XOrigin&gt;&lt;YOrigin&gt;-96198499.999854967&lt;/YOrigin&gt;&lt;XYScale&gt;24222.9275844566&lt;/XYScale&gt;&lt;ZOrigin&gt;-100000&lt;/ZOrigin&gt;&lt;ZScale&gt;10000&lt;/ZScale&gt;&lt;MOrigin&gt;-100000&lt;/MOrigin&gt;&lt;MScale&gt;10000&lt;/MScale&gt;&lt;XYTolerance&gt;0.00033026561187151672&lt;/XYTolerance&gt;&lt;ZTolerance&gt;0.001&lt;/ZTolerance&gt;&lt;MTolerance&gt;0.001&lt;/MTolerance&gt;&lt;HighPrecision&gt;true&lt;/HighPrecision&gt;&lt;WKID&gt;2272&lt;/WKID&gt;&lt;/ProjectedCoordinateSystem&gt;</peXml></coordRef><lineage><Process ToolSource="C:\Program Files\ArcGIS\Desktop10.0\ArcToolbox\Toolboxes\Conversion Tools.tbx\FeatureClassToFeatureClass" Date="20130522" Time="122905">FeatureClassToFeatureClass "C:\County_05_22_2013\New File Geodatabase.gdb\parcels" C:\County_05_22_2013\County.mdb Parcels # "PIN "PIN" true true false 20 Text 0 0 ,First,#,C:\County_05_22_2013\New File Geodatabase.gdb\parcels,PIN,-1,-1;MAPBLOCKLOT "MAPBLOCKLOT" true true false 20 Text 0 0 ,First,#,C:\County_05_22_2013\New File Geodatabase.gdb\parcels,MAPBLOCKLOT,-1,-1;MUNICODE "MUNICODE" true true false 8 Double 0 0 ,First,#,C:\County_05_22_2013\New File Geodatabase.gdb\parcels,MUNICODE,-1,-1;CALCACREAGE "CALCACREAGE" true true false 8 Double 0 0 ,First,#,C:\County_05_22_2013\New File Geodatabase.gdb\parcels,CALCACREAGE,-1,-1;NOTES "NOTES" true true false 50 Text 0 0 ,First,#,C:\County_05_22_2013\New File Geodatabase.gdb\parcels,NOTES,-1,-1;PSEUDONO "PSEUDONO" true true false 20 Text 0 0 ,First,#,C:\County_05_22_2013\New File Geodatabase.gdb\parcels,PSEUDONO,-1,-1;PropertyOwner "PropertyOwner" true true false 1000 Text 0 0 ,First,#,C:\County_05_22_2013\New File Geodatabase.gdb\parcels,PropertyOwner,-1,-1;PropertyAddNumPrefix "PropertyAddNumPrefix" true true false 2 Text 0 0 ,First,#,C:\County_05_22_2013\New File Geodatabase.gdb\parcels,PropertyAddNumPrefix,-1,-1;PropertyHouseNum "PropertyHouseNum" true true false 10 Text 0 0 ,First,#,C:\County_05_22_2013\New File Geodatabase.gdb\parcels,PropertyHouseNum,-1,-1;PropertyAddress "PropertyAddress" true true false 80 Text 0 0 ,First,#,C:\County_05_22_2013\New File Geodatabase.gdb\parcels,PropertyAddress,-1,-1;PropertyUnit "PropertyUnit" true true false 50 Text 0 0 ,First,#,C:\County_05_22_2013\New File Geodatabase.gdb\parcels,PropertyUnit,-1,-1;PropertyLocation2 "PropertyLocation2" true true false 40 Text 0 0 ,First,#,C:\County_05_22_2013\New File Geodatabase.gdb\parcels,PropertyLocation2,-1,-1;PropertyCityState "PropertyCityState" true true false 50 Text 0 0 ,First,#,C:\County_05_22_2013\New File Geodatabase.gdb\parcels,PropertyCityState,-1,-1;PropertyZip "PropertyZip" true true false 10 Text 0 0 ,First,#,C:\County_05_22_2013\New File Geodatabase.gdb\parcels,PropertyZip,-1,-1;LegalDesc1 "LegalDesc1" true true false 60 Text 0 0 ,First,#,C:\County_05_22_2013\New File Geodatabase.gdb\parcels,LegalDesc1,-1,-1;LegalDesc2 "LegalDesc2" true true false 60 Text 0 0 ,First,#,C:\County_05_22_2013\New File Geodatabase.gdb\parcels,LegalDesc2,-1,-1;LegalDesc3 "LegalDesc3" true true false 60 Text 0 0 ,First,#,C:\County_05_22_2013\New File Geodatabase.gdb\parcels,LegalDesc3,-1,-1;FairMarketBuilding "FairMarketBuilding" true true false 8 Double 0 0 ,First,#,C:\County_05_22_2013\New File Geodatabase.gdb\parcels,FairMarketBuilding,-1,-1;FairMarketLand "FairMarketLand" true true false 8 Double 0 0 ,First,#,C:\County_05_22_2013\New File Geodatabase.gdb\parcels,FairMarketLand,-1,-1;FairMarketTotal "FairMarketTotal" true true false 8 Double 0 0 ,First,#,C:\County_05_22_2013\New File Geodatabase.gdb\parcels,FairMarketTotal,-1,-1;CountyLand "CountyLand" true true false 8 Double 0 0 ,First,#,C:\County_05_22_2013\New File Geodatabase.gdb\parcels,CountyLand,-1,-1;CountyBuilding "CountyBuilding" true true false 8 Double 0 0 ,First,#,C:\County_05_22_2013\New File Geodatabase.gdb\parcels,CountyBuilding,-1,-1;ExemptAmount "ExemptAmount" true true false 8 Double 0 0 ,First,#,C:\County_05_22_2013\New File Geodatabase.gdb\parcels,ExemptAmount,-1,-1;PriorMarketValue "PriorMarketValue" true true false 8 Double 0 0 ,First,#,C:\County_05_22_2013\New File Geodatabase.gdb\parcels,PriorMarketValue,-1,-1;MunDesc "MunDesc" true true false 50 Text 0 0 ,First,#,C:\County_05_22_2013\New File Geodatabase.gdb\parcels,MunDesc,-1,-1;SchoolCode "SchoolCode" true true false 5 Text 0 0 ,First,#,C:\County_05_22_2013\New File Geodatabase.gdb\parcels,SchoolCode,-1,-1;SchoolDesc "SchoolDesc" true true false 50 Text 0 0 ,First,#,C:\County_05_22_2013\New File Geodatabase.gdb\parcels,SchoolDesc,-1,-1;NeighCode "NeighCode" true true false 8 Text 0 0 ,First,#,C:\County_05_22_2013\New File Geodatabase.gdb\parcels,NeighCode,-1,-1;TaxCode "TaxCode" true true false 1 Text 0 0 ,First,#,C:\County_05_22_2013\New File Geodatabase.gdb\parcels,TaxCode,-1,-1;TaxDesc "TaxDesc" true true false 50 Text 0 0 ,First,#,C:\County_05_22_2013\New File Geodatabase.gdb\parcels,TaxDesc,-1,-1;OwnerCode "OwnerCode" true true false 3 Text 0 0 ,First,#,C:\County_05_22_2013\New File Geodatabase.gdb\parcels,OwnerCode,-1,-1;OwnerDesc "OwnerDesc" true true false 50 Text 0 0 ,First,#,C:\County_05_22_2013\New File Geodatabase.gdb\parcels,OwnerDesc,-1,-1;StateCode "StateCode" true true false 2 Text 0 0 ,First,#,C:\County_05_22_2013\New File Geodatabase.gdb\parcels,StateCode,-1,-1;StateDesc "StateDesc" true true false 50 Text 0 0 ,First,#,C:\County_05_22_2013\New File Geodatabase.gdb\parcels,StateDesc,-1,-1;UseCode "UseCode" true true false 4 Text 0 0 ,First,#,C:\County_05_22_2013\New File Geodatabase.gdb\parcels,UseCode,-1,-1;UseDesc "UseDesc" true true false 50 Text 0 0 ,First,#,C:\County_05_22_2013\New File Geodatabase.gdb\parcels,UseDesc,-1,-1;ChangeNoticeFullAddress1 "ChangeNoticeFullAddress1" true true false 80 Text 0 0 ,First,#,C:\County_05_22_2013\New File Geodatabase.gdb\parcels,ChangeNoticeFullAddress1,-1,-1;ChangeNoticeFullAddress2 "ChangeNoticeFullAddress2" true true false 80 Text 0 0 ,First,#,C:\County_05_22_2013\New File Geodatabase.gdb\parcels,ChangeNoticeFullAddress2,-1,-1;ChangeNoticeFullAddress3 "ChangeNoticeFullAddress3" true true false 80 Text 0 0 ,First,#,C:\County_05_22_2013\New File Geodatabase.gdb\parcels,ChangeNoticeFullAddress3,-1,-1;ChangeNoticeFullAddress4 "ChangeNoticeFullAddress4" true true false 80 Text 0 0 ,First,#,C:\County_05_22_2013\New File Geodatabase.gdb\parcels,ChangeNoticeFullAddress4,-1,-1;AgentName "AgentName" true true false 80 Text 0 0 ,First,#,C:\County_05_22_2013\New File Geodatabase.gdb\parcels,AgentName,-1,-1;ServiceCode "ServiceCode" true true false 20 Text 0 0 ,First,#,C:\County_05_22_2013\New File Geodatabase.gdb\parcels,ServiceCode,-1,-1;TaxBillFullAddress1 "TaxBillFullAddress1" true true false 80 Text 0 0 ,First,#,C:\County_05_22_2013\New File Geodatabase.gdb\parcels,TaxBillFullAddress1,-1,-1;TaxBillFullAddress2 "TaxBillFullAddress2" true true false 80 Text 0 0 ,First,#,C:\County_05_22_2013\New File Geodatabase.gdb\parcels,TaxBillFullAddress2,-1,-1;TaxBillFullAddress3 "TaxBillFullAddress3" true true false 80 Text 0 0 ,First,#,C:\County_05_22_2013\New File Geodatabase.gdb\parcels,TaxBillFullAddress3,-1,-1;TaxBillFullAddress4 "TaxBillFullAddress4" true true false 80 Text 0 0 ,First,#,C:\County_05_22_2013\New File Geodatabase.gdb\parcels,TaxBillFullAddress4,-1,-1;SaleDate "SaleDate" true true false 8 Date 0 0 ,First,#,C:\County_05_22_2013\New File Geodatabase.gdb\parcels,SaleDate,-1,-1;SalePrice "SalePrice" true true false 8 Double 0 0 ,First,#,C:\County_05_22_2013\New File Geodatabase.gdb\parcels,SalePrice,-1,-1;DeedBook "DeedBook" true true false 8 Text 0 0 ,First,#,C:\County_05_22_2013\New File Geodatabase.gdb\parcels,DeedBook,-1,-1;DeedPage "DeedPage" true true false 8 Text 0 0 ,First,#,C:\County_05_22_2013\New File Geodatabase.gdb\parcels,DeedPage,-1,-1;SaleCode "SaleCode" true true false 2 Text 0 0 ,First,#,C:\County_05_22_2013\New File Geodatabase.gdb\parcels,SaleCode,-1,-1;SaleDesc "SaleDesc" true true false 50 Text 0 0 ,First,#,C:\County_05_22_2013\New File Geodatabase.gdb\parcels,SaleDesc,-1,-1;HomesteadFlag "HomesteadFlag" true true false 6 Text 0 0 ,First,#,C:\County_05_22_2013\New File Geodatabase.gdb\parcels,HomesteadFlag,-1,-1;FarmsteadFlag "FarmsteadFlag" true true false 6 Text 0 0 ,First,#,C:\County_05_22_2013\New File Geodatabase.gdb\parcels,FarmsteadFlag,-1,-1;MultipleAbatementFlag "MultipleAbatementFlag" true true false 1 Text 0 0 ,First,#,C:\County_05_22_2013\New File Geodatabase.gdb\parcels,MultipleAbatementFlag,-1,-1;Act77Indicator "Act77Indicator" true true false 1 Text 0 0 ,First,#,C:\County_05_22_2013\New File Geodatabase.gdb\parcels,Act77Indicator,-1,-1;LocalExempt "LocalExempt" true true false 8 Double 0 0 ,First,#,C:\County_05_22_2013\New File Geodatabase.gdb\parcels,LocalExempt,-1,-1;LandType "LandType" true true false 1 Text 0 0 ,First,#,C:\County_05_22_2013\New File Geodatabase.gdb\parcels,LandType,-1,-1;LotArea "LotArea" true true false 8 Double 0 0 ,First,#,C:\County_05_22_2013\New File Geodatabase.gdb\parcels,LotArea,-1,-1;Shape_Length "Shape_Length" false true true 8 Double 0 0 ,First,#,C:\County_05_22_2013\New File Geodatabase.gdb\parcels,Shape_Length,-1,-1;Shape_Area "Shape_Area" false true true 8 Double 0 0 ,First,#,C:\County_05_22_2013\New File Geodatabase.gdb\parcels,Shape_Area,-1,-1;Government "Government" true true false 50 Text 0 0 ,First,#,C:\County_05_22_2013\New File Geodatabase.gdb\parcels,Government,-1,-1" #</Process><Process ToolSource="C:\Program Files\ArcGIS\Desktop10.0\ArcToolbox\Toolboxes\Data Management Tools.tbx\CalculateField" Date="20130522" Time="123939">CalculateField Parcels Government "Parking Authority" VB #</Process><Process ToolSource="C:\Program Files\ArcGIS\Desktop10.0\ArcToolbox\Toolboxes\Data Management Tools.tbx\CalculateField" Date="20130522" Time="124831">CalculateField Parcels Government "Housing Authority" VB #</Process><Process ToolSource="C:\Program Files\ArcGIS\Desktop10.0\ArcToolbox\Toolboxes\Data Management Tools.tbx\CalculateField" Date="20130522" Time="125244">CalculateField Parcels Government "HUD" VB #</Process><Process ToolSource="C:\Program Files\ArcGIS\Desktop10.0\ArcToolbox\Toolboxes\Data Management Tools.tbx\CalculateField" Date="20130522" Time="125948">CalculateField Parcels Government "URA" VB #</Process><Process ToolSource="C:\Program Files\ArcGIS\Desktop10.0\ArcToolbox\Toolboxes\Data Management Tools.tbx\CalculateField" Date="20130522" Time="140808">CalculateField Parcels Government "School" VB #</Process><Process ToolSource="C:\Program Files\ArcGIS\Desktop10.0\ArcToolbox\Toolboxes\Data Management Tools.tbx\CalculateField" Date="20130522" Time="151013">CalculateField Parcels Government "Port Authority" VB #</Process><Process ToolSource="C:\Program Files\ArcGIS\Desktop10.0\ArcToolbox\Toolboxes\Data Management Tools.tbx\CalculateField" Date="20130522" Time="153357">CalculateField Parcels Government "City of Pittsburgh" VB #</Process><Process ToolSource="C:\Program Files\ArcGIS\Desktop10.0\ArcToolbox\Toolboxes\Data Management Tools.tbx\CalculateField" Date="20130522" Time="154611">CalculateField Parcels Government "City of Pittsburgh" VB #</Process><Process ToolSource="C:\Program Files\ArcGIS\Desktop10.0\ArcToolbox\Toolboxes\Data Management Tools.tbx\CalculateField" Date="20130522" Time="155041">CalculateField Parcels Government "City of Pittsburgh" VB #</Process><Process ToolSource="C:\Program Files\ArcGIS\Desktop10.0\ArcToolbox\Toolboxes\Data Management Tools.tbx\CalculateField" Date="20130523" Time="092653">CalculateField Parcels Government "County" VB #</Process><Process ToolSource="C:\Program Files\ArcGIS\Desktop10.0\ArcToolbox\Toolboxes\Conversion Tools.tbx\FeatureClassToFeatureClass" Date="20130531" Time="155905">FeatureClassToFeatureClass C:\County_05_22_2013\County.mdb\Parcels "V:\GIS-ADMIN\Current Data\Current_Data.gdb" Parcels_05_22_2013 # "PIN "PIN" true true false 20 Text 0 0 ,First,#,C:\County_05_22_2013\County.mdb\Parcels,PIN,-1,-1;MAPBLOCKLOT "MAPBLOCKLOT" true true false 20 Text 0 0 ,First,#,C:\County_05_22_2013\County.mdb\Parcels,MAPBLOCKLOT,-1,-1;MUNICODE "MUNICODE" true true false 8 Double 0 0 ,First,#,C:\County_05_22_2013\County.mdb\Parcels,MUNICODE,-1,-1;CALCACREAGE "CALCACREAGE" true true false 8 Double 0 0 ,First,#,C:\County_05_22_2013\County.mdb\Parcels,CALCACREAGE,-1,-1;NOTES "NOTES" true true false 50 Text 0 0 ,First,#,C:\County_05_22_2013\County.mdb\Parcels,NOTES,-1,-1;PSEUDONO "PSEUDONO" true true false 20 Text 0 0 ,First,#,C:\County_05_22_2013\County.mdb\Parcels,PSEUDONO,-1,-1;PropertyOwner "PropertyOwner" true true false 2147483647 Text 0 0 ,First,#,C:\County_05_22_2013\County.mdb\Parcels,PropertyOwner,-1,-1;PropertyAddNumPrefix "PropertyAddNumPrefix" true true false 2 Text 0 0 ,First,#,C:\County_05_22_2013\County.mdb\Parcels,PropertyAddNumPrefix,-1,-1;PropertyHouseNum "PropertyHouseNum" true true false 10 Text 0 0 ,First,#,C:\County_05_22_2013\County.mdb\Parcels,PropertyHouseNum,-1,-1;PropertyAddress "PropertyAddress" true true false 80 Text 0 0 ,First,#,C:\County_05_22_2013\County.mdb\Parcels,PropertyAddress,-1,-1;PropertyUnit "PropertyUnit" true true false 50 Text 0 0 ,First,#,C:\County_05_22_2013\County.mdb\Parcels,PropertyUnit,-1,-1;PropertyLocation2 "PropertyLocation2" true true false 40 Text 0 0 ,First,#,C:\County_05_22_2013\County.mdb\Parcels,PropertyLocation2,-1,-1;PropertyCityState "PropertyCityState" true true false 50 Text 0 0 ,First,#,C:\County_05_22_2013\County.mdb\Parcels,PropertyCityState,-1,-1;PropertyZip "PropertyZip" true true false 10 Text 0 0 ,First,#,C:\County_05_22_2013\County.mdb\Parcels,PropertyZip,-1,-1;LegalDesc1 "LegalDesc1" true true false 60 Text 0 0 ,First,#,C:\County_05_22_2013\County.mdb\Parcels,LegalDesc1,-1,-1;LegalDesc2 "LegalDesc2" true true false 60 Text 0 0 ,First,#,C:\County_05_22_2013\County.mdb\Parcels,LegalDesc2,-1,-1;LegalDesc3 "LegalDesc3" true true false 60 Text 0 0 ,First,#,C:\County_05_22_2013\County.mdb\Parcels,LegalDesc3,-1,-1;FairMarketBuilding "FairMarketBuilding" true true false 8 Double 0 0 ,First,#,C:\County_05_22_2013\County.mdb\Parcels,FairMarketBuilding,-1,-1;FairMarketLand "FairMarketLand" true true false 8 Double 0 0 ,First,#,C:\County_05_22_2013\County.mdb\Parcels,FairMarketLand,-1,-1;FairMarketTotal "FairMarketTotal" true true false 8 Double 0 0 ,First,#,C:\County_05_22_2013\County.mdb\Parcels,FairMarketTotal,-1,-1;CountyLand "CountyLand" true true false 8 Double 0 0 ,First,#,C:\County_05_22_2013\County.mdb\Parcels,CountyLand,-1,-1;CountyBuilding "CountyBuilding" true true false 8 Double 0 0 ,First,#,C:\County_05_22_2013\County.mdb\Parcels,CountyBuilding,-1,-1;ExemptAmount "ExemptAmount" true true false 8 Double 0 0 ,First,#,C:\County_05_22_2013\County.mdb\Parcels,ExemptAmount,-1,-1;PriorMarketValue "PriorMarketValue" true true false 8 Double 0 0 ,First,#,C:\County_05_22_2013\County.mdb\Parcels,PriorMarketValue,-1,-1;MunDesc "MunDesc" true true false 50 Text 0 0 ,First,#,C:\County_05_22_2013\County.mdb\Parcels,MunDesc,-1,-1;SchoolCode "SchoolCode" true true false 5 Text 0 0 ,First,#,C:\County_05_22_2013\County.mdb\Parcels,SchoolCode,-1,-1;SchoolDesc "SchoolDesc" true true false 50 Text 0 0 ,First,#,C:\County_05_22_2013\County.mdb\Parcels,SchoolDesc,-1,-1;NeighCode "NeighCode" true true false 8 Text 0 0 ,First,#,C:\County_05_22_2013\County.mdb\Parcels,NeighCode,-1,-1;TaxCode "TaxCode" true true false 1 Text 0 0 ,First,#,C:\County_05_22_2013\County.mdb\Parcels,TaxCode,-1,-1;TaxDesc "TaxDesc" true true false 50 Text 0 0 ,First,#,C:\County_05_22_2013\County.mdb\Parcels,TaxDesc,-1,-1;OwnerCode "OwnerCode" true true false 3 Text 0 0 ,First,#,C:\County_05_22_2013\County.mdb\Parcels,OwnerCode,-1,-1;OwnerDesc "OwnerDesc" true true false 50 Text 0 0 ,First,#,C:\County_05_22_2013\County.mdb\Parcels,OwnerDesc,-1,-1;StateCode "StateCode" true true false 2 Text 0 0 ,First,#,C:\County_05_22_2013\County.mdb\Parcels,StateCode,-1,-1;StateDesc "StateDesc" true true false 50 Text 0 0 ,First,#,C:\County_05_22_2013\County.mdb\Parcels,StateDesc,-1,-1;UseCode "UseCode" true true false 4 Text 0 0 ,First,#,C:\County_05_22_2013\County.mdb\Parcels,UseCode,-1,-1;UseDesc "UseDesc" true true false 50 Text 0 0 ,First,#,C:\County_05_22_2013\County.mdb\Parcels,UseDesc,-1,-1;ChangeNoticeFullAddress1 "ChangeNoticeFullAddress1" true true false 80 Text 0 0 ,First,#,C:\County_05_22_2013\County.mdb\Parcels,ChangeNoticeFullAddress1,-1,-1;ChangeNoticeFullAddress2 "ChangeNoticeFullAddress2" true true false 80 Text 0 0 ,First,#,C:\County_05_22_2013\County.mdb\Parcels,ChangeNoticeFullAddress2,-1,-1;ChangeNoticeFullAddress3 "ChangeNoticeFullAddress3" true true false 80 Text 0 0 ,First,#,C:\County_05_22_2013\County.mdb\Parcels,ChangeNoticeFullAddress3,-1,-1;ChangeNoticeFullAddress4 "ChangeNoticeFullAddress4" true true false 80 Text 0 0 ,First,#,C:\County_05_22_2013\County.mdb\Parcels,ChangeNoticeFullAddress4,-1,-1;AgentName "AgentName" true true false 80 Text 0 0 ,First,#,C:\County_05_22_2013\County.mdb\Parcels,AgentName,-1,-1;ServiceCode "ServiceCode" true true false 20 Text 0 0 ,First,#,C:\County_05_22_2013\County.mdb\Parcels,ServiceCode,-1,-1;TaxBillFullAddress1 "TaxBillFullAddress1" true true false 80 Text 0 0 ,First,#,C:\County_05_22_2013\County.mdb\Parcels,TaxBillFullAddress1,-1,-1;TaxBillFullAddress2 "TaxBillFullAddress2" true true false 80 Text 0 0 ,First,#,C:\County_05_22_2013\County.mdb\Parcels,TaxBillFullAddress2,-1,-1;TaxBillFullAddress3 "TaxBillFullAddress3" true true false 80 Text 0 0 ,First,#,C:\County_05_22_2013\County.mdb\Parcels,TaxBillFullAddress3,-1,-1;TaxBillFullAddress4 "TaxBillFullAddress4" true true false 80 Text 0 0 ,First,#,C:\County_05_22_2013\County.mdb\Parcels,TaxBillFullAddress4,-1,-1;SaleDate "SaleDate" true true false 8 Date 0 0 ,First,#,C:\County_05_22_2013\County.mdb\Parcels,SaleDate,-1,-1;SalePrice "SalePrice" true true false 8 Double 0 0 ,First,#,C:\County_05_22_2013\County.mdb\Parcels,SalePrice,-1,-1;DeedBook "DeedBook" true true false 8 Text 0 0 ,First,#,C:\County_05_22_2013\County.mdb\Parcels,DeedBook,-1,-1;DeedPage "DeedPage" true true false 8 Text 0 0 ,First,#,C:\County_05_22_2013\County.mdb\Parcels,DeedPage,-1,-1;SaleCode "SaleCode" true true false 2 Text 0 0 ,First,#,C:\County_05_22_2013\County.mdb\Parcels,SaleCode,-1,-1;SaleDesc "SaleDesc" true true false 50 Text 0 0 ,First,#,C:\County_05_22_2013\County.mdb\Parcels,SaleDesc,-1,-1;HomesteadFlag "HomesteadFlag" true true false 6 Text 0 0 ,First,#,C:\County_05_22_2013\County.mdb\Parcels,HomesteadFlag,-1,-1;FarmsteadFlag "FarmsteadFlag" true true false 6 Text 0 0 ,First,#,C:\County_05_22_2013\County.mdb\Parcels,FarmsteadFlag,-1,-1;MultipleAbatementFlag "MultipleAbatementFlag" true true false 1 Text 0 0 ,First,#,C:\County_05_22_2013\County.mdb\Parcels,MultipleAbatementFlag,-1,-1;Act77Indicator "Act77Indicator" true true false 1 Text 0 0 ,First,#,C:\County_05_22_2013\County.mdb\Parcels,Act77Indicator,-1,-1;LocalExempt "LocalExempt" true true false 8 Double 0 0 ,First,#,C:\County_05_22_2013\County.mdb\Parcels,LocalExempt,-1,-1;LandType "LandType" true true false 1 Text 0 0 ,First,#,C:\County_05_22_2013\County.mdb\Parcels,LandType,-1,-1;LotArea "LotArea" true true false 8 Double 0 0 ,First,#,C:\County_05_22_2013\County.mdb\Parcels,LotArea,-1,-1;Government "Government" true true false 50 Text 0 0 ,First,#,C:\County_05_22_2013\County.mdb\Parcels,Government,-1,-1;Shape_Length "Shape_Length" false true true 8 Double 0 0 ,First,#,C:\County_05_22_2013\County.mdb\Parcels,Shape_Length,-1,-1;Shape_Area "Shape_Area" false true true 8 Double 0 0 ,First,#,C:\County_05_22_2013\County.mdb\Parcels,Shape_Area,-1,-1" #</Process></lineage></DataProperties><ArcGISFormat>1.0</ArcGISFormat></Esri><idinfo><native Sync="TRUE">Microsoft Windows Vista Version 6.1 (Build 7601) Service Pack 1; ESRI ArcCatalog 9.3.1.4000</native><descript><langdata Sync="TRUE">en</langdata><abstract>REQUIRED: A brief narrative summary of the data set.</abstract><purpose>REQUIRED: A summary of the intentions with which the data set was developed.</purpose></descript><citation><citeinfo><origin>REQUIRED: The name of an organization or individual that developed the data set.</origin><pubdate>REQUIRED: The date when the data set is published or otherwise made available for release.</pubdate><title Sync="TRUE">ALCO_PUB.DBO.SVW_PARCELS_GENERALINFO</title><ftname Sync="TRUE">ALCO_PUB.DBO.SVW_PARCELS_GENERALINFO</ftname><geoform Sync="TRUE">vector digital data</geoform><onlink Sync="TRUE">\\DCSCOB0315AD004\C$\Temp\CityOfPgh\New File Geodatabase.gdb</onlink></citeinfo></citation><timeperd><current>REQUIRED: The basis on which the time period of content information is determined.</current><timeinfo><sngdate><caldate>REQUIRED: The year (and optionally month, or month and day) for which the data set corresponds to the ground.</caldate></sngdate></timeinfo></timeperd><status><progress>REQUIRED: The state of the data set.</progress><update>REQUIRED: The frequency with which changes and additions are made to the data set after the initial data set is completed.</update></status><spdom><bounding><westbc Sync="TRUE">-80.373915</westbc><eastbc Sync="TRUE">-79.677845</eastbc><northbc Sync="TRUE">40.683816</northbc><southbc Sync="TRUE">40.185656</southbc></bounding><lboundng><leftbc Sync="TRUE">1240746.608743</leftbc><rightbc Sync="TRUE">1430019.602274</rightbc><bottombc Sync="TRUE">321223.926011</bottombc><topbc Sync="TRUE">497888.999095</topbc></lboundng></spdom><keywords><theme><themekt>REQUIRED: Reference to a formally registered thesaurus or a similar authoritative source of theme keywords.</themekt><themekey>REQUIRED: Common-use word or phrase used to describe the subject of the data set.</themekey></theme></keywords><accconst>REQUIRED: Restrictions and legal prerequisites for accessing the data set.</accconst><useconst>REQUIRED: Restrictions and legal prerequisites for using the data set after access is granted.</useconst><natvform Sync="TRUE">SDE Feature Class</natvform></idinfo><dataIdInfo><envirDesc Sync="TRUE">Microsoft Windows XP Version 5.1 (Build 2600) Service Pack 3; ESRI ArcGIS 10.0.3.3600</envirDesc><dataLang><languageCode Sync="TRUE" value="en"></languageCode><countryCode value="US" Sync="TRUE"></countryCode></dataLang><idCitation><resTitle Sync="TRUE">Parcels_05_22_2013</resTitle><presForm><PresFormCd Sync="TRUE" value="005"></PresFormCd></presForm></idCitation><spatRpType><SpatRepTypCd Sync="TRUE" value="001"></SpatRepTypCd></spatRpType><dataExt><geoEle><GeoBndBox esriExtentType="native"><westBL Sync="TRUE">1240746.608743</westBL><eastBL Sync="TRUE">1430019.602274</eastBL><northBL Sync="TRUE">497888.999095</northBL><southBL Sync="TRUE">321223.926011</southBL><exTypeCode Sync="TRUE">1</exTypeCode></GeoBndBox></geoEle></dataExt><geoBox esriExtentType="decdegrees"><westBL Sync="TRUE">-80.373915</westBL><eastBL Sync="TRUE">-79.677845</eastBL><northBL Sync="TRUE">40.683816</northBL><southBL Sync="TRUE">40.185656</southBL><exTypeCode Sync="TRUE">1</exTypeCode></geoBox></dataIdInfo><metainfo><langmeta Sync="TRUE">en</langmeta><metstdn Sync="TRUE">FGDC Content Standards for Digital Geospatial Metadata</metstdn><metstdv Sync="TRUE">FGDC-STD-001-1998</metstdv><mettc Sync="TRUE">local time</mettc><metc><cntinfo><cntorgp><cntper>REQUIRED: The person responsible for the metadata information.</cntper><cntorg>REQUIRED: The organization responsible for the metadata information.</cntorg></cntorgp><cntaddr><addrtype>REQUIRED: The mailing and/or physical address for the organization or individual.</addrtype><city>REQUIRED: The city of the address.</city><state>REQUIRED: The state or province of the address.</state><postal>REQUIRED: The ZIP or other postal code of the address.</postal></cntaddr><cntvoice>REQUIRED: The telephone number by which individuals can speak to the organization or individual.</cntvoice></cntinfo></metc><metd Sync="TRUE">20130204</metd></metainfo><mdLang><languageCode Sync="TRUE" value="en"></languageCode><countryCode value="US" Sync="TRUE"></countryCode></mdLang><mdStanName Sync="TRUE">ISO 19115 Geographic Information - Metadata</mdStanName><mdStanVer Sync="TRUE">DIS_ESRI1.0</mdStanVer><mdChar><CharSetCd Sync="TRUE" value="004"></CharSetCd></mdChar><mdHrLv><ScopeCd Sync="TRUE" value="005"></ScopeCd></mdHrLv><mdHrLvName Sync="TRUE">dataset</mdHrLvName><distinfo><resdesc Sync="TRUE">Downloadable Data</resdesc></distinfo><distInfo><distributor><distorTran><onLineSrc><orDesc Sync="TRUE">002</orDesc><linkage Sync="TRUE">file://\\DCSCOB0315AD004\C$\Temp\CityOfPgh\New File Geodatabase.gdb</linkage><protocol Sync="TRUE">Local Area Network</protocol></onLineSrc></distorTran><distorFormat><formatName Sync="TRUE">SDE Feature Class</formatName></distorFormat></distributor><distFormat><formatName Sync="TRUE">File Geodatabase Feature Class</formatName></distFormat></distInfo><spdoinfo><direct Sync="TRUE">Vector</direct><ptvctinf><esriterm><efeatyp Sync="TRUE">Simple</efeatyp><efeageom code="4" Sync="TRUE"></efeageom><esritopo Sync="TRUE">FALSE</esritopo><efeacnt Sync="TRUE">0</efeacnt><spindex Sync="TRUE">TRUE</spindex><linrefer Sync="TRUE">FALSE</linrefer></esriterm></ptvctinf></spdoinfo><spref><horizsys><cordsysn><geogcsn Sync="TRUE">GCS_North_American_1983</geogcsn><projcsn Sync="TRUE">NAD_1983_StatePlane_Pennsylvania_South_FIPS_3702_Feet</projcsn></cordsysn><planar><planci><plance Sync="TRUE">coordinate pair</plance><plandu Sync="TRUE">survey feet</plandu><coordrep><absres Sync="TRUE">0.000041</absres><ordres Sync="TRUE">0.000041</ordres></coordrep></planci></planar><geodetic><horizdn Sync="TRUE">North American Datum of 1983</horizdn><ellips Sync="TRUE">Geodetic Reference System 80</ellips><semiaxis Sync="TRUE">6378137.000000</semiaxis><denflat Sync="TRUE">298.257222</denflat></geodetic></horizsys><vertdef><altsys><altenc Sync="TRUE">Explicit elevation coordinate included with horizontal coordinates</altenc><altres Sync="TRUE">1.000000</altres></altsys></vertdef></spref><refSysInfo><RefSystem><refSysID><identCode Sync="TRUE" value="2272">NAD_1983_StatePlane_Pennsylvania_South_FIPS_3702_Feet</identCode><idCodeSpace Sync="TRUE">EPSG</idCodeSpace><idVersion Sync="TRUE">7.4.1</idVersion></refSysID></RefSystem></refSysInfo><spatRepInfo><VectSpatRep><geometObjs Name="Parcels_05_22_2013"><geoObjTyp><GeoObjTypCd value="002" Sync="TRUE"></GeoObjTypCd></geoObjTyp><geoObjCnt Sync="TRUE">0</geoObjCnt></geometObjs><topLvl><TopoLevCd value="001" Sync="TRUE"></TopoLevCd></topLvl></VectSpatRep></spatRepInfo><eainfo><detailed Name="Parcels_05_22_2013"><enttyp><enttypl Sync="TRUE">Parcels_05_22_2013</enttypl><enttypt Sync="TRUE">Feature Class</enttypt><enttypc Sync="TRUE">0</enttypc></enttyp><attr><attrlabl Sync="TRUE">OBJECTID</attrlabl><attalias Sync="TRUE">OBJECTID</attalias><attrtype Sync="TRUE">OID</attrtype><attwidth Sync="TRUE">4</attwidth><atprecis Sync="TRUE">0</atprecis><attscale Sync="TRUE">0</attscale><attrdef Sync="TRUE">Internal feature number.</attrdef><attrdefs Sync="TRUE">ESRI</attrdefs><attrdomv><udom Sync="TRUE">Sequential unique whole numbers that are automatically generated.</udom></attrdomv></attr><attr><attrlabl Sync="TRUE">PIN</attrlabl><attalias Sync="TRUE">PIN</attalias><attrtype Sync="TRUE">String</attrtype><attwidth Sync="TRUE">20</attwidth><atprecis Sync="TRUE">0</atprecis><attscale Sync="TRUE">0</attscale></attr><attr><attrlabl Sync="TRUE">MAPBLOCKLOT</attrlabl><attalias Sync="TRUE">MAPBLOCKLOT</attalias><attrtype Sync="TRUE">String</attrtype><attwidth Sync="TRUE">20</attwidth><atprecis Sync="TRUE">0</atprecis><attscale Sync="TRUE">0</attscale></attr><attr><attrlabl Sync="TRUE">MUNICODE</attrlabl><attalias Sync="TRUE">MUNICODE</attalias><attrtype Sync="TRUE">Double</attrtype><attwidth Sync="TRUE">8</attwidth><atprecis Sync="TRUE">0</atprecis><attscale Sync="TRUE">0</attscale></attr><attr><attrlabl Sync="TRUE">CALCACREAGE</attrlabl><attalias Sync="TRUE">CALCACREAGE</attalias><attrtype Sync="TRUE">Double</attrtype><attwidth Sync="TRUE">8</attwidth><atprecis Sync="TRUE">0</atprecis><attscale Sync="TRUE">0</attscale></attr><attr><attrlabl Sync="TRUE">NOTES</attrlabl><attalias Sync="TRUE">NOTES</attalias><attrtype Sync="TRUE">String</attrtype><attwidth Sync="TRUE">50</attwidth><atprecis Sync="TRUE">0</atprecis><attscale Sync="TRUE">0</attscale></attr><attr><attrlabl Sync="TRUE">PSEUDONO</attrlabl><attalias Sync="TRUE">PSEUDONO</attalias><attrtype Sync="TRUE">String</attrtype><attwidth Sync="TRUE">20</attwidth><atprecis Sync="TRUE">0</atprecis><attscale Sync="TRUE">0</attscale></attr><attr><attrlabl Sync="TRUE">PropertyOwner</attrlabl><attalias Sync="TRUE">PropertyOwner</attalias><attrtype Sync="TRUE">String</attrtype><attwidth Sync="TRUE">2147483647</attwidth><atprecis Sync="TRUE">0</atprecis><attscale Sync="TRUE">0</attscale></attr><attr><attrlabl Sync="TRUE">PropertyAddNumPrefix</attrlabl><attalias Sync="TRUE">PropertyAddNumPrefix</attalias><attrtype Sync="TRUE">String</attrtype><attwidth Sync="TRUE">2</attwidth><atprecis Sync="TRUE">0</atprecis><attscale Sync="TRUE">0</attscale></attr><attr><attrlabl Sync="TRUE">PropertyHouseNum</attrlabl><attalias Sync="TRUE">PropertyHouseNum</attalias><attrtype Sync="TRUE">String</attrtype><attwidth Sync="TRUE">10</attwidth><atprecis Sync="TRUE">0</atprecis><attscale Sync="TRUE">0</attscale></attr><attr><attrlabl Sync="TRUE">PropertyAddress</attrlabl><attalias Sync="TRUE">PropertyAddress</attalias><attrtype Sync="TRUE">String</attrtype><attwidth Sync="TRUE">80</attwidth><atprecis Sync="TRUE">0</atprecis><attscale Sync="TRUE">0</attscale></attr><attr><attrlabl Sync="TRUE">PropertyUnit</attrlabl><attalias Sync="TRUE">PropertyUnit</attalias><attrtype Sync="TRUE">String</attrtype><attwidth Sync="TRUE">50</attwidth><atprecis Sync="TRUE">0</atprecis><attscale Sync="TRUE">0</attscale></attr><attr><attrlabl Sync="TRUE">PropertyLocation2</attrlabl><attalias Sync="TRUE">PropertyLocation2</attalias><attrtype Sync="TRUE">String</attrtype><attwidth Sync="TRUE">40</attwidth><atprecis Sync="TRUE">0</atprecis><attscale Sync="TRUE">0</attscale></attr><attr><attrlabl Sync="TRUE">PropertyCityState</attrlabl><attalias Sync="TRUE">PropertyCityState</attalias><attrtype Sync="TRUE">String</attrtype><attwidth Sync="TRUE">50</attwidth><atprecis Sync="TRUE">0</atprecis><attscale Sync="TRUE">0</attscale></attr><attr><attrlabl Sync="TRUE">PropertyZip</attrlabl><attalias Sync="TRUE">PropertyZip</attalias><attrtype Sync="TRUE">String</attrtype><attwidth Sync="TRUE">10</attwidth><atprecis Sync="TRUE">0</atprecis><attscale Sync="TRUE">0</attscale></attr><attr><attrlabl Sync="TRUE">LegalDesc1</attrlabl><attalias Sync="TRUE">LegalDesc1</attalias><attrtype Sync="TRUE">String</attrtype><attwidth Sync="TRUE">60</attwidth><atprecis Sync="TRUE">0</atprecis><attscale Sync="TRUE">0</attscale></attr><attr><attrlabl Sync="TRUE">LegalDesc2</attrlabl><attalias Sync="TRUE">LegalDesc2</attalias><attrtype Sync="TRUE">String</attrtype><attwidth Sync="TRUE">60</attwidth><atprecis Sync="TRUE">0</atprecis><attscale Sync="TRUE">0</attscale></attr><attr><attrlabl Sync="TRUE">LegalDesc3</attrlabl><attalias Sync="TRUE">LegalDesc3</attalias><attrtype Sync="TRUE">String</attrtype><attwidth Sync="TRUE">60</attwidth><atprecis Sync="TRUE">0</atprecis><attscale Sync="TRUE">0</attscale></attr><attr><attrlabl Sync="TRUE">FairMarketBuilding</attrlabl><attalias Sync="TRUE">FairMarketBuilding</attalias><attrtype Sync="TRUE">Double</attrtype><attwidth Sync="TRUE">8</attwidth><atprecis Sync="TRUE">0</atprecis><attscale Sync="TRUE">0</attscale></attr><attr><attrlabl Sync="TRUE">FairMarketLand</attrlabl><attalias Sync="TRUE">FairMarketLand</attalias><attrtype Sync="TRUE">Double</attrtype><attwidth Sync="TRUE">8</attwidth><atprecis Sync="TRUE">0</atprecis><attscale Sync="TRUE">0</attscale></attr><attr><attrlabl Sync="TRUE">FairMarketTotal</attrlabl><attalias Sync="TRUE">FairMarketTotal</attalias><attrtype Sync="TRUE">Double</attrtype><attwidth Sync="TRUE">8</attwidth><atprecis Sync="TRUE">0</atprecis><attscale Sync="TRUE">0</attscale></attr><attr><attrlabl Sync="TRUE">CountyLand</attrlabl><attalias Sync="TRUE">CountyLand</attalias><attrtype Sync="TRUE">Double</attrtype><attwidth Sync="TRUE">8</attwidth><atprecis Sync="TRUE">0</atprecis><attscale Sync="TRUE">0</attscale></attr><attr><attrlabl Sync="TRUE">CountyBuilding</attrlabl><attalias Sync="TRUE">CountyBuilding</attalias><attrtype Sync="TRUE">Double</attrtype><attwidth Sync="TRUE">8</attwidth><atprecis Sync="TRUE">0</atprecis><attscale Sync="TRUE">0</attscale></attr><attr><attrlabl Sync="TRUE">ExemptAmount</attrlabl><attalias Sync="TRUE">ExemptAmount</attalias><attrtype Sync="TRUE">Double</attrtype><attwidth Sync="TRUE">8</attwidth><atprecis Sync="TRUE">0</atprecis><attscale Sync="TRUE">0</attscale></attr><attr><attrlabl Sync="TRUE">PriorMarketValue</attrlabl><attalias Sync="TRUE">PriorMarketValue</attalias><attrtype Sync="TRUE">Double</attrtype><attwidth Sync="TRUE">8</attwidth><atprecis Sync="TRUE">0</atprecis><attscale Sync="TRUE">0</attscale></attr><attr><attrlabl Sync="TRUE">MunDesc</attrlabl><attalias Sync="TRUE">MunDesc</attalias><attrtype Sync="TRUE">String</attrtype><attwidth Sync="TRUE">50</attwidth><atprecis Sync="TRUE">0</atprecis><attscale Sync="TRUE">0</attscale></attr><attr><attrlabl Sync="TRUE">SchoolCode</attrlabl><attalias Sync="TRUE">SchoolCode</attalias><attrtype Sync="TRUE">String</attrtype><attwidth Sync="TRUE">5</attwidth><atprecis Sync="TRUE">0</atprecis><attscale Sync="TRUE">0</attscale></attr><attr><attrlabl Sync="TRUE">SchoolDesc</attrlabl><attalias Sync="TRUE">SchoolDesc</attalias><attrtype Sync="TRUE">String</attrtype><attwidth Sync="TRUE">50</attwidth><atprecis Sync="TRUE">0</atprecis><attscale Sync="TRUE">0</attscale></attr><attr><attrlabl Sync="TRUE">NeighCode</attrlabl><attalias Sync="TRUE">NeighCode</attalias><attrtype Sync="TRUE">String</attrtype><attwidth Sync="TRUE">8</attwidth><atprecis Sync="TRUE">0</atprecis><attscale Sync="TRUE">0</attscale></attr><attr><attrlabl Sync="TRUE">TaxCode</attrlabl><attalias Sync="TRUE">TaxCode</attalias><attrtype Sync="TRUE">String</attrtype><attwidth Sync="TRUE">1</attwidth><atprecis Sync="TRUE">0</atprecis><attscale Sync="TRUE">0</attscale></attr><attr><attrlabl Sync="TRUE">TaxDesc</attrlabl><attalias Sync="TRUE">TaxDesc</attalias><attrtype Sync="TRUE">String</attrtype><attwidth Sync="TRUE">50</attwidth><atprecis Sync="TRUE">0</atprecis><attscale Sync="TRUE">0</attscale></attr><attr><attrlabl Sync="TRUE">OwnerCode</attrlabl><attalias Sync="TRUE">OwnerCode</attalias><attrtype Sync="TRUE">String</attrtype><attwidth Sync="TRUE">3</attwidth><atprecis Sync="TRUE">0</atprecis><attscale Sync="TRUE">0</attscale></attr><attr><attrlabl Sync="TRUE">OwnerDesc</attrlabl><attalias Sync="TRUE">OwnerDesc</attalias><attrtype Sync="TRUE">String</attrtype><attwidth Sync="TRUE">50</attwidth><atprecis Sync="TRUE">0</atprecis><attscale Sync="TRUE">0</attscale></attr><attr><attrlabl Sync="TRUE">StateCode</attrlabl><attalias Sync="TRUE">StateCode</attalias><attrtype Sync="TRUE">String</attrtype><attwidth Sync="TRUE">2</attwidth><atprecis Sync="TRUE">0</atprecis><attscale Sync="TRUE">0</attscale></attr><attr><attrlabl Sync="TRUE">StateDesc</attrlabl><attalias Sync="TRUE">StateDesc</attalias><attrtype Sync="TRUE">String</attrtype><attwidth Sync="TRUE">50</attwidth><atprecis Sync="TRUE">0</atprecis><attscale Sync="TRUE">0</attscale></attr><attr><attrlabl Sync="TRUE">UseCode</attrlabl><attalias Sync="TRUE">UseCode</attalias><attrtype Sync="TRUE">String</attrtype><attwidth Sync="TRUE">4</attwidth><atprecis Sync="TRUE">0</atprecis><attscale Sync="TRUE">0</attscale></attr><attr><attrlabl Sync="TRUE">UseDesc</attrlabl><attalias Sync="TRUE">UseDesc</attalias><attrtype Sync="TRUE">String</attrtype><attwidth Sync="TRUE">50</attwidth><atprecis Sync="TRUE">0</atprecis><attscale Sync="TRUE">0</attscale></attr><attr><attrlabl Sync="TRUE">ChangeNoticeFullAddress1</attrlabl><attalias Sync="TRUE">ChangeNoticeFullAddress1</attalias><attrtype Sync="TRUE">String</attrtype><attwidth Sync="TRUE">80</attwidth><atprecis Sync="TRUE">0</atprecis><attscale Sync="TRUE">0</attscale></attr><attr><attrlabl Sync="TRUE">ChangeNoticeFullAddress2</attrlabl><attalias Sync="TRUE">ChangeNoticeFullAddress2</attalias><attrtype Sync="TRUE">String</attrtype><attwidth Sync="TRUE">80</attwidth><atprecis Sync="TRUE">0</atprecis><attscale Sync="TRUE">0</attscale></attr><attr><attrlabl Sync="TRUE">ChangeNoticeFullAddress3</attrlabl><attalias Sync="TRUE">ChangeNoticeFullAddress3</attalias><attrtype Sync="TRUE">String</attrtype><attwidth Sync="TRUE">80</attwidth><atprecis Sync="TRUE">0</atprecis><attscale Sync="TRUE">0</attscale></attr><attr><attrlabl Sync="TRUE">ChangeNoticeFullAddress4</attrlabl><attalias Sync="TRUE">ChangeNoticeFullAddress4</attalias><attrtype Sync="TRUE">String</attrtype><attwidth Sync="TRUE">80</attwidth><atprecis Sync="TRUE">0</atprecis><attscale Sync="TRUE">0</attscale></attr><attr><attrlabl Sync="TRUE">AgentName</attrlabl><attalias Sync="TRUE">AgentName</attalias><attrtype Sync="TRUE">String</attrtype><attwidth Sync="TRUE">80</attwidth><atprecis Sync="TRUE">0</atprecis><attscale Sync="TRUE">0</attscale></attr><attr><attrlabl Sync="TRUE">ServiceCode</attrlabl><attalias Sync="TRUE">ServiceCode</attalias><attrtype Sync="TRUE">String</attrtype><attwidth Sync="TRUE">20</attwidth><atprecis Sync="TRUE">0</atprecis><attscale Sync="TRUE">0</attscale></attr><attr><attrlabl Sync="TRUE">TaxBillFullAddress1</attrlabl><attalias Sync="TRUE">TaxBillFullAddress1</attalias><attrtype Sync="TRUE">String</attrtype><attwidth Sync="TRUE">80</attwidth><atprecis Sync="TRUE">0</atprecis><attscale Sync="TRUE">0</attscale></attr><attr><attrlabl Sync="TRUE">TaxBillFullAddress2</attrlabl><attalias Sync="TRUE">TaxBillFullAddress2</attalias><attrtype Sync="TRUE">String</attrtype><attwidth Sync="TRUE">80</attwidth><atprecis Sync="TRUE">0</atprecis><attscale Sync="TRUE">0</attscale></attr><attr><attrlabl Sync="TRUE">TaxBillFullAddress3</attrlabl><attalias Sync="TRUE">TaxBillFullAddress3</attalias><attrtype Sync="TRUE">String</attrtype><attwidth Sync="TRUE">80</attwidth><atprecis Sync="TRUE">0</atprecis><attscale Sync="TRUE">0</attscale></attr><attr><attrlabl Sync="TRUE">TaxBillFullAddress4</attrlabl><attalias Sync="TRUE">TaxBillFullAddress4</attalias><attrtype Sync="TRUE">String</attrtype><attwidth Sync="TRUE">80</attwidth><atprecis Sync="TRUE">0</atprecis><attscale Sync="TRUE">0</attscale></attr><attr><attrlabl Sync="TRUE">SaleDate</attrlabl><attalias Sync="TRUE">SaleDate</attalias><attrtype Sync="TRUE">Date</attrtype><attwidth Sync="TRUE">8</attwidth><atprecis Sync="TRUE">0</atprecis><attscale Sync="TRUE">0</attscale></attr><attr><attrlabl Sync="TRUE">SalePrice</attrlabl><attalias Sync="TRUE">SalePrice</attalias><attrtype Sync="TRUE">Double</attrtype><attwidth Sync="TRUE">8</attwidth><atprecis Sync="TRUE">0</atprecis><attscale Sync="TRUE">0</attscale></attr><attr><attrlabl Sync="TRUE">DeedBook</attrlabl><attalias Sync="TRUE">DeedBook</attalias><attrtype Sync="TRUE">String</attrtype><attwidth Sync="TRUE">8</attwidth><atprecis Sync="TRUE">0</atprecis><attscale Sync="TRUE">0</attscale></attr><attr><attrlabl Sync="TRUE">DeedPage</attrlabl><attalias Sync="TRUE">DeedPage</attalias><attrtype Sync="TRUE">String</attrtype><attwidth Sync="TRUE">8</attwidth><atprecis Sync="TRUE">0</atprecis><attscale Sync="TRUE">0</attscale></attr><attr><attrlabl Sync="TRUE">SaleCode</attrlabl><attalias Sync="TRUE">SaleCode</attalias><attrtype Sync="TRUE">String</attrtype><attwidth Sync="TRUE">2</attwidth><atprecis Sync="TRUE">0</atprecis><attscale Sync="TRUE">0</attscale></attr><attr><attrlabl Sync="TRUE">SaleDesc</attrlabl><attalias Sync="TRUE">SaleDesc</attalias><attrtype Sync="TRUE">String</attrtype><attwidth Sync="TRUE">50</attwidth><atprecis Sync="TRUE">0</atprecis><attscale Sync="TRUE">0</attscale></attr><attr><attrlabl Sync="TRUE">HomesteadFlag</attrlabl><attalias Sync="TRUE">HomesteadFlag</attalias><attrtype Sync="TRUE">String</attrtype><attwidth Sync="TRUE">6</attwidth><atprecis Sync="TRUE">0</atprecis><attscale Sync="TRUE">0</attscale></attr><attr><attrlabl Sync="TRUE">FarmsteadFlag</attrlabl><attalias Sync="TRUE">FarmsteadFlag</attalias><attrtype Sync="TRUE">String</attrtype><attwidth Sync="TRUE">6</attwidth><atprecis Sync="TRUE">0</atprecis><attscale Sync="TRUE">0</attscale></attr><attr><attrlabl Sync="TRUE">MultipleAbatementFlag</attrlabl><attalias Sync="TRUE">MultipleAbatementFlag</attalias><attrtype Sync="TRUE">String</attrtype><attwidth Sync="TRUE">1</attwidth><atprecis Sync="TRUE">0</atprecis><attscale Sync="TRUE">0</attscale></attr><attr><attrlabl Sync="TRUE">Act77Indicator</attrlabl><attalias Sync="TRUE">Act77Indicator</attalias><attrtype Sync="TRUE">String</attrtype><attwidth Sync="TRUE">1</attwidth><atprecis Sync="TRUE">0</atprecis><attscale Sync="TRUE">0</attscale></attr><attr><attrlabl Sync="TRUE">LocalExempt</attrlabl><attalias Sync="TRUE">LocalExempt</attalias><attrtype Sync="TRUE">Double</attrtype><attwidth Sync="TRUE">8</attwidth><atprecis Sync="TRUE">0</atprecis><attscale Sync="TRUE">0</attscale></attr><attr><attrlabl Sync="TRUE">LandType</attrlabl><attalias Sync="TRUE">LandType</attalias><attrtype Sync="TRUE">String</attrtype><attwidth Sync="TRUE">1</attwidth><atprecis Sync="TRUE">0</atprecis><attscale Sync="TRUE">0</attscale></attr><attr><attrlabl Sync="TRUE">LotArea</attrlabl><attalias Sync="TRUE">LotArea</attalias><attrtype Sync="TRUE">Double</attrtype><attwidth Sync="TRUE">8</attwidth><atprecis Sync="TRUE">0</atprecis><attscale Sync="TRUE">0</attscale></attr><attr><attrlabl Sync="TRUE">Shape</attrlabl><attalias Sync="TRUE">Shape</attalias><attrtype Sync="TRUE">Geometry</attrtype><attwidth Sync="TRUE">0</attwidth><atprecis Sync="TRUE">0</atprecis><attscale Sync="TRUE">0</attscale><attrdef Sync="TRUE">Feature geometry.</attrdef><attrdefs Sync="TRUE">ESRI</attrdefs><attrdomv><udom Sync="TRUE">Coordinates defining the features.</udom></attrdomv></attr><attr><attrlabl Sync="TRUE">Government</attrlabl><attalias Sync="TRUE">Government</attalias><attrtype Sync="TRUE">String</attrtype><attwidth Sync="TRUE">50</attwidth><atprecis Sync="TRUE">0</atprecis><attscale Sync="TRUE">0</attscale></attr><attr><attrlabl Sync="TRUE">Shape_Length</attrlabl><attalias Sync="TRUE">Shape_Length</attalias><attrtype Sync="TRUE">Double</attrtype><attwidth Sync="TRUE">8</attwidth><atprecis Sync="TRUE">0</atprecis><attscale Sync="TRUE">0</attscale><attrdef Sync="TRUE">Length of feature in internal units.</attrdef><attrdefs Sync="TRUE">ESRI</attrdefs><attrdomv><udom Sync="TRUE">Positive real numbers that are automatically generated.</udom></attrdomv></attr><attr><attrlabl Sync="TRUE">Shape_Area</attrlabl><attalias Sync="TRUE">Shape_Area</attalias><attrtype Sync="TRUE">Double</attrtype><attwidth Sync="TRUE">8</attwidth><atprecis Sync="TRUE">0</atprecis><attscale Sync="TRUE">0</attscale><attrdef Sync="TRUE">Area of feature in internal units squared.</attrdef><attrdefs Sync="TRUE">ESRI</attrdefs><attrdomv><udom Sync="TRUE">Positive real numbers that are automatically generated.</udom></attrdomv></attr></detailed></eainfo><mdDateSt Sync="TRUE">20130531</mdDateSt><dataqual><lineage><procstep><procdesc Sync="TRUE">Dataset copied.</procdesc><srcused Sync="TRUE">Server=sqlinst1; Service=sde:sqlserver:sqlinst1\sqlinst1; Database=ALCO_PUB; User=PUB_VIEWER; Version=dbo.DEFAULT</srcused><procdate Sync="TRUE">20130522</procdate><proctime Sync="TRUE">10264200</proctime></procstep></lineage></dataqual></metadata>
